=== paper_trader 2026-07-06 (frozen strategy v1.1) ===
[scan] reading current positions of 116 roster traders...
    ...read 20/116 traders
    ...read 40/116 traders
    ...read 60/116 traders
    ...read 80/116 traders
    ...read 100/116 traders
[ENTRY] Ashlyn Krueger @ 0.315  x5  Wimbledon WTA: Ashlyn Krueger vs Marta Kostyuk
[ENTRY]    No @ 0.395  x2  Will France win on 2026-07-09?
[ENTRY] Flavio Cobolli @ 0.225  x2  Wimbledon ATP: Alex de Minaur vs Flavio Cobolli
[ENTRY] Noma Noha Akugue @ 0.775  x2  Bastad: Noma Noha Akugue vs Irene Burillo Escorihu
[ENTRY] Miriam Bulgaru @ 0.735  x2  Bastad: Miriam Bulgaru vs Valeriya Strakhova
[ENTRY] Alexandra Eala @ 0.605  x2  Wimbledon WTA: Jasmine Paolini vs Alexandra Eala
[ENTRY] Elise Mertens @ 0.545  x2  Wimbledon WTA: Marie Bouzkova vs Elise Mertens
[ENTRY]   Yes @ 0.150  x11  Will England win the 2026 FIFA World Cup?
[ENTRY]    No @ 0.865  x2  Will Morocco win on 2026-07-09?
[ENTRY]    No @ 0.845  x3  Will Samuel Alito announce his retirement by Septe
[ENTRY]    No @ 0.905  x2  Will Bitcoin dip to $30,000 by December 31, 2026?
[ENTRY]   Yes @ 0.255  x2  Will Santos FC win on 2026-07-16?
[RESOLVE] Aryna Sabalenka entry 0.695 -> 0  ret -1.0
[RESOLVE] Washington Nationals entry 0.585 -> 0  ret -1.0
[report] closed=2, valid-resolved=0 (2 sub-48h excluded) — none counting toward the 30 yet
[cycle] +12 entries, 2 closed, 44 still open
=== paper_trader 2026-07-07 (frozen strategy v1.1) ===
[scan] reading current positions of 116 roster traders...
    ...read 20/116 traders
    ...read 40/116 traders
    ...read 60/116 traders
    ...read 80/116 traders
    ...read 100/116 traders
[ENTRY]    No @ 0.775  x2  Will Norway win on 2026-07-11?
[ENTRY] Marta Kostyuk @ 0.705  x2  Wimbledon WTA: Marta Kostyuk vs Jasmine Paolini
[ENTRY] Diego Dedura-Palomero @ 0.495  x3  Braunschweig: Diego Dedura-Palomero vs Clement Tab
[ENTRY] Guido Justo @ 0.625  x2  Trieste: Guido Justo vs Georgii Kravchenko
[ENTRY] Lisa Pigato @ 0.691  x2  Contrexeville: Angela Fita Boluda vs Lisa Pigato
[ENTRY]    No @ 0.225  x2  Will France reach the Semifinals at the 2026 FIFA 
[ENTRY]    No @ 0.635  x2  Will Argentina reach the 2026 FIFA World Cup final
[RESOLVE] Ashlyn Krueger entry 0.315 -> 0  ret -1.0
[EXIT]     No sharps left, entry 0.395 -> 0.375  ret -0.0506
[RESOLVE] Alexandra Eala entry 0.605 -> 0  ret -1.0
[report] closed=5, valid-resolved=0 (4 sub-48h excluded) — none counting toward the 30 yet
[cycle] +7 entries, 3 closed, 48 still open
=== paper_trader 2026-07-08 (frozen strategy v1.1) ===
[scan] reading current positions of 116 roster traders...
    ...read 20/116 traders
    ...read 40/116 traders
    ...read 60/116 traders
    ...read 80/116 traders
    ...read 100/116 traders
[ENTRY]    No @ 0.485  x2  Will England win on 2026-07-11?
[ENTRY] Madison Brengle @ 0.885  x2  Newport: Madison Brengle vs Ana Sofia Sanchez
[ENTRY]   Yes @ 0.135  x2  US-Iran Final Nuclear Deal by August 18, 2026?
[ENTRY]   Yes @ 0.275  x2  Will Norway vs. England end in a draw?
[EXIT]     No sharps left, entry 0.715 -> 0.750  ret 0.049
[report] closed=6, valid-resolved=0 (4 sub-48h excluded) — none counting toward the 30 yet
[cycle] +4 entries, 1 closed, 51 still open
=== paper_trader 2026-07-09 (frozen strategy v1.1) ===
[scan] reading current positions of 116 roster traders...
    ...read 20/116 traders
    ...read 40/116 traders
    ...read 60/116 traders
    ...read 80/116 traders
    ...read 100/116 traders
[ENTRY] Cleveland Guardians @ 0.545  x2  Cleveland Guardians vs. Minnesota Twins
[ENTRY] Jacob Fearnley @ 0.635  x2  Newport: Jacob Fearnley vs Mark Lajal
[ENTRY] Niels McDonald @ 0.495  x3  Braunschweig: Niels McDonald vs Martin Krumich
[ENTRY] Atlanta Braves @ 0.535  x2  Atlanta Braves vs. Pittsburgh Pirates
[ENTRY] LG Twins @ 0.575  x2  KBO: LG Twins vs. Samsung Lions
[ENTRY] Facundo Acosta @ 0.635  x2  Braunschweig: Vilius Gaubas vs Facundo Acosta
[ENTRY]    No @ 0.800  x2  Will the US announce a blockade on Iran by July 31
[ENTRY]    No @ 0.765  x2  Will Bitcoin dip to $40,000 by December 31, 2026?
[ENTRY] Switzerland @ 0.275  x2  Argentina vs. Switzerland: Team to Advance
[EXIT]    Yes sharps left, entry 0.230 -> 0.175  ret -0.2391
[report] closed=7, valid-resolved=0 (4 sub-48h excluded) — none counting toward the 30 yet
[cycle] +9 entries, 1 closed, 59 still open
=== paper_trader 2026-07-10 (frozen strategy v1.1) ===
[scan] reading current positions of 116 roster traders...
    ...read 20/116 traders
    ...read 40/116 traders
    ...read 60/116 traders
    ...read 80/116 traders
    ...read 100/116 traders
[ENTRY] Arthur Fery @ 0.155  x2  Wimbledon ATP: Arthur Fery vs Alexander Zverev
[ENTRY] Lukas Neumayer @ 0.690  x2  Trieste: Lukas Neumayer vs Henri Squire
[ENTRY] Diego Dedura-Palomero @ 0.445  x2  Braunschweig: Jan Choinski vs Diego Dedura-Palomer
[ENTRY]   Yes @ 0.418  x2  Will Argentina reach the 2026 FIFA World Cup final
[RESOLVE]    No entry 0.865 -> 1  ret 0.1561
[EXIT]     No sharps left, entry 0.635 -> 0.582  ret -0.0843
[RESOLVE] LG Twins entry 0.575 -> 0  ret -1.0
[report] valid-resolved=1 (5 sub-48h excluded)  hit_rate=1.000  avg_entry_price=0.865  median_ret=+0.156
[report] 29 more valid resolved trades needed before verdict
[cycle] +4 entries, 3 closed, 60 still open
=== paper_trader 2026-07-11 (frozen strategy v1.1) ===
[scan] reading current positions of 116 roster traders...
[warn] GET failed after retries: https://data-api.polymarket.com/positions params={'user': '0x204f72f35326db932158cba6adff0b9a1da95e14', 'limit': 500, 'sizeThreshold': 1} err=HTTPSConnectionPool(host='data-api.polymarket.com', port=443): Max retries exceeded with url: /positions?user=0x204f72f35326db932158cba6adff0b9a1da95e14&limit=500&sizeThreshold=1 (Caused by SSLError(SSLCertVerificationError(1, "[SSL: CERTIFICATE_VERIFY_FAILED] certificate verify failed: Hostname mismatch, certificate is not valid for 'data-api.polymarket.com'. (_ssl.c:1032)")))
[warn] GET failed after retries: https://data-api.polymarket.com/positions params={'user': '0x1f2dd6d473f3e824cd2f8a89d9c69fb96f6ad0cf', 'limit': 500, 'sizeThreshold': 1} err=HTTPSConnectionPool(host='data-api.polymarket.com', port=443): Max retries exceeded with url: /positions?user=0x1f2dd6d473f3e824cd2f8a89d9c69fb96f6ad0cf&limit=500&sizeThreshold=1 (Caused by SSLError(SSLCertVerificationError(1, "[SSL: CERTIFICATE_VERIFY_FAILED] certificate verify failed: Hostname mismatch, certificate is not valid for 'data-api.polymarket.com'. (_ssl.c:1032)")))
[warn] GET failed after retries: https://data-api.polymarket.com/positions params={'user': '0x2c335066fe58fe9237c3d3dc7b275c2a034a0563', 'limit': 500, 'sizeThreshold': 1} err=HTTPSConnectionPool(host='data-api.polymarket.com', port=443): Max retries exceeded with url: /positions?user=0x2c335066fe58fe9237c3d3dc7b275c2a034a0563&limit=500&sizeThreshold=1 (Caused by SSLError(SSLCertVerificationError(1, "[SSL: CERTIFICATE_VERIFY_FAILED] certificate verify failed: Hostname mismatch, certificate is not valid for 'data-api.polymarket.com'. (_ssl.c:1032)")))
[warn] GET failed after retries: https://data-api.polymarket.com/positions params={'user': '0xdc876e6873772d38716fda7f2452a78d426d7ab6', 'limit': 500, 'sizeThreshold': 1} err=HTTPSConnectionPool(host='data-api.polymarket.com', port=443): Max retries exceeded with url: /positions?user=0xdc876e6873772d38716fda7f2452a78d426d7ab6&limit=500&sizeThreshold=1 (Caused by SSLError(SSLCertVerificationError(1, "[SSL: CERTIFICATE_VERIFY_FAILED] certificate verify failed: Hostname mismatch, certificate is not valid for 'data-api.polymarket.com'. (_ssl.c:1032)")))
[warn] GET failed after retries: https://data-api.polymarket.com/positions params={'user': '0x507e52ef684ca2dd91f90a9d26d149dd3288beae', 'limit': 500, 'sizeThreshold': 1} err=HTTPSConnectionPool(host='data-api.polymarket.com', port=443): Max retries exceeded with url: /positions?user=0x507e52ef684ca2dd91f90a9d26d149dd3288beae&limit=500&sizeThreshold=1 (Caused by SSLError(SSLCertVerificationError(1, "[SSL: CERTIFICATE_VERIFY_FAILED] certificate verify failed: Hostname mismatch, certificate is not valid for 'data-api.polymarket.com'. (_ssl.c:1032)")))
[warn] GET failed after retries: https://data-api.polymarket.com/positions params={'user': '0x2a2c53bd278c04da9962fcf96490e17f3dfb9bc1', 'limit': 500, 'sizeThreshold': 1} err=HTTPSConnectionPool(host='data-api.polymarket.com', port=443): Max retries exceeded with url: /positions?user=0x2a2c53bd278c04da9962fcf96490e17f3dfb9bc1&limit=500&sizeThreshold=1 (Caused by SSLError(SSLCertVerificationError(1, "[SSL: CERTIFICATE_VERIFY_FAILED] certificate verify failed: Hostname mismatch, certificate is not valid for 'data-api.polymarket.com'. (_ssl.c:1032)")))
[warn] GET failed after retries: https://data-api.polymarket.com/positions params={'user': '0xdb27bf2ac5d428a9c63dbc914611036855a6c56e', 'limit': 500, 'sizeThreshold': 1} err=HTTPSConnectionPool(host='data-api.polymarket.com', port=443): Max retries exceeded with url: /positions?user=0xdb27bf2ac5d428a9c63dbc914611036855a6c56e&limit=500&sizeThreshold=1 (Caused by SSLError(SSLCertVerificationError(1, "[SSL: CERTIFICATE_VERIFY_FAILED] certificate verify failed: Hostname mismatch, certificate is not valid for 'data-api.polymarket.com'. (_ssl.c:1032)")))
[warn] GET failed after retries: https://data-api.polymarket.com/positions params={'user': '0x16b29c50f2439faf627209b2ac0c7bbddaa8a881', 'limit': 500, 'sizeThreshold': 1} err=HTTPSConnectionPool(host='data-api.polymarket.com', port=443): Max retries exceeded with url: /positions?user=0x16b29c50f2439faf627209b2ac0c7bbddaa8a881&limit=500&sizeThreshold=1 (Caused by SSLError(SSLCertVerificationError(1, "[SSL: CERTIFICATE_VERIFY_FAILED] certificate verify failed: Hostname mismatch, certificate is not valid for 'data-api.polymarket.com'. (_ssl.c:1032)")))
[warn] GET failed after retries: https://data-api.polymarket.com/positions params={'user': '0x9d84ce0306f8551e02efef1680475fc0f1dc1344', 'limit': 500, 'sizeThreshold': 1} err=HTTPSConnectionPool(host='data-api.polymarket.com', port=443): Max retries exceeded with url: /positions?user=0x9d84ce0306f8551e02efef1680475fc0f1dc1344&limit=500&sizeThreshold=1 (Caused by SSLError(SSLCertVerificationError(1, "[SSL: CERTIFICATE_VERIFY_FAILED] certificate verify failed: Hostname mismatch, certificate is not valid for 'data-api.polymarket.com'. (_ssl.c:1032)")))
[warn] GET failed after retries: https://data-api.polymarket.com/positions params={'user': '0x17db3fcd93ba12d38382a0cade24b200185c5f6d', 'limit': 500, 'sizeThreshold': 1} err=HTTPSConnectionPool(host='data-api.polymarket.com', port=443): Max retries exceeded with url: /positions?user=0x17db3fcd93ba12d38382a0cade24b200185c5f6d&limit=500&sizeThreshold=1 (Caused by SSLError(SSLCertVerificationError(1, "[SSL: CERTIFICATE_VERIFY_FAILED] certificate verify failed: Hostname mismatch, certificate is not valid for 'data-api.polymarket.com'. (_ssl.c:1032)")))
[warn] GET failed after retries: https://data-api.polymarket.com/positions params={'user': '0x5966db1fe50763c9e3c014d756369bad07e1f804', 'limit': 500, 'sizeThreshold': 1} err=HTTPSConnectionPool(host='data-api.polymarket.com', port=443): Max retries exceeded with url: /positions?user=0x5966db1fe50763c9e3c014d756369bad07e1f804&limit=500&sizeThreshold=1 (Caused by SSLError(SSLCertVerificationError(1, "[SSL: CERTIFICATE_VERIFY_FAILED] certificate verify failed: Hostname mismatch, certificate is not valid for 'data-api.polymarket.com'. (_ssl.c:1032)")))
[warn] GET failed after retries: https://data-api.polymarket.com/positions params={'user': '0x9495425feeb0c250accb89275c97587011b19a27', 'limit': 500, 'sizeThreshold': 1} err=HTTPSConnectionPool(host='data-api.polymarket.com', port=443): Max retries exceeded with url: /positions?user=0x9495425feeb0c250accb89275c97587011b19a27&limit=500&sizeThreshold=1 (Caused by SSLError(SSLCertVerificationError(1, "[SSL: CERTIFICATE_VERIFY_FAILED] certificate verify failed: Hostname mismatch, certificate is not valid for 'data-api.polymarket.com'. (_ssl.c:1032)")))
[warn] GET failed after retries: https://data-api.polymarket.com/positions params={'user': '0xd38b71f3e8ed1af71983e5c309eac3dfa9b35029', 'limit': 500, 'sizeThreshold': 1} err=HTTPSConnectionPool(host='data-api.polymarket.com', port=443): Max retries exceeded with url: /positions?user=0xd38b71f3e8ed1af71983e5c309eac3dfa9b35029&limit=500&sizeThreshold=1 (Caused by SSLError(SSLCertVerificationError(1, "[SSL: CERTIFICATE_VERIFY_FAILED] certificate verify failed: Hostname mismatch, certificate is not valid for 'data-api.polymarket.com'. (_ssl.c:1032)")))
[warn] GET failed after retries: https://data-api.polymarket.com/positions params={'user': '0x343d4466dc323b850e5249394894c7381d91456e', 'limit': 500, 'sizeThreshold': 1} err=HTTPSConnectionPool(host='data-api.polymarket.com', port=443): Max retries exceeded with url: /positions?user=0x343d4466dc323b850e5249394894c7381d91456e&limit=500&sizeThreshold=1 (Caused by SSLError(SSLCertVerificationError(1, "[SSL: CERTIFICATE_VERIFY_FAILED] certificate verify failed: Hostname mismatch, certificate is not valid for 'data-api.polymarket.com'. (_ssl.c:1032)")))
[warn] GET failed after retries: https://data-api.polymarket.com/positions params={'user': '0x44c1dfe43260c94ed4f1d00de2e1f80fb113ebc1', 'limit': 500, 'sizeThreshold': 1} err=HTTPSConnectionPool(host='data-api.polymarket.com', port=443): Max retries exceeded with url: /positions?user=0x44c1dfe43260c94ed4f1d00de2e1f80fb113ebc1&limit=500&sizeThreshold=1 (Caused by SSLError(SSLCertVerificationError(1, "[SSL: CERTIFICATE_VERIFY_FAILED] certificate verify failed: Hostname mismatch, certificate is not valid for 'data-api.polymarket.com'. (_ssl.c:1032)")))
[warn] GET failed after retries: https://data-api.polymarket.com/positions params={'user': '0xbaa2bcb5439e985ce4ccf815b4700027d1b92c73', 'limit': 500, 'sizeThreshold': 1} err=HTTPSConnectionPool(host='data-api.polymarket.com', port=443): Max retries exceeded with url: /positions?user=0xbaa2bcb5439e985ce4ccf815b4700027d1b92c73&limit=500&sizeThreshold=1 (Caused by SSLError(SSLCertVerificationError(1, "[SSL: CERTIFICATE_VERIFY_FAILED] certificate verify failed: Hostname mismatch, certificate is not valid for 'data-api.polymarket.com'. (_ssl.c:1032)")))
[warn] GET failed after retries: https://data-api.polymarket.com/positions params={'user': '0xf0318c32136c2db7fec88b84869aee6a1106c80c', 'limit': 500, 'sizeThreshold': 1} err=HTTPSConnectionPool(host='data-api.polymarket.com', port=443): Max retries exceeded with url: /positions?user=0xf0318c32136c2db7fec88b84869aee6a1106c80c&limit=500&sizeThreshold=1 (Caused by SSLError(SSLCertVerificationError(1, "[SSL: CERTIFICATE_VERIFY_FAILED] certificate verify failed: Hostname mismatch, certificate is not valid for 'data-api.polymarket.com'. (_ssl.c:1032)")))
[warn] GET failed after retries: https://data-api.polymarket.com/positions params={'user': '0x7fb7ad0d194d7123e711e7db6c9d418fac14e33d', 'limit': 500, 'sizeThreshold': 1} err=HTTPSConnectionPool(host='data-api.polymarket.com', port=443): Max retries exceeded with url: /positions?user=0x7fb7ad0d194d7123e711e7db6c9d418fac14e33d&limit=500&sizeThreshold=1 (Caused by SSLError(SSLCertVerificationError(1, "[SSL: CERTIFICATE_VERIFY_FAILED] certificate verify failed: Hostname mismatch, certificate is not valid for 'data-api.polymarket.com'. (_ssl.c:1032)")))
[warn] GET failed after retries: https://data-api.polymarket.com/positions params={'user': '0xa9878e59934ab507f9039bcb917c1bae0451141d', 'limit': 500, 'sizeThreshold': 1} err=HTTPSConnectionPool(host='data-api.polymarket.com', port=443): Max retries exceeded with url: /positions?user=0xa9878e59934ab507f9039bcb917c1bae0451141d&limit=500&sizeThreshold=1 (Caused by SSLError(SSLCertVerificationError(1, "[SSL: CERTIFICATE_VERIFY_FAILED] certificate verify failed: Hostname mismatch, certificate is not valid for 'data-api.polymarket.com'. (_ssl.c:1032)")))
[warn] GET failed after retries: https://data-api.polymarket.com/positions params={'user': '0x0b9cae2b0dfe7a71c413e0604eaac1c352f87e44', 'limit': 500, 'sizeThreshold': 1} err=HTTPSConnectionPool(host='data-api.polymarket.com', port=443): Max retries exceeded with url: /positions?user=0x0b9cae2b0dfe7a71c413e0604eaac1c352f87e44&limit=500&sizeThreshold=1 (Caused by SSLError(SSLCertVerificationError(1, "[SSL: CERTIFICATE_VERIFY_FAILED] certificate verify failed: Hostname mismatch, certificate is not valid for 'data-api.polymarket.com'. (_ssl.c:1032)")))
    ...read 20/116 traders
[warn] GET failed after retries: https://data-api.polymarket.com/positions params={'user': '0x6db568e61e5e3de7d87f831431b673f38ce2e279', 'limit': 500, 'sizeThreshold': 1} err=HTTPSConnectionPool(host='data-api.polymarket.com', port=443): Max retries exceeded with url: /positions?user=0x6db568e61e5e3de7d87f831431b673f38ce2e279&limit=500&sizeThreshold=1 (Caused by SSLError(SSLCertVerificationError(1, "[SSL: CERTIFICATE_VERIFY_FAILED] certificate verify failed: Hostname mismatch, certificate is not valid for 'data-api.polymarket.com'. (_ssl.c:1032)")))
[warn] GET failed after retries: https://data-api.polymarket.com/positions params={'user': '0x0c0e270cf879583d6a0142fc817e05b768d0434e', 'limit': 500, 'sizeThreshold': 1} err=HTTPSConnectionPool(host='data-api.polymarket.com', port=443): Max retries exceeded with url: /positions?user=0x0c0e270cf879583d6a0142fc817e05b768d0434e&limit=500&sizeThreshold=1 (Caused by SSLError(SSLCertVerificationError(1, "[SSL: CERTIFICATE_VERIFY_FAILED] certificate verify failed: Hostname mismatch, certificate is not valid for 'data-api.polymarket.com'. (_ssl.c:1032)")))
[warn] GET failed after retries: https://data-api.polymarket.com/positions params={'user': '0x7c1ee865a785de4c00ee90ed86a38489fb8bbab3', 'limit': 500, 'sizeThreshold': 1} err=HTTPSConnectionPool(host='data-api.polymarket.com', port=443): Max retries exceeded with url: /positions?user=0x7c1ee865a785de4c00ee90ed86a38489fb8bbab3&limit=500&sizeThreshold=1 (Caused by SSLError(SSLCertVerificationError(1, "[SSL: CERTIFICATE_VERIFY_FAILED] certificate verify failed: Hostname mismatch, certificate is not valid for 'data-api.polymarket.com'. (_ssl.c:1032)")))
[warn] GET failed after retries: https://data-api.polymarket.com/positions params={'user': '0xed107a85a4585a381e48c7f7ca4144909e7dd2e5', 'limit': 500, 'sizeThreshold': 1} err=HTTPSConnectionPool(host='data-api.polymarket.com', port=443): Max retries exceeded with url: /positions?user=0xed107a85a4585a381e48c7f7ca4144909e7dd2e5&limit=500&sizeThreshold=1 (Caused by SSLError(SSLCertVerificationError(1, "[SSL: CERTIFICATE_VERIFY_FAILED] certificate verify failed: Hostname mismatch, certificate is not valid for 'data-api.polymarket.com'. (_ssl.c:1032)")))
[warn] GET failed after retries: https://data-api.polymarket.com/positions params={'user': '0x37c1874a60d348903594a96703e0507c518fc53a', 'limit': 500, 'sizeThreshold': 1} err=HTTPSConnectionPool(host='data-api.polymarket.com', port=443): Max retries exceeded with url: /positions?user=0x37c1874a60d348903594a96703e0507c518fc53a&limit=500&sizeThreshold=1 (Caused by SSLError(SSLCertVerificationError(1, "[SSL: CERTIFICATE_VERIFY_FAILED] certificate verify failed: Hostname mismatch, certificate is not valid for 'data-api.polymarket.com'. (_ssl.c:1032)")))
[warn] GET failed after retries: https://data-api.polymarket.com/positions params={'user': '0xcc500cbcc8b7cf5bd21975ebbea34f21b5644c82', 'limit': 500, 'sizeThreshold': 1} err=HTTPSConnectionPool(host='data-api.polymarket.com', port=443): Max retries exceeded with url: /positions?user=0xcc500cbcc8b7cf5bd21975ebbea34f21b5644c82&limit=500&sizeThreshold=1 (Caused by SSLError(SSLCertVerificationError(1, "[SSL: CERTIFICATE_VERIFY_FAILED] certificate verify failed: Hostname mismatch, certificate is not valid for 'data-api.polymarket.com'. (_ssl.c:1032)")))
[warn] GET failed after retries: https://data-api.polymarket.com/positions params={'user': '0x5c3a1a602848565bb16165fcd460b00c3d43020b', 'limit': 500, 'sizeThreshold': 1} err=HTTPSConnectionPool(host='data-api.polymarket.com', port=443): Max retries exceeded with url: /positions?user=0x5c3a1a602848565bb16165fcd460b00c3d43020b&limit=500&sizeThreshold=1 (Caused by SSLError(SSLCertVerificationError(1, "[SSL: CERTIFICATE_VERIFY_FAILED] certificate verify failed: Hostname mismatch, certificate is not valid for 'data-api.polymarket.com'. (_ssl.c:1032)")))
[warn] GET failed after retries: https://data-api.polymarket.com/positions params={'user': '0x212954857f5efc138748c33d032a93bf95974222', 'limit': 500, 'sizeThreshold': 1} err=HTTPSConnectionPool(host='data-api.polymarket.com', port=443): Max retries exceeded with url: /positions?user=0x212954857f5efc138748c33d032a93bf95974222&limit=500&sizeThreshold=1 (Caused by SSLError(SSLCertVerificationError(1, "[SSL: CERTIFICATE_VERIFY_FAILED] certificate verify failed: Hostname mismatch, certificate is not valid for 'data-api.polymarket.com'. (_ssl.c:1032)")))
[warn] GET failed after retries: https://data-api.polymarket.com/positions params={'user': '0x000d257d2dc7616feaef4ae0f14600fdf50a758e', 'limit': 500, 'sizeThreshold': 1} err=HTTPSConnectionPool(host='data-api.polymarket.com', port=443): Max retries exceeded with url: /positions?user=0x000d257d2dc7616feaef4ae0f14600fdf50a758e&limit=500&sizeThreshold=1 (Caused by SSLError(SSLCertVerificationError(1, "[SSL: CERTIFICATE_VERIFY_FAILED] certificate verify failed: Hostname mismatch, certificate is not valid for 'data-api.polymarket.com'. (_ssl.c:1032)")))
[warn] GET failed after retries: https://data-api.polymarket.com/positions params={'user': '0xb91aeb5accc33a5f9a8615b8ed6b2d352e913987', 'limit': 500, 'sizeThreshold': 1} err=HTTPSConnectionPool(host='data-api.polymarket.com', port=443): Max retries exceeded with url: /positions?user=0xb91aeb5accc33a5f9a8615b8ed6b2d352e913987&limit=500&sizeThreshold=1 (Caused by SSLError(SSLCertVerificationError(1, "[SSL: CERTIFICATE_VERIFY_FAILED] certificate verify failed: Hostname mismatch, certificate is not valid for 'data-api.polymarket.com'. (_ssl.c:1032)")))
[warn] GET failed after retries: https://data-api.polymarket.com/positions params={'user': '0xa6a856a8c8a7f14fd9be6ae11c367c7cbb755009', 'limit': 500, 'sizeThreshold': 1} err=HTTPSConnectionPool(host='data-api.polymarket.com', port=443): Max retries exceeded with url: /positions?user=0xa6a856a8c8a7f14fd9be6ae11c367c7cbb755009&limit=500&sizeThreshold=1 (Caused by SSLError(SSLCertVerificationError(1, "[SSL: CERTIFICATE_VERIFY_FAILED] certificate verify failed: Hostname mismatch, certificate is not valid for 'data-api.polymarket.com'. (_ssl.c:1032)")))
[warn] GET failed after retries: https://data-api.polymarket.com/positions params={'user': '0x26437896ed9dfeb2f69765edcafe8fdceaab39ae', 'limit': 500, 'sizeThreshold': 1} err=HTTPSConnectionPool(host='data-api.polymarket.com', port=443): Max retries exceeded with url: /positions?user=0x26437896ed9dfeb2f69765edcafe8fdceaab39ae&limit=500&sizeThreshold=1 (Caused by SSLError(SSLCertVerificationError(1, "[SSL: CERTIFICATE_VERIFY_FAILED] certificate verify failed: Hostname mismatch, certificate is not valid for 'data-api.polymarket.com'. (_ssl.c:1032)")))
[warn] GET failed after retries: https://data-api.polymarket.com/positions params={'user': '0x85f031d069de300055900c4055c1baeb6bde3f67', 'limit': 500, 'sizeThreshold': 1} err=HTTPSConnectionPool(host='data-api.polymarket.com', port=443): Max retries exceeded with url: /positions?user=0x85f031d069de300055900c4055c1baeb6bde3f67&limit=500&sizeThreshold=1 (Caused by SSLError(SSLCertVerificationError(1, "[SSL: CERTIFICATE_VERIFY_FAILED] certificate verify failed: Hostname mismatch, certificate is not valid for 'data-api.polymarket.com'. (_ssl.c:1032)")))
[warn] GET failed after retries: https://data-api.polymarket.com/positions params={'user': '0x876426b52898c295848f56760dd24b55eda2604a', 'limit': 500, 'sizeThreshold': 1} err=HTTPSConnectionPool(host='data-api.polymarket.com', port=443): Max retries exceeded with url: /positions?user=0x876426b52898c295848f56760dd24b55eda2604a&limit=500&sizeThreshold=1 (Caused by SSLError(SSLCertVerificationError(1, "[SSL: CERTIFICATE_VERIFY_FAILED] certificate verify failed: Hostname mismatch, certificate is not valid for 'data-api.polymarket.com'. (_ssl.c:1032)")))
[warn] GET failed after retries: https://data-api.polymarket.com/positions params={'user': '0x076daa87c4fe1a85402a9b6b8e0a866224388d4c', 'limit': 500, 'sizeThreshold': 1} err=HTTPSConnectionPool(host='data-api.polymarket.com', port=443): Max retries exceeded with url: /positions?user=0x076daa87c4fe1a85402a9b6b8e0a866224388d4c&limit=500&sizeThreshold=1 (Caused by SSLError(SSLCertVerificationError(1, "[SSL: CERTIFICATE_VERIFY_FAILED] certificate verify failed: Hostname mismatch, certificate is not valid for 'data-api.polymarket.com'. (_ssl.c:1032)")))
[warn] GET failed after retries: https://data-api.polymarket.com/positions params={'user': '0xde7be6d489bce070a959e0cb813128ae659b5f4b', 'limit': 500, 'sizeThreshold': 1} err=HTTPSConnectionPool(host='data-api.polymarket.com', port=443): Max retries exceeded with url: /positions?user=0xde7be6d489bce070a959e0cb813128ae659b5f4b&limit=500&sizeThreshold=1 (Caused by SSLError(SSLCertVerificationError(1, "[SSL: CERTIFICATE_VERIFY_FAILED] certificate verify failed: Hostname mismatch, certificate is not valid for 'data-api.polymarket.com'. (_ssl.c:1032)")))
[warn] GET failed after retries: https://data-api.polymarket.com/positions params={'user': '0xf2f6af4f27ec2dcf4072095ab804016e14cd5817', 'limit': 500, 'sizeThreshold': 1} err=HTTPSConnectionPool(host='data-api.polymarket.com', port=443): Max retries exceeded with url: /positions?user=0xf2f6af4f27ec2dcf4072095ab804016e14cd5817&limit=500&sizeThreshold=1 (Caused by SSLError(SSLCertVerificationError(1, "[SSL: CERTIFICATE_VERIFY_FAILED] certificate verify failed: Hostname mismatch, certificate is not valid for 'data-api.polymarket.com'. (_ssl.c:1032)")))
[warn] GET failed after retries: https://data-api.polymarket.com/positions params={'user': '0x32ed517a571c01b6e9adecf61ba81ca48ff2f960', 'limit': 500, 'sizeThreshold': 1} err=HTTPSConnectionPool(host='data-api.polymarket.com', port=443): Max retries exceeded with url: /positions?user=0x32ed517a571c01b6e9adecf61ba81ca48ff2f960&limit=500&sizeThreshold=1 (Caused by SSLError(SSLCertVerificationError(1, "[SSL: CERTIFICATE_VERIFY_FAILED] certificate verify failed: Hostname mismatch, certificate is not valid for 'data-api.polymarket.com'. (_ssl.c:1032)")))
[warn] GET failed after retries: https://data-api.polymarket.com/positions params={'user': '0xbddf61af533ff524d27154e589d2d7a81510c684', 'limit': 500, 'sizeThreshold': 1} err=HTTPSConnectionPool(host='data-api.polymarket.com', port=443): Max retries exceeded with url: /positions?user=0xbddf61af533ff524d27154e589d2d7a81510c684&limit=500&sizeThreshold=1 (Caused by SSLError(SSLCertVerificationError(1, "[SSL: CERTIFICATE_VERIFY_FAILED] certificate verify failed: Hostname mismatch, certificate is not valid for 'data-api.polymarket.com'. (_ssl.c:1032)")))
[warn] GET failed after retries: https://data-api.polymarket.com/positions params={'user': '0xd0b4c4c020abdc88ad9a884f999f3d8cff8ffed6', 'limit': 500, 'sizeThreshold': 1} err=HTTPSConnectionPool(host='data-api.polymarket.com', port=443): Max retries exceeded with url: /positions?user=0xd0b4c4c020abdc88ad9a884f999f3d8cff8ffed6&limit=500&sizeThreshold=1 (Caused by SSLError(SSLCertVerificationError(1, "[SSL: CERTIFICATE_VERIFY_FAILED] certificate verify failed: Hostname mismatch, certificate is not valid for 'data-api.polymarket.com'. (_ssl.c:1032)")))
    ...read 40/116 traders
[warn] GET failed after retries: https://data-api.polymarket.com/positions params={'user': '0x7c3db723f1d4d8cb9c550095203b686cb11e5c6b', 'limit': 500, 'sizeThreshold': 1} err=HTTPSConnectionPool(host='data-api.polymarket.com', port=443): Max retries exceeded with url: /positions?user=0x7c3db723f1d4d8cb9c550095203b686cb11e5c6b&limit=500&sizeThreshold=1 (Caused by SSLError(SSLCertVerificationError(1, "[SSL: CERTIFICATE_VERIFY_FAILED] certificate verify failed: Hostname mismatch, certificate is not valid for 'data-api.polymarket.com'. (_ssl.c:1032)")))
[warn] GET failed after retries: https://data-api.polymarket.com/positions params={'user': '0xfea31bc088000ff909be1dfd8d0e3f2c7ef2d227', 'limit': 500, 'sizeThreshold': 1} err=HTTPSConnectionPool(host='data-api.polymarket.com', port=443): Max retries exceeded with url: /positions?user=0xfea31bc088000ff909be1dfd8d0e3f2c7ef2d227&limit=500&sizeThreshold=1 (Caused by SSLError(SSLCertVerificationError(1, "[SSL: CERTIFICATE_VERIFY_FAILED] certificate verify failed: Hostname mismatch, certificate is not valid for 'data-api.polymarket.com'. (_ssl.c:1032)")))
[warn] GET failed after retries: https://data-api.polymarket.com/positions params={'user': '0x6bab41a0dc40d6dd4c1a915b8c01969479fd1292', 'limit': 500, 'sizeThreshold': 1} err=HTTPSConnectionPool(host='data-api.polymarket.com', port=443): Max retries exceeded with url: /positions?user=0x6bab41a0dc40d6dd4c1a915b8c01969479fd1292&limit=500&sizeThreshold=1 (Caused by SSLError(SSLCertVerificationError(1, "[SSL: CERTIFICATE_VERIFY_FAILED] certificate verify failed: Hostname mismatch, certificate is not valid for 'data-api.polymarket.com'. (_ssl.c:1032)")))
[warn] GET failed after retries: https://data-api.polymarket.com/positions params={'user': '0xd1acd3925d895de9aec98ff95f3a30c5279d08d5', 'limit': 500, 'sizeThreshold': 1} err=HTTPSConnectionPool(host='data-api.polymarket.com', port=443): Max retries exceeded with url: /positions?user=0xd1acd3925d895de9aec98ff95f3a30c5279d08d5&limit=500&sizeThreshold=1 (Caused by SSLError(SSLCertVerificationError(1, "[SSL: CERTIFICATE_VERIFY_FAILED] certificate verify failed: Hostname mismatch, certificate is not valid for 'data-api.polymarket.com'. (_ssl.c:1032)")))
[warn] GET failed after retries: https://data-api.polymarket.com/positions params={'user': '0x31519628fb5e5aa559d4ba27aa1248810b9f0977', 'limit': 500, 'sizeThreshold': 1} err=HTTPSConnectionPool(host='data-api.polymarket.com', port=443): Max retries exceeded with url: /positions?user=0x31519628fb5e5aa559d4ba27aa1248810b9f0977&limit=500&sizeThreshold=1 (Caused by SSLError(SSLCertVerificationError(1, "[SSL: CERTIFICATE_VERIFY_FAILED] certificate verify failed: Hostname mismatch, certificate is not valid for 'data-api.polymarket.com'. (_ssl.c:1032)")))
[warn] GET failed after retries: https://data-api.polymarket.com/positions params={'user': '0xe5c8026239919339b988fdb150a7ef4ea196d3e7', 'limit': 500, 'sizeThreshold': 1} err=HTTPSConnectionPool(host='data-api.polymarket.com', port=443): Max retries exceeded with url: /positions?user=0xe5c8026239919339b988fdb150a7ef4ea196d3e7&limit=500&sizeThreshold=1 (Caused by SSLError(SSLCertVerificationError(1, "[SSL: CERTIFICATE_VERIFY_FAILED] certificate verify failed: Hostname mismatch, certificate is not valid for 'data-api.polymarket.com'. (_ssl.c:1032)")))
[warn] GET failed after retries: https://data-api.polymarket.com/positions params={'user': '0x83255595ba1fadd2e734cb30a0fb8110301a19cc', 'limit': 500, 'sizeThreshold': 1} err=HTTPSConnectionPool(host='data-api.polymarket.com', port=443): Max retries exceeded with url: /positions?user=0x83255595ba1fadd2e734cb30a0fb8110301a19cc&limit=500&sizeThreshold=1 (Caused by SSLError(SSLCertVerificationError(1, "[SSL: CERTIFICATE_VERIFY_FAILED] certificate verify failed: Hostname mismatch, certificate is not valid for 'data-api.polymarket.com'. (_ssl.c:1032)")))
[warn] GET failed after retries: https://data-api.polymarket.com/positions params={'user': '0xe549581668a5751c1972d3ad2d1991d900bd2d54', 'limit': 500, 'sizeThreshold': 1} err=HTTPSConnectionPool(host='data-api.polymarket.com', port=443): Max retries exceeded with url: /positions?user=0xe549581668a5751c1972d3ad2d1991d900bd2d54&limit=500&sizeThreshold=1 (Caused by SSLError(SSLCertVerificationError(1, "[SSL: CERTIFICATE_VERIFY_FAILED] certificate verify failed: Hostname mismatch, certificate is not valid for 'data-api.polymarket.com'. (_ssl.c:1032)")))
[warn] GET failed after retries: https://data-api.polymarket.com/positions params={'user': '0x51393c00184b39182f09a8a62b8549642e69a8db', 'limit': 500, 'sizeThreshold': 1} err=HTTPSConnectionPool(host='data-api.polymarket.com', port=443): Max retries exceeded with url: /positions?user=0x51393c00184b39182f09a8a62b8549642e69a8db&limit=500&sizeThreshold=1 (Caused by SSLError(SSLCertVerificationError(1, "[SSL: CERTIFICATE_VERIFY_FAILED] certificate verify failed: Hostname mismatch, certificate is not valid for 'data-api.polymarket.com'. (_ssl.c:1032)")))
[warn] GET failed after retries: https://data-api.polymarket.com/positions params={'user': '0x7ee1b64be7016b0b0234ab6cabcaa689fd18dae8', 'limit': 500, 'sizeThreshold': 1} err=HTTPSConnectionPool(host='data-api.polymarket.com', port=443): Max retries exceeded with url: /positions?user=0x7ee1b64be7016b0b0234ab6cabcaa689fd18dae8&limit=500&sizeThreshold=1 (Caused by SSLError(SSLCertVerificationError(1, "[SSL: CERTIFICATE_VERIFY_FAILED] certificate verify failed: Hostname mismatch, certificate is not valid for 'data-api.polymarket.com'. (_ssl.c:1032)")))
[warn] GET failed after retries: https://data-api.polymarket.com/positions params={'user': '0x55be7aa03ecfbe37aa5460db791205f7ac9ddca3', 'limit': 500, 'sizeThreshold': 1} err=HTTPSConnectionPool(host='data-api.polymarket.com', port=443): Max retries exceeded with url: /positions?user=0x55be7aa03ecfbe37aa5460db791205f7ac9ddca3&limit=500&sizeThreshold=1 (Caused by SSLError(SSLCertVerificationError(1, "[SSL: CERTIFICATE_VERIFY_FAILED] certificate verify failed: Hostname mismatch, certificate is not valid for 'data-api.polymarket.com'. (_ssl.c:1032)")))
[warn] GET failed after retries: https://data-api.polymarket.com/positions params={'user': '0x1ff26f9f8a048d4f6fb2e4283f32f6ca64d2dbbd', 'limit': 500, 'sizeThreshold': 1} err=HTTPSConnectionPool(host='data-api.polymarket.com', port=443): Max retries exceeded with url: /positions?user=0x1ff26f9f8a048d4f6fb2e4283f32f6ca64d2dbbd&limit=500&sizeThreshold=1 (Caused by SSLError(SSLCertVerificationError(1, "[SSL: CERTIFICATE_VERIFY_FAILED] certificate verify failed: Hostname mismatch, certificate is not valid for 'data-api.polymarket.com'. (_ssl.c:1032)")))
[warn] GET failed after retries: https://data-api.polymarket.com/positions params={'user': '0x1cc16713196d456f86fa9c7387dd326a7f73b8df', 'limit': 500, 'sizeThreshold': 1} err=HTTPSConnectionPool(host='data-api.polymarket.com', port=443): Max retries exceeded with url: /positions?user=0x1cc16713196d456f86fa9c7387dd326a7f73b8df&limit=500&sizeThreshold=1 (Caused by SSLError(SSLCertVerificationError(1, "[SSL: CERTIFICATE_VERIFY_FAILED] certificate verify failed: Hostname mismatch, certificate is not valid for 'data-api.polymarket.com'. (_ssl.c:1032)")))
[warn] GET failed after retries: https://data-api.polymarket.com/positions params={'user': '0x1d8a377c5020f612ce63a0a151970df64baae842', 'limit': 500, 'sizeThreshold': 1} err=HTTPSConnectionPool(host='data-api.polymarket.com', port=443): Max retries exceeded with url: /positions?user=0x1d8a377c5020f612ce63a0a151970df64baae842&limit=500&sizeThreshold=1 (Caused by SSLError(SSLCertVerificationError(1, "[SSL: CERTIFICATE_VERIFY_FAILED] certificate verify failed: Hostname mismatch, certificate is not valid for 'data-api.polymarket.com'. (_ssl.c:1032)")))
[warn] GET failed after retries: https://data-api.polymarket.com/positions params={'user': '0x9703676286b93c2eca71ca96e8757104519a69c2', 'limit': 500, 'sizeThreshold': 1} err=HTTPSConnectionPool(host='data-api.polymarket.com', port=443): Max retries exceeded with url: /positions?user=0x9703676286b93c2eca71ca96e8757104519a69c2&limit=500&sizeThreshold=1 (Caused by SSLError(SSLCertVerificationError(1, "[SSL: CERTIFICATE_VERIFY_FAILED] certificate verify failed: Hostname mismatch, certificate is not valid for 'data-api.polymarket.com'. (_ssl.c:1032)")))
[warn] GET failed after retries: https://data-api.polymarket.com/positions params={'user': '0xf195721ad850377c96cd634457c70cd9e8308057', 'limit': 500, 'sizeThreshold': 1} err=HTTPSConnectionPool(host='data-api.polymarket.com', port=443): Max retries exceeded with url: /positions?user=0xf195721ad850377c96cd634457c70cd9e8308057&limit=500&sizeThreshold=1 (Caused by SSLError(SSLCertVerificationError(1, "[SSL: CERTIFICATE_VERIFY_FAILED] certificate verify failed: Hostname mismatch, certificate is not valid for 'data-api.polymarket.com'. (_ssl.c:1032)")))
[warn] GET failed after retries: https://data-api.polymarket.com/positions params={'user': '0x6e82b93eb57b01a63027bd0c6d2f3f04934a752c', 'limit': 500, 'sizeThreshold': 1} err=HTTPSConnectionPool(host='data-api.polymarket.com', port=443): Max retries exceeded with url: /positions?user=0x6e82b93eb57b01a63027bd0c6d2f3f04934a752c&limit=500&sizeThreshold=1 (Caused by SSLError(SSLCertVerificationError(1, "[SSL: CERTIFICATE_VERIFY_FAILED] certificate verify failed: Hostname mismatch, certificate is not valid for 'data-api.polymarket.com'. (_ssl.c:1032)")))
[warn] GET failed after retries: https://data-api.polymarket.com/positions params={'user': '0x9b3dcd99eec7fe11602e6534e6302c0f318d7422', 'limit': 500, 'sizeThreshold': 1} err=HTTPSConnectionPool(host='data-api.polymarket.com', port=443): Max retries exceeded with url: /positions?user=0x9b3dcd99eec7fe11602e6534e6302c0f318d7422&limit=500&sizeThreshold=1 (Caused by SSLError(SSLCertVerificationError(1, "[SSL: CERTIFICATE_VERIFY_FAILED] certificate verify failed: Hostname mismatch, certificate is not valid for 'data-api.polymarket.com'. (_ssl.c:1032)")))
[warn] GET failed after retries: https://data-api.polymarket.com/positions params={'user': '0x8a4c788f043023b8b28a762216d037e9f148532b', 'limit': 500, 'sizeThreshold': 1} err=HTTPSConnectionPool(host='data-api.polymarket.com', port=443): Max retries exceeded with url: /positions?user=0x8a4c788f043023b8b28a762216d037e9f148532b&limit=500&sizeThreshold=1 (Caused by SSLError(SSLCertVerificationError(1, "[SSL: CERTIFICATE_VERIFY_FAILED] certificate verify failed: Hostname mismatch, certificate is not valid for 'data-api.polymarket.com'. (_ssl.c:1032)")))
[warn] GET failed after retries: https://data-api.polymarket.com/positions params={'user': '0x67542c3219b37fd1610aad290676ff91cdbfe3bc', 'limit': 500, 'sizeThreshold': 1} err=HTTPSConnectionPool(host='data-api.polymarket.com', port=443): Max retries exceeded with url: /positions?user=0x67542c3219b37fd1610aad290676ff91cdbfe3bc&limit=500&sizeThreshold=1 (Caused by SSLError(SSLCertVerificationError(1, "[SSL: CERTIFICATE_VERIFY_FAILED] certificate verify failed: Hostname mismatch, certificate is not valid for 'data-api.polymarket.com'. (_ssl.c:1032)")))
    ...read 60/116 traders
[warn] GET failed after retries: https://data-api.polymarket.com/positions params={'user': '0x83720820a8aa6c3f20ad71850e7a1a17d16c5223', 'limit': 500, 'sizeThreshold': 1} err=HTTPSConnectionPool(host='data-api.polymarket.com', port=443): Max retries exceeded with url: /positions?user=0x83720820a8aa6c3f20ad71850e7a1a17d16c5223&limit=500&sizeThreshold=1 (Caused by SSLError(SSLCertVerificationError(1, "[SSL: CERTIFICATE_VERIFY_FAILED] certificate verify failed: Hostname mismatch, certificate is not valid for 'data-api.polymarket.com'. (_ssl.c:1032)")))
[warn] GET failed after retries: https://data-api.polymarket.com/positions params={'user': '0x924379a79c64b77ad5816ad362122a5f6228658e', 'limit': 500, 'sizeThreshold': 1} err=HTTPSConnectionPool(host='data-api.polymarket.com', port=443): Max retries exceeded with url: /positions?user=0x924379a79c64b77ad5816ad362122a5f6228658e&limit=500&sizeThreshold=1 (Caused by SSLError(SSLCertVerificationError(1, "[SSL: CERTIFICATE_VERIFY_FAILED] certificate verify failed: Hostname mismatch, certificate is not valid for 'data-api.polymarket.com'. (_ssl.c:1032)")))
[warn] GET failed after retries: https://data-api.polymarket.com/positions params={'user': '0xbc1b1e935cf5a06f9378fe2b249338649dc29d59', 'limit': 500, 'sizeThreshold': 1} err=HTTPSConnectionPool(host='data-api.polymarket.com', port=443): Max retries exceeded with url: /positions?user=0xbc1b1e935cf5a06f9378fe2b249338649dc29d59&limit=500&sizeThreshold=1 (Caused by SSLError(SSLCertVerificationError(1, "[SSL: CERTIFICATE_VERIFY_FAILED] certificate verify failed: Hostname mismatch, certificate is not valid for 'data-api.polymarket.com'. (_ssl.c:1032)")))
[warn] GET failed after retries: https://data-api.polymarket.com/positions params={'user': '0x9b89ef1f344d3e17b37ccdff3bccf62d04f04244', 'limit': 500, 'sizeThreshold': 1} err=HTTPSConnectionPool(host='data-api.polymarket.com', port=443): Max retries exceeded with url: /positions?user=0x9b89ef1f344d3e17b37ccdff3bccf62d04f04244&limit=500&sizeThreshold=1 (Caused by SSLError(SSLCertVerificationError(1, "[SSL: CERTIFICATE_VERIFY_FAILED] certificate verify failed: Hostname mismatch, certificate is not valid for 'data-api.polymarket.com'. (_ssl.c:1032)")))
[warn] GET failed after retries: https://data-api.polymarket.com/positions params={'user': '0xe9a6ed2e4d4ee8ce47cd47cac834746dc4cf627b', 'limit': 500, 'sizeThreshold': 1} err=HTTPSConnectionPool(host='data-api.polymarket.com', port=443): Max retries exceeded with url: /positions?user=0xe9a6ed2e4d4ee8ce47cd47cac834746dc4cf627b&limit=500&sizeThreshold=1 (Caused by SSLError(SSLCertVerificationError(1, "[SSL: CERTIFICATE_VERIFY_FAILED] certificate verify failed: Hostname mismatch, certificate is not valid for 'data-api.polymarket.com'. (_ssl.c:1032)")))
[warn] GET failed after retries: https://data-api.polymarket.com/positions params={'user': '0x545129ec7719de8599872cc52850f9f19462616c', 'limit': 500, 'sizeThreshold': 1} err=HTTPSConnectionPool(host='data-api.polymarket.com', port=443): Max retries exceeded with url: /positions?user=0x545129ec7719de8599872cc52850f9f19462616c&limit=500&sizeThreshold=1 (Caused by SSLError(SSLCertVerificationError(1, "[SSL: CERTIFICATE_VERIFY_FAILED] certificate verify failed: Hostname mismatch, certificate is not valid for 'data-api.polymarket.com'. (_ssl.c:1032)")))
[warn] GET failed after retries: https://data-api.polymarket.com/positions params={'user': '0x65018f9fc473f6e920b8929a375d39c26a461220', 'limit': 500, 'sizeThreshold': 1} err=HTTPSConnectionPool(host='data-api.polymarket.com', port=443): Max retries exceeded with url: /positions?user=0x65018f9fc473f6e920b8929a375d39c26a461220&limit=500&sizeThreshold=1 (Caused by SSLError(SSLCertVerificationError(1, "[SSL: CERTIFICATE_VERIFY_FAILED] certificate verify failed: Hostname mismatch, certificate is not valid for 'data-api.polymarket.com'. (_ssl.c:1032)")))
[warn] GET failed after retries: https://data-api.polymarket.com/positions params={'user': '0xa49becb692927d455924583b5e3e5788246f4c40', 'limit': 500, 'sizeThreshold': 1} err=HTTPSConnectionPool(host='data-api.polymarket.com', port=443): Max retries exceeded with url: /positions?user=0xa49becb692927d455924583b5e3e5788246f4c40&limit=500&sizeThreshold=1 (Caused by SSLError(SSLCertVerificationError(1, "[SSL: CERTIFICATE_VERIFY_FAILED] certificate verify failed: Hostname mismatch, certificate is not valid for 'data-api.polymarket.com'. (_ssl.c:1032)")))
[warn] GET failed after retries: https://data-api.polymarket.com/positions params={'user': '0xa6d188fb70c2e2e9ad411c42c02379ed3020286a', 'limit': 500, 'sizeThreshold': 1} err=HTTPSConnectionPool(host='data-api.polymarket.com', port=443): Max retries exceeded with url: /positions?user=0xa6d188fb70c2e2e9ad411c42c02379ed3020286a&limit=500&sizeThreshold=1 (Caused by SSLError(SSLCertVerificationError(1, "[SSL: CERTIFICATE_VERIFY_FAILED] certificate verify failed: Hostname mismatch, certificate is not valid for 'data-api.polymarket.com'. (_ssl.c:1032)")))
[warn] GET failed after retries: https://data-api.polymarket.com/positions params={'user': '0x7d787c72c8317046fda90814a93c87fc192529a5', 'limit': 500, 'sizeThreshold': 1} err=HTTPSConnectionPool(host='data-api.polymarket.com', port=443): Max retries exceeded with url: /positions?user=0x7d787c72c8317046fda90814a93c87fc192529a5&limit=500&sizeThreshold=1 (Caused by SSLError(SSLCertVerificationError(1, "[SSL: CERTIFICATE_VERIFY_FAILED] certificate verify failed: Hostname mismatch, certificate is not valid for 'data-api.polymarket.com'. (_ssl.c:1032)")))
[warn] GET failed after retries: https://data-api.polymarket.com/positions params={'user': '0xfaa2b54347bd9a9f62d6e4bfb2d3180da53de80a', 'limit': 500, 'sizeThreshold': 1} err=HTTPSConnectionPool(host='data-api.polymarket.com', port=443): Max retries exceeded with url: /positions?user=0xfaa2b54347bd9a9f62d6e4bfb2d3180da53de80a&limit=500&sizeThreshold=1 (Caused by SSLError(SSLCertVerificationError(1, "[SSL: CERTIFICATE_VERIFY_FAILED] certificate verify failed: Hostname mismatch, certificate is not valid for 'data-api.polymarket.com'. (_ssl.c:1032)")))
[warn] GET failed after retries: https://data-api.polymarket.com/positions params={'user': '0xc41d736bded9ed1accd6a44235039266219774fd', 'limit': 500, 'sizeThreshold': 1} err=HTTPSConnectionPool(host='data-api.polymarket.com', port=443): Max retries exceeded with url: /positions?user=0xc41d736bded9ed1accd6a44235039266219774fd&limit=500&sizeThreshold=1 (Caused by SSLError(SSLCertVerificationError(1, "[SSL: CERTIFICATE_VERIFY_FAILED] certificate verify failed: Hostname mismatch, certificate is not valid for 'data-api.polymarket.com'. (_ssl.c:1032)")))
[warn] GET failed after retries: https://data-api.polymarket.com/positions params={'user': '0xa6cd8300ff70129ced69975180609e40a12b2f2c', 'limit': 500, 'sizeThreshold': 1} err=HTTPSConnectionPool(host='data-api.polymarket.com', port=443): Max retries exceeded with url: /positions?user=0xa6cd8300ff70129ced69975180609e40a12b2f2c&limit=500&sizeThreshold=1 (Caused by SSLError(SSLCertVerificationError(1, "[SSL: CERTIFICATE_VERIFY_FAILED] certificate verify failed: Hostname mismatch, certificate is not valid for 'data-api.polymarket.com'. (_ssl.c:1032)")))
[warn] GET failed after retries: https://data-api.polymarket.com/positions params={'user': '0xf1528f12e645462c344799b62b1b421a6a4c64aa', 'limit': 500, 'sizeThreshold': 1} err=HTTPSConnectionPool(host='data-api.polymarket.com', port=443): Max retries exceeded with url: /positions?user=0xf1528f12e645462c344799b62b1b421a6a4c64aa&limit=500&sizeThreshold=1 (Caused by SSLError(SSLCertVerificationError(1, "[SSL: CERTIFICATE_VERIFY_FAILED] certificate verify failed: Hostname mismatch, certificate is not valid for 'data-api.polymarket.com'. (_ssl.c:1032)")))
[warn] GET failed after retries: https://data-api.polymarket.com/positions params={'user': '0x547f2917d51f2e63ab382dcf641d4e0240162937', 'limit': 500, 'sizeThreshold': 1} err=HTTPSConnectionPool(host='data-api.polymarket.com', port=443): Max retries exceeded with url: /positions?user=0x547f2917d51f2e63ab382dcf641d4e0240162937&limit=500&sizeThreshold=1 (Caused by SSLError(SSLCertVerificationError(1, "[SSL: CERTIFICATE_VERIFY_FAILED] certificate verify failed: Hostname mismatch, certificate is not valid for 'data-api.polymarket.com'. (_ssl.c:1032)")))
[warn] GET failed after retries: https://data-api.polymarket.com/positions params={'user': '0x73bcd24d510ff4e4d5feac6aec763c5511e246ce', 'limit': 500, 'sizeThreshold': 1} err=HTTPSConnectionPool(host='data-api.polymarket.com', port=443): Max retries exceeded with url: /positions?user=0x73bcd24d510ff4e4d5feac6aec763c5511e246ce&limit=500&sizeThreshold=1 (Caused by SSLError(SSLCertVerificationError(1, "[SSL: CERTIFICATE_VERIFY_FAILED] certificate verify failed: Hostname mismatch, certificate is not valid for 'data-api.polymarket.com'. (_ssl.c:1032)")))
[warn] GET failed after retries: https://data-api.polymarket.com/positions params={'user': '0x37e053beabee77acc15e641dfe8e395b2b2d024e', 'limit': 500, 'sizeThreshold': 1} err=HTTPSConnectionPool(host='data-api.polymarket.com', port=443): Max retries exceeded with url: /positions?user=0x37e053beabee77acc15e641dfe8e395b2b2d024e&limit=500&sizeThreshold=1 (Caused by SSLError(SSLCertVerificationError(1, "[SSL: CERTIFICATE_VERIFY_FAILED] certificate verify failed: Hostname mismatch, certificate is not valid for 'data-api.polymarket.com'. (_ssl.c:1032)")))
[warn] GET failed after retries: https://data-api.polymarket.com/positions params={'user': '0x1465b79bff7992bc703e1aafb3683b1089647072', 'limit': 500, 'sizeThreshold': 1} err=HTTPSConnectionPool(host='data-api.polymarket.com', port=443): Max retries exceeded with url: /positions?user=0x1465b79bff7992bc703e1aafb3683b1089647072&limit=500&sizeThreshold=1 (Caused by SSLError(SSLCertVerificationError(1, "[SSL: CERTIFICATE_VERIFY_FAILED] certificate verify failed: Hostname mismatch, certificate is not valid for 'data-api.polymarket.com'. (_ssl.c:1032)")))
[warn] GET failed after retries: https://data-api.polymarket.com/positions params={'user': '0xcf6c5492124794394dd9eac46498a8babbe47e66', 'limit': 500, 'sizeThreshold': 1} err=HTTPSConnectionPool(host='data-api.polymarket.com', port=443): Max retries exceeded with url: /positions?user=0xcf6c5492124794394dd9eac46498a8babbe47e66&limit=500&sizeThreshold=1 (Caused by SSLError(SSLCertVerificationError(1, "[SSL: CERTIFICATE_VERIFY_FAILED] certificate verify failed: Hostname mismatch, certificate is not valid for 'data-api.polymarket.com'. (_ssl.c:1032)")))
[warn] GET failed after retries: https://data-api.polymarket.com/positions params={'user': '0xe0ac9addc56c19e771a0524f5d172af4d7a476ff', 'limit': 500, 'sizeThreshold': 1} err=HTTPSConnectionPool(host='data-api.polymarket.com', port=443): Max retries exceeded with url: /positions?user=0xe0ac9addc56c19e771a0524f5d172af4d7a476ff&limit=500&sizeThreshold=1 (Caused by SSLError(SSLCertVerificationError(1, "[SSL: CERTIFICATE_VERIFY_FAILED] certificate verify failed: Hostname mismatch, certificate is not valid for 'data-api.polymarket.com'. (_ssl.c:1032)")))
    ...read 80/116 traders
[warn] GET failed after retries: https://data-api.polymarket.com/positions params={'user': '0x2a69660046d7acc4ab204d7cc5ba78b0776cd2f7', 'limit': 500, 'sizeThreshold': 1} err=HTTPSConnectionPool(host='data-api.polymarket.com', port=443): Max retries exceeded with url: /positions?user=0x2a69660046d7acc4ab204d7cc5ba78b0776cd2f7&limit=500&sizeThreshold=1 (Caused by SSLError(SSLCertVerificationError(1, "[SSL: CERTIFICATE_VERIFY_FAILED] certificate verify failed: Hostname mismatch, certificate is not valid for 'data-api.polymarket.com'. (_ssl.c:1032)")))
[warn] GET failed after retries: https://data-api.polymarket.com/positions params={'user': '0x10a6fadcbacd66330862206f6199b197e3ad4d8b', 'limit': 500, 'sizeThreshold': 1} err=HTTPSConnectionPool(host='data-api.polymarket.com', port=443): Max retries exceeded with url: /positions?user=0x10a6fadcbacd66330862206f6199b197e3ad4d8b&limit=500&sizeThreshold=1 (Caused by SSLError(SSLCertVerificationError(1, "[SSL: CERTIFICATE_VERIFY_FAILED] certificate verify failed: Hostname mismatch, certificate is not valid for 'data-api.polymarket.com'. (_ssl.c:1032)")))
[warn] GET failed after retries: https://data-api.polymarket.com/positions params={'user': '0x2dc13c6bda81b202281e796953a7323de675b33c', 'limit': 500, 'sizeThreshold': 1} err=HTTPSConnectionPool(host='data-api.polymarket.com', port=443): Max retries exceeded with url: /positions?user=0x2dc13c6bda81b202281e796953a7323de675b33c&limit=500&sizeThreshold=1 (Caused by SSLError(SSLCertVerificationError(1, "[SSL: CERTIFICATE_VERIFY_FAILED] certificate verify failed: Hostname mismatch, certificate is not valid for 'data-api.polymarket.com'. (_ssl.c:1032)")))
[warn] GET failed after retries: https://data-api.polymarket.com/positions params={'user': '0xca97f5464912ba0308bd40c095bea215980849f6', 'limit': 500, 'sizeThreshold': 1} err=HTTPSConnectionPool(host='data-api.polymarket.com', port=443): Max retries exceeded with url: /positions?user=0xca97f5464912ba0308bd40c095bea215980849f6&limit=500&sizeThreshold=1 (Caused by SSLError(SSLCertVerificationError(1, "[SSL: CERTIFICATE_VERIFY_FAILED] certificate verify failed: Hostname mismatch, certificate is not valid for 'data-api.polymarket.com'. (_ssl.c:1032)")))
[warn] GET failed after retries: https://data-api.polymarket.com/positions params={'user': '0x73c5701afdefba2814193168448b2992306b2f80', 'limit': 500, 'sizeThreshold': 1} err=HTTPSConnectionPool(host='data-api.polymarket.com', port=443): Max retries exceeded with url: /positions?user=0x73c5701afdefba2814193168448b2992306b2f80&limit=500&sizeThreshold=1 (Caused by SSLError(SSLCertVerificationError(1, "[SSL: CERTIFICATE_VERIFY_FAILED] certificate verify failed: Hostname mismatch, certificate is not valid for 'data-api.polymarket.com'. (_ssl.c:1032)")))
[warn] GET failed after retries: https://data-api.polymarket.com/positions params={'user': '0x0224bb9eb0a5c9fd261ac9123a72cbdd5748292a', 'limit': 500, 'sizeThreshold': 1} err=HTTPSConnectionPool(host='data-api.polymarket.com', port=443): Max retries exceeded with url: /positions?user=0x0224bb9eb0a5c9fd261ac9123a72cbdd5748292a&limit=500&sizeThreshold=1 (Caused by SSLError(SSLCertVerificationError(1, "[SSL: CERTIFICATE_VERIFY_FAILED] certificate verify failed: Hostname mismatch, certificate is not valid for 'data-api.polymarket.com'. (_ssl.c:1032)")))
[warn] GET failed after retries: https://data-api.polymarket.com/positions params={'user': '0xf0726b6a29afdfd3c193aa5540df16b0175d467a', 'limit': 500, 'sizeThreshold': 1} err=HTTPSConnectionPool(host='data-api.polymarket.com', port=443): Max retries exceeded with url: /positions?user=0xf0726b6a29afdfd3c193aa5540df16b0175d467a&limit=500&sizeThreshold=1 (Caused by SSLError(SSLCertVerificationError(1, "[SSL: CERTIFICATE_VERIFY_FAILED] certificate verify failed: Hostname mismatch, certificate is not valid for 'data-api.polymarket.com'. (_ssl.c:1032)")))
[warn] GET failed after retries: https://data-api.polymarket.com/positions params={'user': '0xc660ae71765d0d9eaf5fa8328c1c959841d2bd28', 'limit': 500, 'sizeThreshold': 1} err=HTTPSConnectionPool(host='data-api.polymarket.com', port=443): Max retries exceeded with url: /positions?user=0xc660ae71765d0d9eaf5fa8328c1c959841d2bd28&limit=500&sizeThreshold=1 (Caused by SSLError(SSLCertVerificationError(1, "[SSL: CERTIFICATE_VERIFY_FAILED] certificate verify failed: Hostname mismatch, certificate is not valid for 'data-api.polymarket.com'. (_ssl.c:1032)")))
[warn] GET failed after retries: https://data-api.polymarket.com/positions params={'user': '0x162ca4c5249987872fea1e15c846d7fe80316c47', 'limit': 500, 'sizeThreshold': 1} err=HTTPSConnectionPool(host='data-api.polymarket.com', port=443): Max retries exceeded with url: /positions?user=0x162ca4c5249987872fea1e15c846d7fe80316c47&limit=500&sizeThreshold=1 (Caused by SSLError(SSLCertVerificationError(1, "[SSL: CERTIFICATE_VERIFY_FAILED] certificate verify failed: Hostname mismatch, certificate is not valid for 'data-api.polymarket.com'. (_ssl.c:1032)")))
[warn] GET failed after retries: https://data-api.polymarket.com/positions params={'user': '0x7650e94d9c2decc455d7e2b9f8af0c0aa319fac1', 'limit': 500, 'sizeThreshold': 1} err=HTTPSConnectionPool(host='data-api.polymarket.com', port=443): Max retries exceeded with url: /positions?user=0x7650e94d9c2decc455d7e2b9f8af0c0aa319fac1&limit=500&sizeThreshold=1 (Caused by SSLError(SSLCertVerificationError(1, "[SSL: CERTIFICATE_VERIFY_FAILED] certificate verify failed: Hostname mismatch, certificate is not valid for 'data-api.polymarket.com'. (_ssl.c:1032)")))
[warn] GET failed after retries: https://data-api.polymarket.com/positions params={'user': '0x8a269634753d90783f52c58e5ae9a8b9679e937e', 'limit': 500, 'sizeThreshold': 1} err=HTTPSConnectionPool(host='data-api.polymarket.com', port=443): Max retries exceeded with url: /positions?user=0x8a269634753d90783f52c58e5ae9a8b9679e937e&limit=500&sizeThreshold=1 (Caused by SSLError(SSLCertVerificationError(1, "[SSL: CERTIFICATE_VERIFY_FAILED] certificate verify failed: Hostname mismatch, certificate is not valid for 'data-api.polymarket.com'. (_ssl.c:1032)")))
[warn] GET failed after retries: https://data-api.polymarket.com/positions params={'user': '0x336bf6f91a4619d54f0711a20fe468adf4d71233', 'limit': 500, 'sizeThreshold': 1} err=HTTPSConnectionPool(host='data-api.polymarket.com', port=443): Max retries exceeded with url: /positions?user=0x336bf6f91a4619d54f0711a20fe468adf4d71233&limit=500&sizeThreshold=1 (Caused by SSLError(SSLCertVerificationError(1, "[SSL: CERTIFICATE_VERIFY_FAILED] certificate verify failed: Hostname mismatch, certificate is not valid for 'data-api.polymarket.com'. (_ssl.c:1032)")))
[warn] GET failed after retries: https://data-api.polymarket.com/positions params={'user': '0x8806a6f1a847ba4360599ce0f54ce96167712e83', 'limit': 500, 'sizeThreshold': 1} err=HTTPSConnectionPool(host='data-api.polymarket.com', port=443): Max retries exceeded with url: /positions?user=0x8806a6f1a847ba4360599ce0f54ce96167712e83&limit=500&sizeThreshold=1 (Caused by SSLError(SSLCertVerificationError(1, "[SSL: CERTIFICATE_VERIFY_FAILED] certificate verify failed: Hostname mismatch, certificate is not valid for 'data-api.polymarket.com'. (_ssl.c:1032)")))
[warn] GET failed after retries: https://data-api.polymarket.com/positions params={'user': '0xdbdd45150249e229eb4ca8aa48a30dca21faa5de', 'limit': 500, 'sizeThreshold': 1} err=HTTPSConnectionPool(host='data-api.polymarket.com', port=443): Max retries exceeded with url: /positions?user=0xdbdd45150249e229eb4ca8aa48a30dca21faa5de&limit=500&sizeThreshold=1 (Caused by SSLError(SSLCertVerificationError(1, "[SSL: CERTIFICATE_VERIFY_FAILED] certificate verify failed: Hostname mismatch, certificate is not valid for 'data-api.polymarket.com'. (_ssl.c:1032)")))
[warn] GET failed after retries: https://data-api.polymarket.com/positions params={'user': '0x36a74fda8204b1e1680b8512613b0b520f7eb6e9', 'limit': 500, 'sizeThreshold': 1} err=HTTPSConnectionPool(host='data-api.polymarket.com', port=443): Max retries exceeded with url: /positions?user=0x36a74fda8204b1e1680b8512613b0b520f7eb6e9&limit=500&sizeThreshold=1 (Caused by SSLError(SSLCertVerificationError(1, "[SSL: CERTIFICATE_VERIFY_FAILED] certificate verify failed: Hostname mismatch, certificate is not valid for 'data-api.polymarket.com'. (_ssl.c:1032)")))
[warn] GET failed after retries: https://data-api.polymarket.com/positions params={'user': '0xe548376f231af12b4d56aff55a7503a88892a9fe', 'limit': 500, 'sizeThreshold': 1} err=HTTPSConnectionPool(host='data-api.polymarket.com', port=443): Max retries exceeded with url: /positions?user=0xe548376f231af12b4d56aff55a7503a88892a9fe&limit=500&sizeThreshold=1 (Caused by SSLError(SSLCertVerificationError(1, "[SSL: CERTIFICATE_VERIFY_FAILED] certificate verify failed: Hostname mismatch, certificate is not valid for 'data-api.polymarket.com'. (_ssl.c:1032)")))
[warn] GET failed after retries: https://data-api.polymarket.com/positions params={'user': '0x45721362269008ac5988bec2e5c22ca463af5e86', 'limit': 500, 'sizeThreshold': 1} err=HTTPSConnectionPool(host='data-api.polymarket.com', port=443): Max retries exceeded with url: /positions?user=0x45721362269008ac5988bec2e5c22ca463af5e86&limit=500&sizeThreshold=1 (Caused by SSLError(SSLCertVerificationError(1, "[SSL: CERTIFICATE_VERIFY_FAILED] certificate verify failed: Hostname mismatch, certificate is not valid for 'data-api.polymarket.com'. (_ssl.c:1032)")))
[warn] GET failed after retries: https://data-api.polymarket.com/positions params={'user': '0xc29198ad764bd6adaf7bb971a3757a689ece5d74', 'limit': 500, 'sizeThreshold': 1} err=HTTPSConnectionPool(host='data-api.polymarket.com', port=443): Max retries exceeded with url: /positions?user=0xc29198ad764bd6adaf7bb971a3757a689ece5d74&limit=500&sizeThreshold=1 (Caused by SSLError(SSLCertVerificationError(1, "[SSL: CERTIFICATE_VERIFY_FAILED] certificate verify failed: Hostname mismatch, certificate is not valid for 'data-api.polymarket.com'. (_ssl.c:1032)")))
[warn] GET failed after retries: https://data-api.polymarket.com/positions params={'user': '0xc57f19fd86e4531560980d1cd73310c9fbfbc909', 'limit': 500, 'sizeThreshold': 1} err=HTTPSConnectionPool(host='data-api.polymarket.com', port=443): Max retries exceeded with url: /positions?user=0xc57f19fd86e4531560980d1cd73310c9fbfbc909&limit=500&sizeThreshold=1 (Caused by SSLError(SSLCertVerificationError(1, "[SSL: CERTIFICATE_VERIFY_FAILED] certificate verify failed: Hostname mismatch, certificate is not valid for 'data-api.polymarket.com'. (_ssl.c:1032)")))
[warn] GET failed after retries: https://data-api.polymarket.com/positions params={'user': '0x1a2f67124f12eaa88be0f6683a95abede555647a', 'limit': 500, 'sizeThreshold': 1} err=HTTPSConnectionPool(host='data-api.polymarket.com', port=443): Max retries exceeded with url: /positions?user=0x1a2f67124f12eaa88be0f6683a95abede555647a&limit=500&sizeThreshold=1 (Caused by SSLError(SSLCertVerificationError(1, "[SSL: CERTIFICATE_VERIFY_FAILED] certificate verify failed: Hostname mismatch, certificate is not valid for 'data-api.polymarket.com'. (_ssl.c:1032)")))
    ...read 100/116 traders
[warn] GET failed after retries: https://data-api.polymarket.com/positions params={'user': '0xd81e5bc01e4a98d0af93d82dc2c542a4c0f9e3d0', 'limit': 500, 'sizeThreshold': 1} err=HTTPSConnectionPool(host='data-api.polymarket.com', port=443): Max retries exceeded with url: /positions?user=0xd81e5bc01e4a98d0af93d82dc2c542a4c0f9e3d0&limit=500&sizeThreshold=1 (Caused by SSLError(SSLCertVerificationError(1, "[SSL: CERTIFICATE_VERIFY_FAILED] certificate verify failed: Hostname mismatch, certificate is not valid for 'data-api.polymarket.com'. (_ssl.c:1032)")))
[warn] GET failed after retries: https://data-api.polymarket.com/positions params={'user': '0x122b758a408246a180efeb5ba654e21b553fac59', 'limit': 500, 'sizeThreshold': 1} err=HTTPSConnectionPool(host='data-api.polymarket.com', port=443): Max retries exceeded with url: /positions?user=0x122b758a408246a180efeb5ba654e21b553fac59&limit=500&sizeThreshold=1 (Caused by SSLError(SSLCertVerificationError(1, "[SSL: CERTIFICATE_VERIFY_FAILED] certificate verify failed: Hostname mismatch, certificate is not valid for 'data-api.polymarket.com'. (_ssl.c:1032)")))
[warn] GET failed after retries: https://data-api.polymarket.com/positions params={'user': '0x325f0e5b5afc66ff54102d850f67f0c621304511', 'limit': 500, 'sizeThreshold': 1} err=HTTPSConnectionPool(host='data-api.polymarket.com', port=443): Max retries exceeded with url: /positions?user=0x325f0e5b5afc66ff54102d850f67f0c621304511&limit=500&sizeThreshold=1 (Caused by SSLError(SSLCertVerificationError(1, "[SSL: CERTIFICATE_VERIFY_FAILED] certificate verify failed: Hostname mismatch, certificate is not valid for 'data-api.polymarket.com'. (_ssl.c:1032)")))
[warn] GET failed after retries: https://data-api.polymarket.com/positions params={'user': '0xc8075693f48668a264b9fa313b47f52712fcc12b', 'limit': 500, 'sizeThreshold': 1} err=HTTPSConnectionPool(host='data-api.polymarket.com', port=443): Max retries exceeded with url: /positions?user=0xc8075693f48668a264b9fa313b47f52712fcc12b&limit=500&sizeThreshold=1 (Caused by SSLError(SSLCertVerificationError(1, "[SSL: CERTIFICATE_VERIFY_FAILED] certificate verify failed: Hostname mismatch, certificate is not valid for 'data-api.polymarket.com'. (_ssl.c:1032)")))
[warn] GET failed after retries: https://data-api.polymarket.com/positions params={'user': '0x9e86ad1cb29ab0ff1e00c89bf68b8db98d926dfb', 'limit': 500, 'sizeThreshold': 1} err=HTTPSConnectionPool(host='data-api.polymarket.com', port=443): Max retries exceeded with url: /positions?user=0x9e86ad1cb29ab0ff1e00c89bf68b8db98d926dfb&limit=500&sizeThreshold=1 (Caused by SSLError(SSLCertVerificationError(1, "[SSL: CERTIFICATE_VERIFY_FAILED] certificate verify failed: Hostname mismatch, certificate is not valid for 'data-api.polymarket.com'. (_ssl.c:1032)")))
[warn] GET failed after retries: https://data-api.polymarket.com/positions params={'user': '0xf3c73f43afd680a35b4c65af727ebf7a495dc83b', 'limit': 500, 'sizeThreshold': 1} err=HTTPSConnectionPool(host='data-api.polymarket.com', port=443): Max retries exceeded with url: /positions?user=0xf3c73f43afd680a35b4c65af727ebf7a495dc83b&limit=500&sizeThreshold=1 (Caused by SSLError(SSLCertVerificationError(1, "[SSL: CERTIFICATE_VERIFY_FAILED] certificate verify failed: Hostname mismatch, certificate is not valid for 'data-api.polymarket.com'. (_ssl.c:1032)")))
[warn] GET failed after retries: https://data-api.polymarket.com/positions params={'user': '0x67ac9e1ad7d7e74ef0215d14fc8edb538e4fedf1', 'limit': 500, 'sizeThreshold': 1} err=HTTPSConnectionPool(host='data-api.polymarket.com', port=443): Max retries exceeded with url: /positions?user=0x67ac9e1ad7d7e74ef0215d14fc8edb538e4fedf1&limit=500&sizeThreshold=1 (Caused by SSLError(SSLCertVerificationError(1, "[SSL: CERTIFICATE_VERIFY_FAILED] certificate verify failed: Hostname mismatch, certificate is not valid for 'data-api.polymarket.com'. (_ssl.c:1032)")))
[warn] GET failed after retries: https://data-api.polymarket.com/positions params={'user': '0x5b6331e7ff0831a3fe2ed12004747db1a9c911a4', 'limit': 500, 'sizeThreshold': 1} err=HTTPSConnectionPool(host='data-api.polymarket.com', port=443): Max retries exceeded with url: /positions?user=0x5b6331e7ff0831a3fe2ed12004747db1a9c911a4&limit=500&sizeThreshold=1 (Caused by SSLError(SSLCertVerificationError(1, "[SSL: CERTIFICATE_VERIFY_FAILED] certificate verify failed: Hostname mismatch, certificate is not valid for 'data-api.polymarket.com'. (_ssl.c:1032)")))
[warn] GET failed after retries: https://data-api.polymarket.com/positions params={'user': '0x55f544a537f6b9f50a8d27e662c250e93418e2a0', 'limit': 500, 'sizeThreshold': 1} err=HTTPSConnectionPool(host='data-api.polymarket.com', port=443): Max retries exceeded with url: /positions?user=0x55f544a537f6b9f50a8d27e662c250e93418e2a0&limit=500&sizeThreshold=1 (Caused by SSLError(SSLCertVerificationError(1, "[SSL: CERTIFICATE_VERIFY_FAILED] certificate verify failed: Hostname mismatch, certificate is not valid for 'data-api.polymarket.com'. (_ssl.c:1032)")))
[warn] GET failed after retries: https://data-api.polymarket.com/positions params={'user': '0x39932ca2b7a1b8ab6cbf0b8f7419261b950ccded', 'limit': 500, 'sizeThreshold': 1} err=HTTPSConnectionPool(host='data-api.polymarket.com', port=443): Max retries exceeded with url: /positions?user=0x39932ca2b7a1b8ab6cbf0b8f7419261b950ccded&limit=500&sizeThreshold=1 (Caused by SSLError(SSLCertVerificationError(1, "[SSL: CERTIFICATE_VERIFY_FAILED] certificate verify failed: Hostname mismatch, certificate is not valid for 'data-api.polymarket.com'. (_ssl.c:1032)")))
[warn] GET failed after retries: https://data-api.polymarket.com/positions params={'user': '0x6100acd1f9ebe426750cb5cf7bc89e262beaed95', 'limit': 500, 'sizeThreshold': 1} err=HTTPSConnectionPool(host='data-api.polymarket.com', port=443): Max retries exceeded with url: /positions?user=0x6100acd1f9ebe426750cb5cf7bc89e262beaed95&limit=500&sizeThreshold=1 (Caused by SSLError(SSLCertVerificationError(1, "[SSL: CERTIFICATE_VERIFY_FAILED] certificate verify failed: Hostname mismatch, certificate is not valid for 'data-api.polymarket.com'. (_ssl.c:1032)")))
[warn] GET failed after retries: https://data-api.polymarket.com/positions params={'user': '0x2e78d7a77df765928de65f17196671fa83f2067e', 'limit': 500, 'sizeThreshold': 1} err=HTTPSConnectionPool(host='data-api.polymarket.com', port=443): Max retries exceeded with url: /positions?user=0x2e78d7a77df765928de65f17196671fa83f2067e&limit=500&sizeThreshold=1 (Caused by SSLError(SSLCertVerificationError(1, "[SSL: CERTIFICATE_VERIFY_FAILED] certificate verify failed: Hostname mismatch, certificate is not valid for 'data-api.polymarket.com'. (_ssl.c:1032)")))
[warn] GET failed after retries: https://data-api.polymarket.com/positions params={'user': '0x87da2f16cf98af9b3e2f6ba6d9c4c470815b53d1', 'limit': 500, 'sizeThreshold': 1} err=HTTPSConnectionPool(host='data-api.polymarket.com', port=443): Max retries exceeded with url: /positions?user=0x87da2f16cf98af9b3e2f6ba6d9c4c470815b53d1&limit=500&sizeThreshold=1 (Caused by SSLError(SSLCertVerificationError(1, "[SSL: CERTIFICATE_VERIFY_FAILED] certificate verify failed: Hostname mismatch, certificate is not valid for 'data-api.polymarket.com'. (_ssl.c:1032)")))
[warn] GET failed after retries: https://data-api.polymarket.com/positions params={'user': '0x3d85d47d2f366dc0f2a21e95404428233bba197f', 'limit': 500, 'sizeThreshold': 1} err=HTTPSConnectionPool(host='data-api.polymarket.com', port=443): Max retries exceeded with url: /positions?user=0x3d85d47d2f366dc0f2a21e95404428233bba197f&limit=500&sizeThreshold=1 (Caused by SSLError(SSLCertVerificationError(1, "[SSL: CERTIFICATE_VERIFY_FAILED] certificate verify failed: Hostname mismatch, certificate is not valid for 'data-api.polymarket.com'. (_ssl.c:1032)")))
[warn] GET failed after retries: https://data-api.polymarket.com/positions params={'user': '0x54525ee78bd513b0bf75f94e560158f6fc35d448', 'limit': 500, 'sizeThreshold': 1} err=HTTPSConnectionPool(host='data-api.polymarket.com', port=443): Max retries exceeded with url: /positions?user=0x54525ee78bd513b0bf75f94e560158f6fc35d448&limit=500&sizeThreshold=1 (Caused by SSLError(SSLCertVerificationError(1, "[SSL: CERTIFICATE_VERIFY_FAILED] certificate verify failed: Hostname mismatch, certificate is not valid for 'data-api.polymarket.com'. (_ssl.c:1032)")))
[warn] GET failed after retries: https://data-api.polymarket.com/positions params={'user': '0xdb83e85ffd22faa4009273034770f96ffc5b1e50', 'limit': 500, 'sizeThreshold': 1} err=HTTPSConnectionPool(host='data-api.polymarket.com', port=443): Max retries exceeded with url: /positions?user=0xdb83e85ffd22faa4009273034770f96ffc5b1e50&limit=500&sizeThreshold=1 (Caused by SSLError(SSLCertVerificationError(1, "[SSL: CERTIFICATE_VERIFY_FAILED] certificate verify failed: Hostname mismatch, certificate is not valid for 'data-api.polymarket.com'. (_ssl.c:1032)")))
[warn] GET failed after retries: https://gamma-api.polymarket.com/markets params={'condition_ids': '0xa1cb668f44322a8975bdd12276b7c43bd7705b47298cc6d869858e62ead1435c'} err=HTTPSConnectionPool(host='gamma-api.polymarket.com', port=443): Max retries exceeded with url: /markets?condition_ids=0xa1cb668f44322a8975bdd12276b7c43bd7705b47298cc6d869858e62ead1435c (Caused by SSLError(SSLCertVerificationError(1, "[SSL: CERTIFICATE_VERIFY_FAILED] certificate verify failed: Hostname mismatch, certificate is not valid for 'gamma-api.polymarket.com'. (_ssl.c:1032)")))
[warn] GET failed after retries: https://gamma-api.polymarket.com/markets params={'condition_ids': '0x84f698ac4e21f27dfa51803083f5c115933c13611259e2968e4b2ba06f854912'} err=HTTPSConnectionPool(host='gamma-api.polymarket.com', port=443): Max retries exceeded with url: /markets?condition_ids=0x84f698ac4e21f27dfa51803083f5c115933c13611259e2968e4b2ba06f854912 (Caused by SSLError(SSLCertVerificationError(1, "[SSL: CERTIFICATE_VERIFY_FAILED] certificate verify failed: Hostname mismatch, certificate is not valid for 'gamma-api.polymarket.com'. (_ssl.c:1032)")))
[warn] GET failed after retries: https://gamma-api.polymarket.com/markets params={'condition_ids': '0x7976b8dbacf9077eb1453a62bcefd6ab2df199acd28aad276ff0d920d6992892'} err=HTTPSConnectionPool(host='gamma-api.polymarket.com', port=443): Max retries exceeded with url: /markets?condition_ids=0x7976b8dbacf9077eb1453a62bcefd6ab2df199acd28aad276ff0d920d6992892 (Caused by SSLError(SSLCertVerificationError(1, "[SSL: CERTIFICATE_VERIFY_FAILED] certificate verify failed: Hostname mismatch, certificate is not valid for 'gamma-api.polymarket.com'. (_ssl.c:1032)")))
[warn] GET failed after retries: https://gamma-api.polymarket.com/markets params={'condition_ids': '0x2745c38ff0617cb345c1d2df19b4f74ea777508e07411e88eeb6ab3affcda2a2'} err=HTTPSConnectionPool(host='gamma-api.polymarket.com', port=443): Max retries exceeded with url: /markets?condition_ids=0x2745c38ff0617cb345c1d2df19b4f74ea777508e07411e88eeb6ab3affcda2a2 (Caused by SSLError(SSLCertVerificationError(1, "[SSL: CERTIFICATE_VERIFY_FAILED] certificate verify failed: Hostname mismatch, certificate is not valid for 'gamma-api.polymarket.com'. (_ssl.c:1032)")))
[warn] GET failed after retries: https://gamma-api.polymarket.com/markets params={'condition_ids': '0xa01d48a973e40770719dab42faf1aeae5da4376d9eca46e77265c7551d1be0f7'} err=HTTPSConnectionPool(host='gamma-api.polymarket.com', port=443): Max retries exceeded with url: /markets?condition_ids=0xa01d48a973e40770719dab42faf1aeae5da4376d9eca46e77265c7551d1be0f7 (Caused by SSLError(SSLCertVerificationError(1, "[SSL: CERTIFICATE_VERIFY_FAILED] certificate verify failed: Hostname mismatch, certificate is not valid for 'gamma-api.polymarket.com'. (_ssl.c:1032)")))
[warn] GET failed after retries: https://gamma-api.polymarket.com/markets params={'condition_ids': '0x5e082f0b57f47a29044aa35b4c5658393122e659d5feae521c06b57cdd7f905c'} err=HTTPSConnectionPool(host='gamma-api.polymarket.com', port=443): Max retries exceeded with url: /markets?condition_ids=0x5e082f0b57f47a29044aa35b4c5658393122e659d5feae521c06b57cdd7f905c (Caused by SSLError(SSLCertVerificationError(1, "[SSL: CERTIFICATE_VERIFY_FAILED] certificate verify failed: Hostname mismatch, certificate is not valid for 'gamma-api.polymarket.com'. (_ssl.c:1032)")))
[warn] GET failed after retries: https://gamma-api.polymarket.com/markets params={'condition_ids': '0xd1796c09d0d6f876f8580086ae9808ec991784e3a74b25a1830a25de71a78c96'} err=HTTPSConnectionPool(host='gamma-api.polymarket.com', port=443): Max retries exceeded with url: /markets?condition_ids=0xd1796c09d0d6f876f8580086ae9808ec991784e3a74b25a1830a25de71a78c96 (Caused by SSLError(SSLCertVerificationError(1, "[SSL: CERTIFICATE_VERIFY_FAILED] certificate verify failed: Hostname mismatch, certificate is not valid for 'gamma-api.polymarket.com'. (_ssl.c:1032)")))
[warn] GET failed after retries: https://gamma-api.polymarket.com/markets params={'condition_ids': '0x6522024c060166830e53a48b0db1cab9296601a8539ab005124db5e4bf50a303'} err=HTTPSConnectionPool(host='gamma-api.polymarket.com', port=443): Max retries exceeded with url: /markets?condition_ids=0x6522024c060166830e53a48b0db1cab9296601a8539ab005124db5e4bf50a303 (Caused by SSLError(SSLCertVerificationError(1, "[SSL: CERTIFICATE_VERIFY_FAILED] certificate verify failed: Hostname mismatch, certificate is not valid for 'gamma-api.polymarket.com'. (_ssl.c:1032)")))
[warn] GET failed after retries: https://gamma-api.polymarket.com/markets params={'condition_ids': '0x4167e22670f31e5f93d132f78108f3fae809bd15cadf78983eff096845ed1415'} err=HTTPSConnectionPool(host='gamma-api.polymarket.com', port=443): Max retries exceeded with url: /markets?condition_ids=0x4167e22670f31e5f93d132f78108f3fae809bd15cadf78983eff096845ed1415 (Caused by SSLError(SSLCertVerificationError(1, "[SSL: CERTIFICATE_VERIFY_FAILED] certificate verify failed: Hostname mismatch, certificate is not valid for 'gamma-api.polymarket.com'. (_ssl.c:1032)")))
[warn] GET failed after retries: https://gamma-api.polymarket.com/markets params={'condition_ids': '0x533aab0d99851ea6dccf14861b8b7bb5026a40a15718769f8cc519d93380b391'} err=HTTPSConnectionPool(host='gamma-api.polymarket.com', port=443): Max retries exceeded with url: /markets?condition_ids=0x533aab0d99851ea6dccf14861b8b7bb5026a40a15718769f8cc519d93380b391 (Caused by SSLError(SSLCertVerificationError(1, "[SSL: CERTIFICATE_VERIFY_FAILED] certificate verify failed: Hostname mismatch, certificate is not valid for 'gamma-api.polymarket.com'. (_ssl.c:1032)")))
[warn] GET failed after retries: https://gamma-api.polymarket.com/markets params={'condition_ids': '0xff68b32e6543ae8b44ccb520604b6ea224a1bac071a186fb65f6f40949a758df'} err=HTTPSConnectionPool(host='gamma-api.polymarket.com', port=443): Max retries exceeded with url: /markets?condition_ids=0xff68b32e6543ae8b44ccb520604b6ea224a1bac071a186fb65f6f40949a758df (Caused by SSLError(SSLCertVerificationError(1, "[SSL: CERTIFICATE_VERIFY_FAILED] certificate verify failed: Hostname mismatch, certificate is not valid for 'gamma-api.polymarket.com'. (_ssl.c:1032)")))
[warn] GET failed after retries: https://gamma-api.polymarket.com/markets params={'condition_ids': '0x32e869cb0f7316273417ec79aa94c8a139f8c390ebff8a24150a18753d257f8e'} err=HTTPSConnectionPool(host='gamma-api.polymarket.com', port=443): Max retries exceeded with url: /markets?condition_ids=0x32e869cb0f7316273417ec79aa94c8a139f8c390ebff8a24150a18753d257f8e (Caused by SSLError(SSLCertVerificationError(1, "[SSL: CERTIFICATE_VERIFY_FAILED] certificate verify failed: Hostname mismatch, certificate is not valid for 'gamma-api.polymarket.com'. (_ssl.c:1032)")))
[warn] GET failed after retries: https://gamma-api.polymarket.com/markets params={'condition_ids': '0x4dc5c13eb9646b10da7d5f079f77ef2480ec5466861ce1cfbc910fabed3d7d0d'} err=HTTPSConnectionPool(host='gamma-api.polymarket.com', port=443): Max retries exceeded with url: /markets?condition_ids=0x4dc5c13eb9646b10da7d5f079f77ef2480ec5466861ce1cfbc910fabed3d7d0d (Caused by SSLError(SSLCertVerificationError(1, "[SSL: CERTIFICATE_VERIFY_FAILED] certificate verify failed: Hostname mismatch, certificate is not valid for 'gamma-api.polymarket.com'. (_ssl.c:1032)")))
[warn] GET failed after retries: https://gamma-api.polymarket.com/markets params={'condition_ids': '0xca0329cd4392d91e39df0702949229573d2415ae4a37b0103d0c6e9d03b8dd44'} err=HTTPSConnectionPool(host='gamma-api.polymarket.com', port=443): Max retries exceeded with url: /markets?condition_ids=0xca0329cd4392d91e39df0702949229573d2415ae4a37b0103d0c6e9d03b8dd44 (Caused by SSLError(SSLCertVerificationError(1, "[SSL: CERTIFICATE_VERIFY_FAILED] certificate verify failed: Hostname mismatch, certificate is not valid for 'gamma-api.polymarket.com'. (_ssl.c:1032)")))
[warn] GET failed after retries: https://gamma-api.polymarket.com/markets params={'condition_ids': '0x1a01bf78f56a507fcb666d564d8c8b91b0750679163ed6e96746102c9b7d285d'} err=HTTPSConnectionPool(host='gamma-api.polymarket.com', port=443): Max retries exceeded with url: /markets?condition_ids=0x1a01bf78f56a507fcb666d564d8c8b91b0750679163ed6e96746102c9b7d285d (Caused by SSLError(SSLCertVerificationError(1, "[SSL: CERTIFICATE_VERIFY_FAILED] certificate verify failed: Hostname mismatch, certificate is not valid for 'gamma-api.polymarket.com'. (_ssl.c:1032)")))
[warn] GET failed after retries: https://gamma-api.polymarket.com/markets params={'condition_ids': '0xb8e6d129a06d0ccb21d7b32eb529ea455eddba3cf29bfa097112202cbdf5bf21'} err=HTTPSConnectionPool(host='gamma-api.polymarket.com', port=443): Max retries exceeded with url: /markets?condition_ids=0xb8e6d129a06d0ccb21d7b32eb529ea455eddba3cf29bfa097112202cbdf5bf21 (Caused by SSLError(SSLCertVerificationError(1, "[SSL: CERTIFICATE_VERIFY_FAILED] certificate verify failed: Hostname mismatch, certificate is not valid for 'gamma-api.polymarket.com'. (_ssl.c:1032)")))
[warn] GET failed after retries: https://gamma-api.polymarket.com/markets params={'condition_ids': '0xc5eae79d1ffe716572353962eb926b1e3964c500a4880a7a94f58408218ee76b'} err=HTTPSConnectionPool(host='gamma-api.polymarket.com', port=443): Max retries exceeded with url: /markets?condition_ids=0xc5eae79d1ffe716572353962eb926b1e3964c500a4880a7a94f58408218ee76b (Caused by SSLError(SSLCertVerificationError(1, "[SSL: CERTIFICATE_VERIFY_FAILED] certificate verify failed: Hostname mismatch, certificate is not valid for 'gamma-api.polymarket.com'. (_ssl.c:1032)")))
[warn] GET failed after retries: https://gamma-api.polymarket.com/markets params={'condition_ids': '0x024b68f77bfc019341ee3db8f57c103334e4b9430bba4746d8c94aafd8b36fee'} err=HTTPSConnectionPool(host='gamma-api.polymarket.com', port=443): Max retries exceeded with url: /markets?condition_ids=0x024b68f77bfc019341ee3db8f57c103334e4b9430bba4746d8c94aafd8b36fee (Caused by SSLError(SSLCertVerificationError(1, "[SSL: CERTIFICATE_VERIFY_FAILED] certificate verify failed: Hostname mismatch, certificate is not valid for 'gamma-api.polymarket.com'. (_ssl.c:1032)")))
[warn] GET failed after retries: https://gamma-api.polymarket.com/markets params={'condition_ids': '0x752fa61c93f16c4b15e85b0bd438d9c684176b0ea7b319a84c8aca34616e8a8c'} err=HTTPSConnectionPool(host='gamma-api.polymarket.com', port=443): Max retries exceeded with url: /markets?condition_ids=0x752fa61c93f16c4b15e85b0bd438d9c684176b0ea7b319a84c8aca34616e8a8c (Caused by SSLError(SSLCertVerificationError(1, "[SSL: CERTIFICATE_VERIFY_FAILED] certificate verify failed: Hostname mismatch, certificate is not valid for 'gamma-api.polymarket.com'. (_ssl.c:1032)")))
[warn] GET failed after retries: https://gamma-api.polymarket.com/markets params={'condition_ids': '0xce3c54c3e773e8b3bf73e4c12af93205b21195d03b9c386e22f274b9acfc2c56'} err=HTTPSConnectionPool(host='gamma-api.polymarket.com', port=443): Max retries exceeded with url: /markets?condition_ids=0xce3c54c3e773e8b3bf73e4c12af93205b21195d03b9c386e22f274b9acfc2c56 (Caused by SSLError(SSLCertVerificationError(1, "[SSL: CERTIFICATE_VERIFY_FAILED] certificate verify failed: Hostname mismatch, certificate is not valid for 'gamma-api.polymarket.com'. (_ssl.c:1032)")))
[warn] GET failed after retries: https://gamma-api.polymarket.com/markets params={'condition_ids': '0xdaa4866bae18be58c5a79d2aeeffd035ec78f1bb49dbd88f72993997778a990f'} err=HTTPSConnectionPool(host='gamma-api.polymarket.com', port=443): Max retries exceeded with url: /markets?condition_ids=0xdaa4866bae18be58c5a79d2aeeffd035ec78f1bb49dbd88f72993997778a990f (Caused by SSLError(SSLCertVerificationError(1, "[SSL: CERTIFICATE_VERIFY_FAILED] certificate verify failed: Hostname mismatch, certificate is not valid for 'gamma-api.polymarket.com'. (_ssl.c:1032)")))
[warn] GET failed after retries: https://gamma-api.polymarket.com/markets params={'condition_ids': '0xd5d9fc47718bd553592d126b1fa5e87183d27f3936975b0c04cc0f2dec1f1bb4'} err=HTTPSConnectionPool(host='gamma-api.polymarket.com', port=443): Max retries exceeded with url: /markets?condition_ids=0xd5d9fc47718bd553592d126b1fa5e87183d27f3936975b0c04cc0f2dec1f1bb4 (Caused by SSLError(SSLCertVerificationError(1, "[SSL: CERTIFICATE_VERIFY_FAILED] certificate verify failed: Hostname mismatch, certificate is not valid for 'gamma-api.polymarket.com'. (_ssl.c:1032)")))
[warn] GET failed after retries: https://gamma-api.polymarket.com/markets params={'condition_ids': '0x4567b275e6b667a6217f5cb4f06a797d3a1eaf1d0281fb5bc8c75e2046ae7e57'} err=HTTPSConnectionPool(host='gamma-api.polymarket.com', port=443): Max retries exceeded with url: /markets?condition_ids=0x4567b275e6b667a6217f5cb4f06a797d3a1eaf1d0281fb5bc8c75e2046ae7e57 (Caused by SSLError(SSLCertVerificationError(1, "[SSL: CERTIFICATE_VERIFY_FAILED] certificate verify failed: Hostname mismatch, certificate is not valid for 'gamma-api.polymarket.com'. (_ssl.c:1032)")))
[warn] GET failed after retries: https://gamma-api.polymarket.com/markets params={'condition_ids': '0xccd02457c87dc4d3d5a1e6d5ec71bdd21f3ef922b61e326f270d6ff0382a7eec'} err=HTTPSConnectionPool(host='gamma-api.polymarket.com', port=443): Max retries exceeded with url: /markets?condition_ids=0xccd02457c87dc4d3d5a1e6d5ec71bdd21f3ef922b61e326f270d6ff0382a7eec (Caused by SSLError(SSLCertVerificationError(1, "[SSL: CERTIFICATE_VERIFY_FAILED] certificate verify failed: Hostname mismatch, certificate is not valid for 'gamma-api.polymarket.com'. (_ssl.c:1032)")))
[warn] GET failed after retries: https://gamma-api.polymarket.com/markets params={'condition_ids': '0x16c63b7cc37f012b9f59ee164ec03877914c701d06d48291ae8d6fc08a088b0d'} err=HTTPSConnectionPool(host='gamma-api.polymarket.com', port=443): Max retries exceeded with url: /markets?condition_ids=0x16c63b7cc37f012b9f59ee164ec03877914c701d06d48291ae8d6fc08a088b0d (Caused by SSLError(SSLCertVerificationError(1, "[SSL: CERTIFICATE_VERIFY_FAILED] certificate verify failed: Hostname mismatch, certificate is not valid for 'gamma-api.polymarket.com'. (_ssl.c:1032)")))
[warn] GET failed after retries: https://gamma-api.polymarket.com/markets params={'condition_ids': '0x502a94e5c525766d5ee7f16c6568131ba1b2cbadb69c703af05a6ef00336ed64'} err=HTTPSConnectionPool(host='gamma-api.polymarket.com', port=443): Max retries exceeded with url: /markets?condition_ids=0x502a94e5c525766d5ee7f16c6568131ba1b2cbadb69c703af05a6ef00336ed64 (Caused by SSLError(SSLCertVerificationError(1, "[SSL: CERTIFICATE_VERIFY_FAILED] certificate verify failed: Hostname mismatch, certificate is not valid for 'gamma-api.polymarket.com'. (_ssl.c:1032)")))
[warn] GET failed after retries: https://gamma-api.polymarket.com/markets params={'condition_ids': '0x2bf419aa66753cd95324dfe102ad2d0d5bdb0205cf52735a389134b78f2b2139'} err=HTTPSConnectionPool(host='gamma-api.polymarket.com', port=443): Max retries exceeded with url: /markets?condition_ids=0x2bf419aa66753cd95324dfe102ad2d0d5bdb0205cf52735a389134b78f2b2139 (Caused by SSLError(SSLCertVerificationError(1, "[SSL: CERTIFICATE_VERIFY_FAILED] certificate verify failed: Hostname mismatch, certificate is not valid for 'gamma-api.polymarket.com'. (_ssl.c:1032)")))
[warn] GET failed after retries: https://gamma-api.polymarket.com/markets params={'condition_ids': '0x4e4f77e7dbf4cab666e9a1943674d7ae66348e862df03ea6f44b11eb95731928'} err=HTTPSConnectionPool(host='gamma-api.polymarket.com', port=443): Max retries exceeded with url: /markets?condition_ids=0x4e4f77e7dbf4cab666e9a1943674d7ae66348e862df03ea6f44b11eb95731928 (Caused by SSLError(SSLCertVerificationError(1, "[SSL: CERTIFICATE_VERIFY_FAILED] certificate verify failed: Hostname mismatch, certificate is not valid for 'gamma-api.polymarket.com'. (_ssl.c:1032)")))
[warn] GET failed after retries: https://gamma-api.polymarket.com/markets params={'condition_ids': '0xcf25ccc8360f3952139fb5e3f14cb9bb0636cb53d0e30e947321ceccab7e9780'} err=HTTPSConnectionPool(host='gamma-api.polymarket.com', port=443): Max retries exceeded with url: /markets?condition_ids=0xcf25ccc8360f3952139fb5e3f14cb9bb0636cb53d0e30e947321ceccab7e9780 (Caused by SSLError(SSLCertVerificationError(1, "[SSL: CERTIFICATE_VERIFY_FAILED] certificate verify failed: Hostname mismatch, certificate is not valid for 'gamma-api.polymarket.com'. (_ssl.c:1032)")))
[warn] GET failed after retries: https://gamma-api.polymarket.com/markets params={'condition_ids': '0x80b3af88cb991980e8da1ce86b9794a0957f96ec98c29319dd7ba65e9744d82b'} err=HTTPSConnectionPool(host='gamma-api.polymarket.com', port=443): Max retries exceeded with url: /markets?condition_ids=0x80b3af88cb991980e8da1ce86b9794a0957f96ec98c29319dd7ba65e9744d82b (Caused by SSLError(SSLCertVerificationError(1, "[SSL: CERTIFICATE_VERIFY_FAILED] certificate verify failed: Hostname mismatch, certificate is not valid for 'gamma-api.polymarket.com'. (_ssl.c:1032)")))
[warn] GET failed after retries: https://gamma-api.polymarket.com/markets params={'condition_ids': '0xcf8482eb154c9e79b6b7ec3f698164448432494bc532037069bb1f5f8f3d140f'} err=HTTPSConnectionPool(host='gamma-api.polymarket.com', port=443): Max retries exceeded with url: /markets?condition_ids=0xcf8482eb154c9e79b6b7ec3f698164448432494bc532037069bb1f5f8f3d140f (Caused by SSLError(SSLCertVerificationError(1, "[SSL: CERTIFICATE_VERIFY_FAILED] certificate verify failed: Hostname mismatch, certificate is not valid for 'gamma-api.polymarket.com'. (_ssl.c:1032)")))
[warn] GET failed after retries: https://gamma-api.polymarket.com/markets params={'condition_ids': '0x13063378354efc19bd137751a04fb78e0a7b21dbc1636dcb028d52838f08ae11'} err=HTTPSConnectionPool(host='gamma-api.polymarket.com', port=443): Max retries exceeded with url: /markets?condition_ids=0x13063378354efc19bd137751a04fb78e0a7b21dbc1636dcb028d52838f08ae11 (Caused by SSLError(SSLCertVerificationError(1, "[SSL: CERTIFICATE_VERIFY_FAILED] certificate verify failed: Hostname mismatch, certificate is not valid for 'gamma-api.polymarket.com'. (_ssl.c:1032)")))
[warn] GET failed after retries: https://gamma-api.polymarket.com/markets params={'condition_ids': '0x24c61d77ad48518a1c3a865d65771c7c62526e633cd119d5dc8bc59ba8b6107d'} err=HTTPSConnectionPool(host='gamma-api.polymarket.com', port=443): Max retries exceeded with url: /markets?condition_ids=0x24c61d77ad48518a1c3a865d65771c7c62526e633cd119d5dc8bc59ba8b6107d (Caused by SSLError(SSLCertVerificationError(1, "[SSL: CERTIFICATE_VERIFY_FAILED] certificate verify failed: Hostname mismatch, certificate is not valid for 'gamma-api.polymarket.com'. (_ssl.c:1032)")))
[warn] GET failed after retries: https://gamma-api.polymarket.com/markets params={'condition_ids': '0x07cf19dc78b559bd9aef41b00839d9e5a5637a073e87eb0185ee417db4006447'} err=HTTPSConnectionPool(host='gamma-api.polymarket.com', port=443): Max retries exceeded with url: /markets?condition_ids=0x07cf19dc78b559bd9aef41b00839d9e5a5637a073e87eb0185ee417db4006447 (Caused by SSLError(SSLCertVerificationError(1, "[SSL: CERTIFICATE_VERIFY_FAILED] certificate verify failed: Hostname mismatch, certificate is not valid for 'gamma-api.polymarket.com'. (_ssl.c:1032)")))
[warn] GET failed after retries: https://gamma-api.polymarket.com/markets params={'condition_ids': '0x375409bc5eeeff961e82b479caeccc20f33d15738e5bce1186d628aa3d9dfb1f'} err=HTTPSConnectionPool(host='gamma-api.polymarket.com', port=443): Max retries exceeded with url: /markets?condition_ids=0x375409bc5eeeff961e82b479caeccc20f33d15738e5bce1186d628aa3d9dfb1f (Caused by SSLError(SSLCertVerificationError(1, "[SSL: CERTIFICATE_VERIFY_FAILED] certificate verify failed: Hostname mismatch, certificate is not valid for 'gamma-api.polymarket.com'. (_ssl.c:1032)")))
[warn] GET failed after retries: https://gamma-api.polymarket.com/markets params={'condition_ids': '0xbc0079f0872035a9eccf8920c3ceb807750685c25a5f5dcd8a8a235a34cd7bb0'} err=HTTPSConnectionPool(host='gamma-api.polymarket.com', port=443): Max retries exceeded with url: /markets?condition_ids=0xbc0079f0872035a9eccf8920c3ceb807750685c25a5f5dcd8a8a235a34cd7bb0 (Caused by SSLError(SSLCertVerificationError(1, "[SSL: CERTIFICATE_VERIFY_FAILED] certificate verify failed: Hostname mismatch, certificate is not valid for 'gamma-api.polymarket.com'. (_ssl.c:1032)")))
[warn] GET failed after retries: https://gamma-api.polymarket.com/markets params={'condition_ids': '0x903a1387e6414be5529efc8f7757e30371e6698de9d68fa4ce33252009db69ef'} err=HTTPSConnectionPool(host='gamma-api.polymarket.com', port=443): Max retries exceeded with url: /markets?condition_ids=0x903a1387e6414be5529efc8f7757e30371e6698de9d68fa4ce33252009db69ef (Caused by SSLError(SSLCertVerificationError(1, "[SSL: CERTIFICATE_VERIFY_FAILED] certificate verify failed: Hostname mismatch, certificate is not valid for 'gamma-api.polymarket.com'. (_ssl.c:1032)")))
[warn] GET failed after retries: https://gamma-api.polymarket.com/markets params={'condition_ids': '0x43c2a58c4c9d57017bd20fbaf8248920c3a50dcad5981aeb5f8fcf3e6edffb9f'} err=HTTPSConnectionPool(host='gamma-api.polymarket.com', port=443): Max retries exceeded with url: /markets?condition_ids=0x43c2a58c4c9d57017bd20fbaf8248920c3a50dcad5981aeb5f8fcf3e6edffb9f (Caused by SSLError(SSLCertVerificationError(1, "[SSL: CERTIFICATE_VERIFY_FAILED] certificate verify failed: Hostname mismatch, certificate is not valid for 'gamma-api.polymarket.com'. (_ssl.c:1032)")))
[warn] GET failed after retries: https://gamma-api.polymarket.com/markets params={'condition_ids': '0x4b84a8e08cb3376c9e5be5cc5a37f7073de05cdf0810d2ad3fe745c4760ef3e0'} err=HTTPSConnectionPool(host='gamma-api.polymarket.com', port=443): Max retries exceeded with url: /markets?condition_ids=0x4b84a8e08cb3376c9e5be5cc5a37f7073de05cdf0810d2ad3fe745c4760ef3e0 (Caused by SSLError(SSLCertVerificationError(1, "[SSL: CERTIFICATE_VERIFY_FAILED] certificate verify failed: Hostname mismatch, certificate is not valid for 'gamma-api.polymarket.com'. (_ssl.c:1032)")))
[warn] GET failed after retries: https://gamma-api.polymarket.com/markets params={'condition_ids': '0x00a98be91394689188f2979411d033b64ac94e86fd64c8cdec0e47a44b2b5f2a'} err=HTTPSConnectionPool(host='gamma-api.polymarket.com', port=443): Max retries exceeded with url: /markets?condition_ids=0x00a98be91394689188f2979411d033b64ac94e86fd64c8cdec0e47a44b2b5f2a (Caused by SSLError(SSLCertVerificationError(1, "[SSL: CERTIFICATE_VERIFY_FAILED] certificate verify failed: Hostname mismatch, certificate is not valid for 'gamma-api.polymarket.com'. (_ssl.c:1032)")))
[warn] GET failed after retries: https://gamma-api.polymarket.com/markets params={'condition_ids': '0x5a65916bffaf64914bdbfededab08b150d85648b53d1f6d03582cce3bd07b9c2'} err=HTTPSConnectionPool(host='gamma-api.polymarket.com', port=443): Max retries exceeded with url: /markets?condition_ids=0x5a65916bffaf64914bdbfededab08b150d85648b53d1f6d03582cce3bd07b9c2 (Caused by SSLError(SSLCertVerificationError(1, "[SSL: CERTIFICATE_VERIFY_FAILED] certificate verify failed: Hostname mismatch, certificate is not valid for 'gamma-api.polymarket.com'. (_ssl.c:1032)")))
[warn] GET failed after retries: https://gamma-api.polymarket.com/markets params={'condition_ids': '0xbe76d109a293ab750050261d7fa2ec77f17df9603e99f31973b07442baa8b273'} err=HTTPSConnectionPool(host='gamma-api.polymarket.com', port=443): Max retries exceeded with url: /markets?condition_ids=0xbe76d109a293ab750050261d7fa2ec77f17df9603e99f31973b07442baa8b273 (Caused by SSLError(SSLCertVerificationError(1, "[SSL: CERTIFICATE_VERIFY_FAILED] certificate verify failed: Hostname mismatch, certificate is not valid for 'gamma-api.polymarket.com'. (_ssl.c:1032)")))
[warn] GET failed after retries: https://gamma-api.polymarket.com/markets params={'condition_ids': '0x644a285bd58c399ab9c9fe8a6dcb35bc9d598d6ac4601b7c416019635f047e9e'} err=HTTPSConnectionPool(host='gamma-api.polymarket.com', port=443): Max retries exceeded with url: /markets?condition_ids=0x644a285bd58c399ab9c9fe8a6dcb35bc9d598d6ac4601b7c416019635f047e9e (Caused by SSLError(SSLCertVerificationError(1, "[SSL: CERTIFICATE_VERIFY_FAILED] certificate verify failed: Hostname mismatch, certificate is not valid for 'gamma-api.polymarket.com'. (_ssl.c:1032)")))
[warn] GET failed after retries: https://gamma-api.polymarket.com/markets params={'condition_ids': '0x508af22a38ad600b6b7526970e26be280e4183731954b575320050735d991fa8'} err=HTTPSConnectionPool(host='gamma-api.polymarket.com', port=443): Max retries exceeded with url: /markets?condition_ids=0x508af22a38ad600b6b7526970e26be280e4183731954b575320050735d991fa8 (Caused by SSLError(SSLCertVerificationError(1, "[SSL: CERTIFICATE_VERIFY_FAILED] certificate verify failed: Hostname mismatch, certificate is not valid for 'gamma-api.polymarket.com'. (_ssl.c:1032)")))
[warn] GET failed after retries: https://gamma-api.polymarket.com/markets params={'condition_ids': '0x0f5e01cf1cabb6c49e424f230ca77a2ccd3e1ac63b31ae03ef749ac2bde7fa0e'} err=HTTPSConnectionPool(host='gamma-api.polymarket.com', port=443): Max retries exceeded with url: /markets?condition_ids=0x0f5e01cf1cabb6c49e424f230ca77a2ccd3e1ac63b31ae03ef749ac2bde7fa0e (Caused by SSLError(SSLCertVerificationError(1, "[SSL: CERTIFICATE_VERIFY_FAILED] certificate verify failed: Hostname mismatch, certificate is not valid for 'gamma-api.polymarket.com'. (_ssl.c:1032)")))
[warn] GET failed after retries: https://gamma-api.polymarket.com/markets params={'condition_ids': '0xce879a93a2ec2e37b5da3ed2fb3d7d6e703256afa838ac193de14329bb8a8568'} err=HTTPSConnectionPool(host='gamma-api.polymarket.com', port=443): Max retries exceeded with url: /markets?condition_ids=0xce879a93a2ec2e37b5da3ed2fb3d7d6e703256afa838ac193de14329bb8a8568 (Caused by SSLError(SSLCertVerificationError(1, "[SSL: CERTIFICATE_VERIFY_FAILED] certificate verify failed: Hostname mismatch, certificate is not valid for 'gamma-api.polymarket.com'. (_ssl.c:1032)")))
[warn] GET failed after retries: https://gamma-api.polymarket.com/markets params={'condition_ids': '0xc0aed6d5d893988b4bef5a8242435bbc7c3b45b1e438bcffc9e9bf71d173ae46'} err=HTTPSConnectionPool(host='gamma-api.polymarket.com', port=443): Max retries exceeded with url: /markets?condition_ids=0xc0aed6d5d893988b4bef5a8242435bbc7c3b45b1e438bcffc9e9bf71d173ae46 (Caused by SSLError(SSLCertVerificationError(1, "[SSL: CERTIFICATE_VERIFY_FAILED] certificate verify failed: Hostname mismatch, certificate is not valid for 'gamma-api.polymarket.com'. (_ssl.c:1032)")))
[warn] GET failed after retries: https://gamma-api.polymarket.com/markets params={'condition_ids': '0xdbbbbd6ea71cad296d859aa629497400402ab253a51350bddd5d761dbbad1460'} err=HTTPSConnectionPool(host='gamma-api.polymarket.com', port=443): Max retries exceeded with url: /markets?condition_ids=0xdbbbbd6ea71cad296d859aa629497400402ab253a51350bddd5d761dbbad1460 (Caused by SSLError(SSLCertVerificationError(1, "[SSL: CERTIFICATE_VERIFY_FAILED] certificate verify failed: Hostname mismatch, certificate is not valid for 'gamma-api.polymarket.com'. (_ssl.c:1032)")))
[warn] GET failed after retries: https://gamma-api.polymarket.com/markets params={'condition_ids': '0xb7abfb57c5e753d61b3f938893096c07b047b6d42c16ee92b6e3b371919288b0'} err=HTTPSConnectionPool(host='gamma-api.polymarket.com', port=443): Max retries exceeded with url: /markets?condition_ids=0xb7abfb57c5e753d61b3f938893096c07b047b6d42c16ee92b6e3b371919288b0 (Caused by SSLError(SSLCertVerificationError(1, "[SSL: CERTIFICATE_VERIFY_FAILED] certificate verify failed: Hostname mismatch, certificate is not valid for 'gamma-api.polymarket.com'. (_ssl.c:1032)")))
[warn] GET failed after retries: https://gamma-api.polymarket.com/markets params={'condition_ids': '0x2f2928298f0b27749912d7a89fa39abda0c21e732724e6cfbb423e09aec8d420'} err=HTTPSConnectionPool(host='gamma-api.polymarket.com', port=443): Max retries exceeded with url: /markets?condition_ids=0x2f2928298f0b27749912d7a89fa39abda0c21e732724e6cfbb423e09aec8d420 (Caused by SSLError(SSLCertVerificationError(1, "[SSL: CERTIFICATE_VERIFY_FAILED] certificate verify failed: Hostname mismatch, certificate is not valid for 'gamma-api.polymarket.com'. (_ssl.c:1032)")))
[warn] GET failed after retries: https://gamma-api.polymarket.com/markets params={'condition_ids': '0x5cf1e28bbfee9ba6342813129b8544ee17ee9b6ecea1d3dc20795fe132e396ab'} err=HTTPSConnectionPool(host='gamma-api.polymarket.com', port=443): Max retries exceeded with url: /markets?condition_ids=0x5cf1e28bbfee9ba6342813129b8544ee17ee9b6ecea1d3dc20795fe132e396ab (Caused by SSLError(SSLCertVerificationError(1, "[SSL: CERTIFICATE_VERIFY_FAILED] certificate verify failed: Hostname mismatch, certificate is not valid for 'gamma-api.polymarket.com'. (_ssl.c:1032)")))
[warn] GET failed after retries: https://gamma-api.polymarket.com/markets params={'condition_ids': '0xe5522d598794604abed0c7c95a2b1c4b86337105574cdeeaacea5cca91f2c922'} err=HTTPSConnectionPool(host='gamma-api.polymarket.com', port=443): Max retries exceeded with url: /markets?condition_ids=0xe5522d598794604abed0c7c95a2b1c4b86337105574cdeeaacea5cca91f2c922 (Caused by SSLError(SSLCertVerificationError(1, "[SSL: CERTIFICATE_VERIFY_FAILED] certificate verify failed: Hostname mismatch, certificate is not valid for 'gamma-api.polymarket.com'. (_ssl.c:1032)")))
[warn] GET failed after retries: https://gamma-api.polymarket.com/markets params={'condition_ids': '0x191b1bc8f411f34678ba2aacb279b0a3fc1c5c1f6cc5432cd5d5e36aa433d514'} err=HTTPSConnectionPool(host='gamma-api.polymarket.com', port=443): Max retries exceeded with url: /markets?condition_ids=0x191b1bc8f411f34678ba2aacb279b0a3fc1c5c1f6cc5432cd5d5e36aa433d514 (Caused by SSLError(SSLCertVerificationError(1, "[SSL: CERTIFICATE_VERIFY_FAILED] certificate verify failed: Hostname mismatch, certificate is not valid for 'gamma-api.polymarket.com'. (_ssl.c:1032)")))
[warn] GET failed after retries: https://gamma-api.polymarket.com/markets params={'condition_ids': '0x136f4e242faeb42f66fa6baf4c192fbfa0b5788ed47a2bf1a3d3a2051b87715a'} err=HTTPSConnectionPool(host='gamma-api.polymarket.com', port=443): Max retries exceeded with url: /markets?condition_ids=0x136f4e242faeb42f66fa6baf4c192fbfa0b5788ed47a2bf1a3d3a2051b87715a (Caused by SSLError(SSLCertVerificationError(1, "[SSL: CERTIFICATE_VERIFY_FAILED] certificate verify failed: Hostname mismatch, certificate is not valid for 'gamma-api.polymarket.com'. (_ssl.c:1032)")))
[warn] GET failed after retries: https://gamma-api.polymarket.com/markets params={'condition_ids': '0x1e5564c1a2a6839cc2780a889437c63786a2c2ec5e95569b710ee659a3e8baa2'} err=HTTPSConnectionPool(host='gamma-api.polymarket.com', port=443): Max retries exceeded with url: /markets?condition_ids=0x1e5564c1a2a6839cc2780a889437c63786a2c2ec5e95569b710ee659a3e8baa2 (Caused by SSLError(SSLCertVerificationError(1, "[SSL: CERTIFICATE_VERIFY_FAILED] certificate verify failed: Hostname mismatch, certificate is not valid for 'gamma-api.polymarket.com'. (_ssl.c:1032)")))
[warn] GET failed after retries: https://gamma-api.polymarket.com/markets params={'condition_ids': '0x0891e4792a016a079765dd25029639cd731f7dc0bde3d65d6002b2b19dae2777'} err=HTTPSConnectionPool(host='gamma-api.polymarket.com', port=443): Max retries exceeded with url: /markets?condition_ids=0x0891e4792a016a079765dd25029639cd731f7dc0bde3d65d6002b2b19dae2777 (Caused by SSLError(SSLCertVerificationError(1, "[SSL: CERTIFICATE_VERIFY_FAILED] certificate verify failed: Hostname mismatch, certificate is not valid for 'gamma-api.polymarket.com'. (_ssl.c:1032)")))
[warn] GET failed after retries: https://gamma-api.polymarket.com/markets params={'condition_ids': '0x528663818f8f40350e20d63acd3dbae9955ddbdd03860019a752c699aa6e5f31'} err=HTTPSConnectionPool(host='gamma-api.polymarket.com', port=443): Max retries exceeded with url: /markets?condition_ids=0x528663818f8f40350e20d63acd3dbae9955ddbdd03860019a752c699aa6e5f31 (Caused by SSLError(SSLCertVerificationError(1, "[SSL: CERTIFICATE_VERIFY_FAILED] certificate verify failed: Hostname mismatch, certificate is not valid for 'gamma-api.polymarket.com'. (_ssl.c:1032)")))
[warn] GET failed after retries: https://gamma-api.polymarket.com/markets params={'condition_ids': '0xd5986eab83b310f42619111912d385f5cfdd8fb39c5dec43758ae2046b86aee4'} err=HTTPSConnectionPool(host='gamma-api.polymarket.com', port=443): Max retries exceeded with url: /markets?condition_ids=0xd5986eab83b310f42619111912d385f5cfdd8fb39c5dec43758ae2046b86aee4 (Caused by SSLError(SSLCertVerificationError(1, "[SSL: CERTIFICATE_VERIFY_FAILED] certificate verify failed: Hostname mismatch, certificate is not valid for 'gamma-api.polymarket.com'. (_ssl.c:1032)")))
[warn] GET failed after retries: https://gamma-api.polymarket.com/markets params={'condition_ids': '0x7b4ddec43a52faf68d507924e88d5cfa4b7c88ff3925410528a0541ae9d17129'} err=HTTPSConnectionPool(host='gamma-api.polymarket.com', port=443): Max retries exceeded with url: /markets?condition_ids=0x7b4ddec43a52faf68d507924e88d5cfa4b7c88ff3925410528a0541ae9d17129 (Caused by SSLError(SSLCertVerificationError(1, "[SSL: CERTIFICATE_VERIFY_FAILED] certificate verify failed: Hostname mismatch, certificate is not valid for 'gamma-api.polymarket.com'. (_ssl.c:1032)")))
[warn] GET failed after retries: https://gamma-api.polymarket.com/markets params={'condition_ids': '0x328583376667b725cc6848dc9b61b205579b1314ecdb4334ea245aec270d2c66'} err=HTTPSConnectionPool(host='gamma-api.polymarket.com', port=443): Max retries exceeded with url: /markets?condition_ids=0x328583376667b725cc6848dc9b61b205579b1314ecdb4334ea245aec270d2c66 (Caused by SSLError(SSLCertVerificationError(1, "[SSL: CERTIFICATE_VERIFY_FAILED] certificate verify failed: Hostname mismatch, certificate is not valid for 'gamma-api.polymarket.com'. (_ssl.c:1032)")))
[report] valid-resolved=1 (5 sub-48h excluded)  hit_rate=1.000  avg_entry_price=0.865  median_ret=+0.156
[report] 29 more valid resolved trades needed before verdict
[cycle] +0 entries, 0 closed, 60 still open
=== paper_trader 2026-07-12 (frozen strategy v1.1) ===
[scan] reading current positions of 116 roster traders...
[warn] GET failed after retries: https://data-api.polymarket.com/positions params={'user': '0x204f72f35326db932158cba6adff0b9a1da95e14', 'limit': 500, 'sizeThreshold': 1} err=HTTPSConnectionPool(host='data-api.polymarket.com', port=443): Max retries exceeded with url: /positions?user=0x204f72f35326db932158cba6adff0b9a1da95e14&limit=500&sizeThreshold=1 (Caused by SSLError(SSLCertVerificationError(1, "[SSL: CERTIFICATE_VERIFY_FAILED] certificate verify failed: Hostname mismatch, certificate is not valid for 'data-api.polymarket.com'. (_ssl.c:1032)")))
[warn] GET failed after retries: https://data-api.polymarket.com/positions params={'user': '0x1f2dd6d473f3e824cd2f8a89d9c69fb96f6ad0cf', 'limit': 500, 'sizeThreshold': 1} err=HTTPSConnectionPool(host='data-api.polymarket.com', port=443): Max retries exceeded with url: /positions?user=0x1f2dd6d473f3e824cd2f8a89d9c69fb96f6ad0cf&limit=500&sizeThreshold=1 (Caused by SSLError(SSLCertVerificationError(1, "[SSL: CERTIFICATE_VERIFY_FAILED] certificate verify failed: Hostname mismatch, certificate is not valid for 'data-api.polymarket.com'. (_ssl.c:1032)")))
[warn] GET failed after retries: https://data-api.polymarket.com/positions params={'user': '0x2c335066fe58fe9237c3d3dc7b275c2a034a0563', 'limit': 500, 'sizeThreshold': 1} err=HTTPSConnectionPool(host='data-api.polymarket.com', port=443): Max retries exceeded with url: /positions?user=0x2c335066fe58fe9237c3d3dc7b275c2a034a0563&limit=500&sizeThreshold=1 (Caused by SSLError(SSLCertVerificationError(1, "[SSL: CERTIFICATE_VERIFY_FAILED] certificate verify failed: Hostname mismatch, certificate is not valid for 'data-api.polymarket.com'. (_ssl.c:1032)")))
[warn] GET failed after retries: https://data-api.polymarket.com/positions params={'user': '0xdc876e6873772d38716fda7f2452a78d426d7ab6', 'limit': 500, 'sizeThreshold': 1} err=HTTPSConnectionPool(host='data-api.polymarket.com', port=443): Max retries exceeded with url: /positions?user=0xdc876e6873772d38716fda7f2452a78d426d7ab6&limit=500&sizeThreshold=1 (Caused by SSLError(SSLCertVerificationError(1, "[SSL: CERTIFICATE_VERIFY_FAILED] certificate verify failed: Hostname mismatch, certificate is not valid for 'data-api.polymarket.com'. (_ssl.c:1032)")))
[warn] GET failed after retries: https://data-api.polymarket.com/positions params={'user': '0x507e52ef684ca2dd91f90a9d26d149dd3288beae', 'limit': 500, 'sizeThreshold': 1} err=HTTPSConnectionPool(host='data-api.polymarket.com', port=443): Max retries exceeded with url: /positions?user=0x507e52ef684ca2dd91f90a9d26d149dd3288beae&limit=500&sizeThreshold=1 (Caused by SSLError(SSLCertVerificationError(1, "[SSL: CERTIFICATE_VERIFY_FAILED] certificate verify failed: Hostname mismatch, certificate is not valid for 'data-api.polymarket.com'. (_ssl.c:1032)")))
[warn] GET failed after retries: https://data-api.polymarket.com/positions params={'user': '0x2a2c53bd278c04da9962fcf96490e17f3dfb9bc1', 'limit': 500, 'sizeThreshold': 1} err=HTTPSConnectionPool(host='data-api.polymarket.com', port=443): Max retries exceeded with url: /positions?user=0x2a2c53bd278c04da9962fcf96490e17f3dfb9bc1&limit=500&sizeThreshold=1 (Caused by SSLError(SSLCertVerificationError(1, "[SSL: CERTIFICATE_VERIFY_FAILED] certificate verify failed: Hostname mismatch, certificate is not valid for 'data-api.polymarket.com'. (_ssl.c:1032)")))
[warn] GET failed after retries: https://data-api.polymarket.com/positions params={'user': '0xdb27bf2ac5d428a9c63dbc914611036855a6c56e', 'limit': 500, 'sizeThreshold': 1} err=HTTPSConnectionPool(host='data-api.polymarket.com', port=443): Max retries exceeded with url: /positions?user=0xdb27bf2ac5d428a9c63dbc914611036855a6c56e&limit=500&sizeThreshold=1 (Caused by SSLError(SSLCertVerificationError(1, "[SSL: CERTIFICATE_VERIFY_FAILED] certificate verify failed: Hostname mismatch, certificate is not valid for 'data-api.polymarket.com'. (_ssl.c:1032)")))
[warn] GET failed after retries: https://data-api.polymarket.com/positions params={'user': '0x16b29c50f2439faf627209b2ac0c7bbddaa8a881', 'limit': 500, 'sizeThreshold': 1} err=HTTPSConnectionPool(host='data-api.polymarket.com', port=443): Max retries exceeded with url: /positions?user=0x16b29c50f2439faf627209b2ac0c7bbddaa8a881&limit=500&sizeThreshold=1 (Caused by SSLError(SSLCertVerificationError(1, "[SSL: CERTIFICATE_VERIFY_FAILED] certificate verify failed: Hostname mismatch, certificate is not valid for 'data-api.polymarket.com'. (_ssl.c:1032)")))
[warn] GET failed after retries: https://data-api.polymarket.com/positions params={'user': '0x9d84ce0306f8551e02efef1680475fc0f1dc1344', 'limit': 500, 'sizeThreshold': 1} err=HTTPSConnectionPool(host='data-api.polymarket.com', port=443): Max retries exceeded with url: /positions?user=0x9d84ce0306f8551e02efef1680475fc0f1dc1344&limit=500&sizeThreshold=1 (Caused by SSLError(SSLCertVerificationError(1, "[SSL: CERTIFICATE_VERIFY_FAILED] certificate verify failed: Hostname mismatch, certificate is not valid for 'data-api.polymarket.com'. (_ssl.c:1032)")))
[warn] GET failed after retries: https://data-api.polymarket.com/positions params={'user': '0x17db3fcd93ba12d38382a0cade24b200185c5f6d', 'limit': 500, 'sizeThreshold': 1} err=HTTPSConnectionPool(host='data-api.polymarket.com', port=443): Max retries exceeded with url: /positions?user=0x17db3fcd93ba12d38382a0cade24b200185c5f6d&limit=500&sizeThreshold=1 (Caused by SSLError(SSLCertVerificationError(1, "[SSL: CERTIFICATE_VERIFY_FAILED] certificate verify failed: Hostname mismatch, certificate is not valid for 'data-api.polymarket.com'. (_ssl.c:1032)")))
[warn] GET failed after retries: https://data-api.polymarket.com/positions params={'user': '0x5966db1fe50763c9e3c014d756369bad07e1f804', 'limit': 500, 'sizeThreshold': 1} err=HTTPSConnectionPool(host='data-api.polymarket.com', port=443): Max retries exceeded with url: /positions?user=0x5966db1fe50763c9e3c014d756369bad07e1f804&limit=500&sizeThreshold=1 (Caused by SSLError(SSLCertVerificationError(1, "[SSL: CERTIFICATE_VERIFY_FAILED] certificate verify failed: Hostname mismatch, certificate is not valid for 'data-api.polymarket.com'. (_ssl.c:1032)")))
[warn] GET failed after retries: https://data-api.polymarket.com/positions params={'user': '0x9495425feeb0c250accb89275c97587011b19a27', 'limit': 500, 'sizeThreshold': 1} err=HTTPSConnectionPool(host='data-api.polymarket.com', port=443): Max retries exceeded with url: /positions?user=0x9495425feeb0c250accb89275c97587011b19a27&limit=500&sizeThreshold=1 (Caused by SSLError(SSLCertVerificationError(1, "[SSL: CERTIFICATE_VERIFY_FAILED] certificate verify failed: Hostname mismatch, certificate is not valid for 'data-api.polymarket.com'. (_ssl.c:1032)")))
[warn] GET failed after retries: https://data-api.polymarket.com/positions params={'user': '0xd38b71f3e8ed1af71983e5c309eac3dfa9b35029', 'limit': 500, 'sizeThreshold': 1} err=HTTPSConnectionPool(host='data-api.polymarket.com', port=443): Max retries exceeded with url: /positions?user=0xd38b71f3e8ed1af71983e5c309eac3dfa9b35029&limit=500&sizeThreshold=1 (Caused by SSLError(SSLCertVerificationError(1, "[SSL: CERTIFICATE_VERIFY_FAILED] certificate verify failed: Hostname mismatch, certificate is not valid for 'data-api.polymarket.com'. (_ssl.c:1032)")))
[warn] GET failed after retries: https://data-api.polymarket.com/positions params={'user': '0x343d4466dc323b850e5249394894c7381d91456e', 'limit': 500, 'sizeThreshold': 1} err=HTTPSConnectionPool(host='data-api.polymarket.com', port=443): Max retries exceeded with url: /positions?user=0x343d4466dc323b850e5249394894c7381d91456e&limit=500&sizeThreshold=1 (Caused by SSLError(SSLCertVerificationError(1, "[SSL: CERTIFICATE_VERIFY_FAILED] certificate verify failed: Hostname mismatch, certificate is not valid for 'data-api.polymarket.com'. (_ssl.c:1032)")))
[warn] GET failed after retries: https://data-api.polymarket.com/positions params={'user': '0x44c1dfe43260c94ed4f1d00de2e1f80fb113ebc1', 'limit': 500, 'sizeThreshold': 1} err=HTTPSConnectionPool(host='data-api.polymarket.com', port=443): Max retries exceeded with url: /positions?user=0x44c1dfe43260c94ed4f1d00de2e1f80fb113ebc1&limit=500&sizeThreshold=1 (Caused by SSLError(SSLCertVerificationError(1, "[SSL: CERTIFICATE_VERIFY_FAILED] certificate verify failed: Hostname mismatch, certificate is not valid for 'data-api.polymarket.com'. (_ssl.c:1032)")))
[warn] GET failed after retries: https://data-api.polymarket.com/positions params={'user': '0xbaa2bcb5439e985ce4ccf815b4700027d1b92c73', 'limit': 500, 'sizeThreshold': 1} err=HTTPSConnectionPool(host='data-api.polymarket.com', port=443): Max retries exceeded with url: /positions?user=0xbaa2bcb5439e985ce4ccf815b4700027d1b92c73&limit=500&sizeThreshold=1 (Caused by SSLError(SSLCertVerificationError(1, "[SSL: CERTIFICATE_VERIFY_FAILED] certificate verify failed: Hostname mismatch, certificate is not valid for 'data-api.polymarket.com'. (_ssl.c:1032)")))
[warn] GET failed after retries: https://data-api.polymarket.com/positions params={'user': '0xf0318c32136c2db7fec88b84869aee6a1106c80c', 'limit': 500, 'sizeThreshold': 1} err=HTTPSConnectionPool(host='data-api.polymarket.com', port=443): Max retries exceeded with url: /positions?user=0xf0318c32136c2db7fec88b84869aee6a1106c80c&limit=500&sizeThreshold=1 (Caused by SSLError(SSLCertVerificationError(1, "[SSL: CERTIFICATE_VERIFY_FAILED] certificate verify failed: Hostname mismatch, certificate is not valid for 'data-api.polymarket.com'. (_ssl.c:1032)")))
[warn] GET failed after retries: https://data-api.polymarket.com/positions params={'user': '0x7fb7ad0d194d7123e711e7db6c9d418fac14e33d', 'limit': 500, 'sizeThreshold': 1} err=HTTPSConnectionPool(host='data-api.polymarket.com', port=443): Max retries exceeded with url: /positions?user=0x7fb7ad0d194d7123e711e7db6c9d418fac14e33d&limit=500&sizeThreshold=1 (Caused by SSLError(SSLCertVerificationError(1, "[SSL: CERTIFICATE_VERIFY_FAILED] certificate verify failed: Hostname mismatch, certificate is not valid for 'data-api.polymarket.com'. (_ssl.c:1032)")))
[warn] GET failed after retries: https://data-api.polymarket.com/positions params={'user': '0xa9878e59934ab507f9039bcb917c1bae0451141d', 'limit': 500, 'sizeThreshold': 1} err=HTTPSConnectionPool(host='data-api.polymarket.com', port=443): Max retries exceeded with url: /positions?user=0xa9878e59934ab507f9039bcb917c1bae0451141d&limit=500&sizeThreshold=1 (Caused by SSLError(SSLCertVerificationError(1, "[SSL: CERTIFICATE_VERIFY_FAILED] certificate verify failed: Hostname mismatch, certificate is not valid for 'data-api.polymarket.com'. (_ssl.c:1032)")))
[warn] GET failed after retries: https://data-api.polymarket.com/positions params={'user': '0x0b9cae2b0dfe7a71c413e0604eaac1c352f87e44', 'limit': 500, 'sizeThreshold': 1} err=HTTPSConnectionPool(host='data-api.polymarket.com', port=443): Max retries exceeded with url: /positions?user=0x0b9cae2b0dfe7a71c413e0604eaac1c352f87e44&limit=500&sizeThreshold=1 (Caused by SSLError(SSLCertVerificationError(1, "[SSL: CERTIFICATE_VERIFY_FAILED] certificate verify failed: Hostname mismatch, certificate is not valid for 'data-api.polymarket.com'. (_ssl.c:1032)")))
    ...read 20/116 traders
[warn] GET failed after retries: https://data-api.polymarket.com/positions params={'user': '0x6db568e61e5e3de7d87f831431b673f38ce2e279', 'limit': 500, 'sizeThreshold': 1} err=HTTPSConnectionPool(host='data-api.polymarket.com', port=443): Max retries exceeded with url: /positions?user=0x6db568e61e5e3de7d87f831431b673f38ce2e279&limit=500&sizeThreshold=1 (Caused by SSLError(SSLCertVerificationError(1, "[SSL: CERTIFICATE_VERIFY_FAILED] certificate verify failed: Hostname mismatch, certificate is not valid for 'data-api.polymarket.com'. (_ssl.c:1032)")))
[warn] GET failed after retries: https://data-api.polymarket.com/positions params={'user': '0x0c0e270cf879583d6a0142fc817e05b768d0434e', 'limit': 500, 'sizeThreshold': 1} err=HTTPSConnectionPool(host='data-api.polymarket.com', port=443): Max retries exceeded with url: /positions?user=0x0c0e270cf879583d6a0142fc817e05b768d0434e&limit=500&sizeThreshold=1 (Caused by SSLError(SSLCertVerificationError(1, "[SSL: CERTIFICATE_VERIFY_FAILED] certificate verify failed: Hostname mismatch, certificate is not valid for 'data-api.polymarket.com'. (_ssl.c:1032)")))
[warn] GET failed after retries: https://data-api.polymarket.com/positions params={'user': '0x7c1ee865a785de4c00ee90ed86a38489fb8bbab3', 'limit': 500, 'sizeThreshold': 1} err=HTTPSConnectionPool(host='data-api.polymarket.com', port=443): Max retries exceeded with url: /positions?user=0x7c1ee865a785de4c00ee90ed86a38489fb8bbab3&limit=500&sizeThreshold=1 (Caused by SSLError(SSLCertVerificationError(1, "[SSL: CERTIFICATE_VERIFY_FAILED] certificate verify failed: Hostname mismatch, certificate is not valid for 'data-api.polymarket.com'. (_ssl.c:1032)")))
[warn] GET failed after retries: https://data-api.polymarket.com/positions params={'user': '0xed107a85a4585a381e48c7f7ca4144909e7dd2e5', 'limit': 500, 'sizeThreshold': 1} err=HTTPSConnectionPool(host='data-api.polymarket.com', port=443): Max retries exceeded with url: /positions?user=0xed107a85a4585a381e48c7f7ca4144909e7dd2e5&limit=500&sizeThreshold=1 (Caused by SSLError(SSLCertVerificationError(1, "[SSL: CERTIFICATE_VERIFY_FAILED] certificate verify failed: Hostname mismatch, certificate is not valid for 'data-api.polymarket.com'. (_ssl.c:1032)")))
[warn] GET failed after retries: https://data-api.polymarket.com/positions params={'user': '0x37c1874a60d348903594a96703e0507c518fc53a', 'limit': 500, 'sizeThreshold': 1} err=HTTPSConnectionPool(host='data-api.polymarket.com', port=443): Max retries exceeded with url: /positions?user=0x37c1874a60d348903594a96703e0507c518fc53a&limit=500&sizeThreshold=1 (Caused by SSLError(SSLCertVerificationError(1, "[SSL: CERTIFICATE_VERIFY_FAILED] certificate verify failed: Hostname mismatch, certificate is not valid for 'data-api.polymarket.com'. (_ssl.c:1032)")))
[warn] GET failed after retries: https://data-api.polymarket.com/positions params={'user': '0xcc500cbcc8b7cf5bd21975ebbea34f21b5644c82', 'limit': 500, 'sizeThreshold': 1} err=HTTPSConnectionPool(host='data-api.polymarket.com', port=443): Max retries exceeded with url: /positions?user=0xcc500cbcc8b7cf5bd21975ebbea34f21b5644c82&limit=500&sizeThreshold=1 (Caused by SSLError(SSLCertVerificationError(1, "[SSL: CERTIFICATE_VERIFY_FAILED] certificate verify failed: Hostname mismatch, certificate is not valid for 'data-api.polymarket.com'. (_ssl.c:1032)")))
[warn] GET failed after retries: https://data-api.polymarket.com/positions params={'user': '0x5c3a1a602848565bb16165fcd460b00c3d43020b', 'limit': 500, 'sizeThreshold': 1} err=HTTPSConnectionPool(host='data-api.polymarket.com', port=443): Max retries exceeded with url: /positions?user=0x5c3a1a602848565bb16165fcd460b00c3d43020b&limit=500&sizeThreshold=1 (Caused by SSLError(SSLCertVerificationError(1, "[SSL: CERTIFICATE_VERIFY_FAILED] certificate verify failed: Hostname mismatch, certificate is not valid for 'data-api.polymarket.com'. (_ssl.c:1032)")))
[warn] GET failed after retries: https://data-api.polymarket.com/positions params={'user': '0x212954857f5efc138748c33d032a93bf95974222', 'limit': 500, 'sizeThreshold': 1} err=HTTPSConnectionPool(host='data-api.polymarket.com', port=443): Max retries exceeded with url: /positions?user=0x212954857f5efc138748c33d032a93bf95974222&limit=500&sizeThreshold=1 (Caused by SSLError(SSLCertVerificationError(1, "[SSL: CERTIFICATE_VERIFY_FAILED] certificate verify failed: Hostname mismatch, certificate is not valid for 'data-api.polymarket.com'. (_ssl.c:1032)")))
[warn] GET failed after retries: https://data-api.polymarket.com/positions params={'user': '0x000d257d2dc7616feaef4ae0f14600fdf50a758e', 'limit': 500, 'sizeThreshold': 1} err=HTTPSConnectionPool(host='data-api.polymarket.com', port=443): Max retries exceeded with url: /positions?user=0x000d257d2dc7616feaef4ae0f14600fdf50a758e&limit=500&sizeThreshold=1 (Caused by SSLError(SSLCertVerificationError(1, "[SSL: CERTIFICATE_VERIFY_FAILED] certificate verify failed: Hostname mismatch, certificate is not valid for 'data-api.polymarket.com'. (_ssl.c:1032)")))
[warn] GET failed after retries: https://data-api.polymarket.com/positions params={'user': '0xb91aeb5accc33a5f9a8615b8ed6b2d352e913987', 'limit': 500, 'sizeThreshold': 1} err=HTTPSConnectionPool(host='data-api.polymarket.com', port=443): Max retries exceeded with url: /positions?user=0xb91aeb5accc33a5f9a8615b8ed6b2d352e913987&limit=500&sizeThreshold=1 (Caused by SSLError(SSLCertVerificationError(1, "[SSL: CERTIFICATE_VERIFY_FAILED] certificate verify failed: Hostname mismatch, certificate is not valid for 'data-api.polymarket.com'. (_ssl.c:1032)")))
[warn] GET failed after retries: https://data-api.polymarket.com/positions params={'user': '0xa6a856a8c8a7f14fd9be6ae11c367c7cbb755009', 'limit': 500, 'sizeThreshold': 1} err=HTTPSConnectionPool(host='data-api.polymarket.com', port=443): Max retries exceeded with url: /positions?user=0xa6a856a8c8a7f14fd9be6ae11c367c7cbb755009&limit=500&sizeThreshold=1 (Caused by SSLError(SSLCertVerificationError(1, "[SSL: CERTIFICATE_VERIFY_FAILED] certificate verify failed: Hostname mismatch, certificate is not valid for 'data-api.polymarket.com'. (_ssl.c:1032)")))
[warn] GET failed after retries: https://data-api.polymarket.com/positions params={'user': '0x26437896ed9dfeb2f69765edcafe8fdceaab39ae', 'limit': 500, 'sizeThreshold': 1} err=HTTPSConnectionPool(host='data-api.polymarket.com', port=443): Max retries exceeded with url: /positions?user=0x26437896ed9dfeb2f69765edcafe8fdceaab39ae&limit=500&sizeThreshold=1 (Caused by SSLError(SSLCertVerificationError(1, "[SSL: CERTIFICATE_VERIFY_FAILED] certificate verify failed: Hostname mismatch, certificate is not valid for 'data-api.polymarket.com'. (_ssl.c:1032)")))
[warn] GET failed after retries: https://data-api.polymarket.com/positions params={'user': '0x85f031d069de300055900c4055c1baeb6bde3f67', 'limit': 500, 'sizeThreshold': 1} err=HTTPSConnectionPool(host='data-api.polymarket.com', port=443): Max retries exceeded with url: /positions?user=0x85f031d069de300055900c4055c1baeb6bde3f67&limit=500&sizeThreshold=1 (Caused by SSLError(SSLCertVerificationError(1, "[SSL: CERTIFICATE_VERIFY_FAILED] certificate verify failed: Hostname mismatch, certificate is not valid for 'data-api.polymarket.com'. (_ssl.c:1032)")))
[warn] GET failed after retries: https://data-api.polymarket.com/positions params={'user': '0x876426b52898c295848f56760dd24b55eda2604a', 'limit': 500, 'sizeThreshold': 1} err=HTTPSConnectionPool(host='data-api.polymarket.com', port=443): Max retries exceeded with url: /positions?user=0x876426b52898c295848f56760dd24b55eda2604a&limit=500&sizeThreshold=1 (Caused by SSLError(SSLCertVerificationError(1, "[SSL: CERTIFICATE_VERIFY_FAILED] certificate verify failed: Hostname mismatch, certificate is not valid for 'data-api.polymarket.com'. (_ssl.c:1032)")))
[warn] GET failed after retries: https://data-api.polymarket.com/positions params={'user': '0x076daa87c4fe1a85402a9b6b8e0a866224388d4c', 'limit': 500, 'sizeThreshold': 1} err=HTTPSConnectionPool(host='data-api.polymarket.com', port=443): Max retries exceeded with url: /positions?user=0x076daa87c4fe1a85402a9b6b8e0a866224388d4c&limit=500&sizeThreshold=1 (Caused by SSLError(SSLCertVerificationError(1, "[SSL: CERTIFICATE_VERIFY_FAILED] certificate verify failed: Hostname mismatch, certificate is not valid for 'data-api.polymarket.com'. (_ssl.c:1032)")))
[warn] GET failed after retries: https://data-api.polymarket.com/positions params={'user': '0xde7be6d489bce070a959e0cb813128ae659b5f4b', 'limit': 500, 'sizeThreshold': 1} err=HTTPSConnectionPool(host='data-api.polymarket.com', port=443): Max retries exceeded with url: /positions?user=0xde7be6d489bce070a959e0cb813128ae659b5f4b&limit=500&sizeThreshold=1 (Caused by SSLError(SSLCertVerificationError(1, "[SSL: CERTIFICATE_VERIFY_FAILED] certificate verify failed: Hostname mismatch, certificate is not valid for 'data-api.polymarket.com'. (_ssl.c:1032)")))
[warn] GET failed after retries: https://data-api.polymarket.com/positions params={'user': '0xf2f6af4f27ec2dcf4072095ab804016e14cd5817', 'limit': 500, 'sizeThreshold': 1} err=HTTPSConnectionPool(host='data-api.polymarket.com', port=443): Max retries exceeded with url: /positions?user=0xf2f6af4f27ec2dcf4072095ab804016e14cd5817&limit=500&sizeThreshold=1 (Caused by SSLError(SSLCertVerificationError(1, "[SSL: CERTIFICATE_VERIFY_FAILED] certificate verify failed: Hostname mismatch, certificate is not valid for 'data-api.polymarket.com'. (_ssl.c:1032)")))
[warn] GET failed after retries: https://data-api.polymarket.com/positions params={'user': '0x32ed517a571c01b6e9adecf61ba81ca48ff2f960', 'limit': 500, 'sizeThreshold': 1} err=HTTPSConnectionPool(host='data-api.polymarket.com', port=443): Max retries exceeded with url: /positions?user=0x32ed517a571c01b6e9adecf61ba81ca48ff2f960&limit=500&sizeThreshold=1 (Caused by SSLError(SSLCertVerificationError(1, "[SSL: CERTIFICATE_VERIFY_FAILED] certificate verify failed: Hostname mismatch, certificate is not valid for 'data-api.polymarket.com'. (_ssl.c:1032)")))
[warn] GET failed after retries: https://data-api.polymarket.com/positions params={'user': '0xbddf61af533ff524d27154e589d2d7a81510c684', 'limit': 500, 'sizeThreshold': 1} err=HTTPSConnectionPool(host='data-api.polymarket.com', port=443): Max retries exceeded with url: /positions?user=0xbddf61af533ff524d27154e589d2d7a81510c684&limit=500&sizeThreshold=1 (Caused by SSLError(SSLCertVerificationError(1, "[SSL: CERTIFICATE_VERIFY_FAILED] certificate verify failed: Hostname mismatch, certificate is not valid for 'data-api.polymarket.com'. (_ssl.c:1032)")))
[warn] GET failed after retries: https://data-api.polymarket.com/positions params={'user': '0xd0b4c4c020abdc88ad9a884f999f3d8cff8ffed6', 'limit': 500, 'sizeThreshold': 1} err=HTTPSConnectionPool(host='data-api.polymarket.com', port=443): Max retries exceeded with url: /positions?user=0xd0b4c4c020abdc88ad9a884f999f3d8cff8ffed6&limit=500&sizeThreshold=1 (Caused by SSLError(SSLCertVerificationError(1, "[SSL: CERTIFICATE_VERIFY_FAILED] certificate verify failed: Hostname mismatch, certificate is not valid for 'data-api.polymarket.com'. (_ssl.c:1032)")))
    ...read 40/116 traders
[warn] GET failed after retries: https://data-api.polymarket.com/positions params={'user': '0x7c3db723f1d4d8cb9c550095203b686cb11e5c6b', 'limit': 500, 'sizeThreshold': 1} err=HTTPSConnectionPool(host='data-api.polymarket.com', port=443): Max retries exceeded with url: /positions?user=0x7c3db723f1d4d8cb9c550095203b686cb11e5c6b&limit=500&sizeThreshold=1 (Caused by SSLError(SSLCertVerificationError(1, "[SSL: CERTIFICATE_VERIFY_FAILED] certificate verify failed: Hostname mismatch, certificate is not valid for 'data-api.polymarket.com'. (_ssl.c:1032)")))
[warn] GET failed after retries: https://data-api.polymarket.com/positions params={'user': '0xfea31bc088000ff909be1dfd8d0e3f2c7ef2d227', 'limit': 500, 'sizeThreshold': 1} err=HTTPSConnectionPool(host='data-api.polymarket.com', port=443): Max retries exceeded with url: /positions?user=0xfea31bc088000ff909be1dfd8d0e3f2c7ef2d227&limit=500&sizeThreshold=1 (Caused by SSLError(SSLCertVerificationError(1, "[SSL: CERTIFICATE_VERIFY_FAILED] certificate verify failed: Hostname mismatch, certificate is not valid for 'data-api.polymarket.com'. (_ssl.c:1032)")))
[warn] GET failed after retries: https://data-api.polymarket.com/positions params={'user': '0x6bab41a0dc40d6dd4c1a915b8c01969479fd1292', 'limit': 500, 'sizeThreshold': 1} err=HTTPSConnectionPool(host='data-api.polymarket.com', port=443): Max retries exceeded with url: /positions?user=0x6bab41a0dc40d6dd4c1a915b8c01969479fd1292&limit=500&sizeThreshold=1 (Caused by SSLError(SSLCertVerificationError(1, "[SSL: CERTIFICATE_VERIFY_FAILED] certificate verify failed: Hostname mismatch, certificate is not valid for 'data-api.polymarket.com'. (_ssl.c:1032)")))
[warn] GET failed after retries: https://data-api.polymarket.com/positions params={'user': '0xd1acd3925d895de9aec98ff95f3a30c5279d08d5', 'limit': 500, 'sizeThreshold': 1} err=HTTPSConnectionPool(host='data-api.polymarket.com', port=443): Max retries exceeded with url: /positions?user=0xd1acd3925d895de9aec98ff95f3a30c5279d08d5&limit=500&sizeThreshold=1 (Caused by SSLError(SSLCertVerificationError(1, "[SSL: CERTIFICATE_VERIFY_FAILED] certificate verify failed: Hostname mismatch, certificate is not valid for 'data-api.polymarket.com'. (_ssl.c:1032)")))
[warn] GET failed after retries: https://data-api.polymarket.com/positions params={'user': '0x31519628fb5e5aa559d4ba27aa1248810b9f0977', 'limit': 500, 'sizeThreshold': 1} err=HTTPSConnectionPool(host='data-api.polymarket.com', port=443): Max retries exceeded with url: /positions?user=0x31519628fb5e5aa559d4ba27aa1248810b9f0977&limit=500&sizeThreshold=1 (Caused by SSLError(SSLCertVerificationError(1, "[SSL: CERTIFICATE_VERIFY_FAILED] certificate verify failed: Hostname mismatch, certificate is not valid for 'data-api.polymarket.com'. (_ssl.c:1032)")))
[warn] GET failed after retries: https://data-api.polymarket.com/positions params={'user': '0xe5c8026239919339b988fdb150a7ef4ea196d3e7', 'limit': 500, 'sizeThreshold': 1} err=HTTPSConnectionPool(host='data-api.polymarket.com', port=443): Max retries exceeded with url: /positions?user=0xe5c8026239919339b988fdb150a7ef4ea196d3e7&limit=500&sizeThreshold=1 (Caused by SSLError(SSLCertVerificationError(1, "[SSL: CERTIFICATE_VERIFY_FAILED] certificate verify failed: Hostname mismatch, certificate is not valid for 'data-api.polymarket.com'. (_ssl.c:1032)")))
[warn] GET failed after retries: https://data-api.polymarket.com/positions params={'user': '0x83255595ba1fadd2e734cb30a0fb8110301a19cc', 'limit': 500, 'sizeThreshold': 1} err=HTTPSConnectionPool(host='data-api.polymarket.com', port=443): Max retries exceeded with url: /positions?user=0x83255595ba1fadd2e734cb30a0fb8110301a19cc&limit=500&sizeThreshold=1 (Caused by SSLError(SSLCertVerificationError(1, "[SSL: CERTIFICATE_VERIFY_FAILED] certificate verify failed: Hostname mismatch, certificate is not valid for 'data-api.polymarket.com'. (_ssl.c:1032)")))
[warn] GET failed after retries: https://data-api.polymarket.com/positions params={'user': '0xe549581668a5751c1972d3ad2d1991d900bd2d54', 'limit': 500, 'sizeThreshold': 1} err=HTTPSConnectionPool(host='data-api.polymarket.com', port=443): Max retries exceeded with url: /positions?user=0xe549581668a5751c1972d3ad2d1991d900bd2d54&limit=500&sizeThreshold=1 (Caused by SSLError(SSLCertVerificationError(1, "[SSL: CERTIFICATE_VERIFY_FAILED] certificate verify failed: Hostname mismatch, certificate is not valid for 'data-api.polymarket.com'. (_ssl.c:1032)")))
[warn] GET failed after retries: https://data-api.polymarket.com/positions params={'user': '0x51393c00184b39182f09a8a62b8549642e69a8db', 'limit': 500, 'sizeThreshold': 1} err=HTTPSConnectionPool(host='data-api.polymarket.com', port=443): Max retries exceeded with url: /positions?user=0x51393c00184b39182f09a8a62b8549642e69a8db&limit=500&sizeThreshold=1 (Caused by SSLError(SSLCertVerificationError(1, "[SSL: CERTIFICATE_VERIFY_FAILED] certificate verify failed: Hostname mismatch, certificate is not valid for 'data-api.polymarket.com'. (_ssl.c:1032)")))
[warn] GET failed after retries: https://data-api.polymarket.com/positions params={'user': '0x7ee1b64be7016b0b0234ab6cabcaa689fd18dae8', 'limit': 500, 'sizeThreshold': 1} err=HTTPSConnectionPool(host='data-api.polymarket.com', port=443): Max retries exceeded with url: /positions?user=0x7ee1b64be7016b0b0234ab6cabcaa689fd18dae8&limit=500&sizeThreshold=1 (Caused by SSLError(SSLCertVerificationError(1, "[SSL: CERTIFICATE_VERIFY_FAILED] certificate verify failed: Hostname mismatch, certificate is not valid for 'data-api.polymarket.com'. (_ssl.c:1032)")))
[warn] GET failed after retries: https://data-api.polymarket.com/positions params={'user': '0x55be7aa03ecfbe37aa5460db791205f7ac9ddca3', 'limit': 500, 'sizeThreshold': 1} err=HTTPSConnectionPool(host='data-api.polymarket.com', port=443): Max retries exceeded with url: /positions?user=0x55be7aa03ecfbe37aa5460db791205f7ac9ddca3&limit=500&sizeThreshold=1 (Caused by SSLError(SSLCertVerificationError(1, "[SSL: CERTIFICATE_VERIFY_FAILED] certificate verify failed: Hostname mismatch, certificate is not valid for 'data-api.polymarket.com'. (_ssl.c:1032)")))
[warn] GET failed after retries: https://data-api.polymarket.com/positions params={'user': '0x1ff26f9f8a048d4f6fb2e4283f32f6ca64d2dbbd', 'limit': 500, 'sizeThreshold': 1} err=HTTPSConnectionPool(host='data-api.polymarket.com', port=443): Max retries exceeded with url: /positions?user=0x1ff26f9f8a048d4f6fb2e4283f32f6ca64d2dbbd&limit=500&sizeThreshold=1 (Caused by SSLError(SSLCertVerificationError(1, "[SSL: CERTIFICATE_VERIFY_FAILED] certificate verify failed: Hostname mismatch, certificate is not valid for 'data-api.polymarket.com'. (_ssl.c:1032)")))
[warn] GET failed after retries: https://data-api.polymarket.com/positions params={'user': '0x1cc16713196d456f86fa9c7387dd326a7f73b8df', 'limit': 500, 'sizeThreshold': 1} err=HTTPSConnectionPool(host='data-api.polymarket.com', port=443): Max retries exceeded with url: /positions?user=0x1cc16713196d456f86fa9c7387dd326a7f73b8df&limit=500&sizeThreshold=1 (Caused by SSLError(SSLCertVerificationError(1, "[SSL: CERTIFICATE_VERIFY_FAILED] certificate verify failed: Hostname mismatch, certificate is not valid for 'data-api.polymarket.com'. (_ssl.c:1032)")))
[warn] GET failed after retries: https://data-api.polymarket.com/positions params={'user': '0x1d8a377c5020f612ce63a0a151970df64baae842', 'limit': 500, 'sizeThreshold': 1} err=HTTPSConnectionPool(host='data-api.polymarket.com', port=443): Max retries exceeded with url: /positions?user=0x1d8a377c5020f612ce63a0a151970df64baae842&limit=500&sizeThreshold=1 (Caused by SSLError(SSLCertVerificationError(1, "[SSL: CERTIFICATE_VERIFY_FAILED] certificate verify failed: Hostname mismatch, certificate is not valid for 'data-api.polymarket.com'. (_ssl.c:1032)")))
[warn] GET failed after retries: https://data-api.polymarket.com/positions params={'user': '0x9703676286b93c2eca71ca96e8757104519a69c2', 'limit': 500, 'sizeThreshold': 1} err=HTTPSConnectionPool(host='data-api.polymarket.com', port=443): Max retries exceeded with url: /positions?user=0x9703676286b93c2eca71ca96e8757104519a69c2&limit=500&sizeThreshold=1 (Caused by SSLError(SSLCertVerificationError(1, "[SSL: CERTIFICATE_VERIFY_FAILED] certificate verify failed: Hostname mismatch, certificate is not valid for 'data-api.polymarket.com'. (_ssl.c:1032)")))
[warn] GET failed after retries: https://data-api.polymarket.com/positions params={'user': '0xf195721ad850377c96cd634457c70cd9e8308057', 'limit': 500, 'sizeThreshold': 1} err=HTTPSConnectionPool(host='data-api.polymarket.com', port=443): Max retries exceeded with url: /positions?user=0xf195721ad850377c96cd634457c70cd9e8308057&limit=500&sizeThreshold=1 (Caused by SSLError(SSLCertVerificationError(1, "[SSL: CERTIFICATE_VERIFY_FAILED] certificate verify failed: Hostname mismatch, certificate is not valid for 'data-api.polymarket.com'. (_ssl.c:1032)")))
[warn] GET failed after retries: https://data-api.polymarket.com/positions params={'user': '0x6e82b93eb57b01a63027bd0c6d2f3f04934a752c', 'limit': 500, 'sizeThreshold': 1} err=HTTPSConnectionPool(host='data-api.polymarket.com', port=443): Max retries exceeded with url: /positions?user=0x6e82b93eb57b01a63027bd0c6d2f3f04934a752c&limit=500&sizeThreshold=1 (Caused by SSLError(SSLCertVerificationError(1, "[SSL: CERTIFICATE_VERIFY_FAILED] certificate verify failed: Hostname mismatch, certificate is not valid for 'data-api.polymarket.com'. (_ssl.c:1032)")))
[warn] GET failed after retries: https://data-api.polymarket.com/positions params={'user': '0x9b3dcd99eec7fe11602e6534e6302c0f318d7422', 'limit': 500, 'sizeThreshold': 1} err=HTTPSConnectionPool(host='data-api.polymarket.com', port=443): Max retries exceeded with url: /positions?user=0x9b3dcd99eec7fe11602e6534e6302c0f318d7422&limit=500&sizeThreshold=1 (Caused by SSLError(SSLCertVerificationError(1, "[SSL: CERTIFICATE_VERIFY_FAILED] certificate verify failed: Hostname mismatch, certificate is not valid for 'data-api.polymarket.com'. (_ssl.c:1032)")))
[warn] GET failed after retries: https://data-api.polymarket.com/positions params={'user': '0x8a4c788f043023b8b28a762216d037e9f148532b', 'limit': 500, 'sizeThreshold': 1} err=HTTPSConnectionPool(host='data-api.polymarket.com', port=443): Max retries exceeded with url: /positions?user=0x8a4c788f043023b8b28a762216d037e9f148532b&limit=500&sizeThreshold=1 (Caused by SSLError(SSLCertVerificationError(1, "[SSL: CERTIFICATE_VERIFY_FAILED] certificate verify failed: Hostname mismatch, certificate is not valid for 'data-api.polymarket.com'. (_ssl.c:1032)")))
[warn] GET failed after retries: https://data-api.polymarket.com/positions params={'user': '0x67542c3219b37fd1610aad290676ff91cdbfe3bc', 'limit': 500, 'sizeThreshold': 1} err=HTTPSConnectionPool(host='data-api.polymarket.com', port=443): Max retries exceeded with url: /positions?user=0x67542c3219b37fd1610aad290676ff91cdbfe3bc&limit=500&sizeThreshold=1 (Caused by SSLError(SSLCertVerificationError(1, "[SSL: CERTIFICATE_VERIFY_FAILED] certificate verify failed: Hostname mismatch, certificate is not valid for 'data-api.polymarket.com'. (_ssl.c:1032)")))
    ...read 60/116 traders
[warn] GET failed after retries: https://data-api.polymarket.com/positions params={'user': '0x83720820a8aa6c3f20ad71850e7a1a17d16c5223', 'limit': 500, 'sizeThreshold': 1} err=HTTPSConnectionPool(host='data-api.polymarket.com', port=443): Max retries exceeded with url: /positions?user=0x83720820a8aa6c3f20ad71850e7a1a17d16c5223&limit=500&sizeThreshold=1 (Caused by SSLError(SSLCertVerificationError(1, "[SSL: CERTIFICATE_VERIFY_FAILED] certificate verify failed: Hostname mismatch, certificate is not valid for 'data-api.polymarket.com'. (_ssl.c:1032)")))
[warn] GET failed after retries: https://data-api.polymarket.com/positions params={'user': '0x924379a79c64b77ad5816ad362122a5f6228658e', 'limit': 500, 'sizeThreshold': 1} err=HTTPSConnectionPool(host='data-api.polymarket.com', port=443): Max retries exceeded with url: /positions?user=0x924379a79c64b77ad5816ad362122a5f6228658e&limit=500&sizeThreshold=1 (Caused by SSLError(SSLCertVerificationError(1, "[SSL: CERTIFICATE_VERIFY_FAILED] certificate verify failed: Hostname mismatch, certificate is not valid for 'data-api.polymarket.com'. (_ssl.c:1032)")))
[warn] GET failed after retries: https://data-api.polymarket.com/positions params={'user': '0xbc1b1e935cf5a06f9378fe2b249338649dc29d59', 'limit': 500, 'sizeThreshold': 1} err=HTTPSConnectionPool(host='data-api.polymarket.com', port=443): Max retries exceeded with url: /positions?user=0xbc1b1e935cf5a06f9378fe2b249338649dc29d59&limit=500&sizeThreshold=1 (Caused by SSLError(SSLCertVerificationError(1, "[SSL: CERTIFICATE_VERIFY_FAILED] certificate verify failed: Hostname mismatch, certificate is not valid for 'data-api.polymarket.com'. (_ssl.c:1032)")))
[warn] GET failed after retries: https://data-api.polymarket.com/positions params={'user': '0x9b89ef1f344d3e17b37ccdff3bccf62d04f04244', 'limit': 500, 'sizeThreshold': 1} err=HTTPSConnectionPool(host='data-api.polymarket.com', port=443): Max retries exceeded with url: /positions?user=0x9b89ef1f344d3e17b37ccdff3bccf62d04f04244&limit=500&sizeThreshold=1 (Caused by SSLError(SSLCertVerificationError(1, "[SSL: CERTIFICATE_VERIFY_FAILED] certificate verify failed: Hostname mismatch, certificate is not valid for 'data-api.polymarket.com'. (_ssl.c:1032)")))
[warn] GET failed after retries: https://data-api.polymarket.com/positions params={'user': '0xe9a6ed2e4d4ee8ce47cd47cac834746dc4cf627b', 'limit': 500, 'sizeThreshold': 1} err=HTTPSConnectionPool(host='data-api.polymarket.com', port=443): Max retries exceeded with url: /positions?user=0xe9a6ed2e4d4ee8ce47cd47cac834746dc4cf627b&limit=500&sizeThreshold=1 (Caused by SSLError(SSLCertVerificationError(1, "[SSL: CERTIFICATE_VERIFY_FAILED] certificate verify failed: Hostname mismatch, certificate is not valid for 'data-api.polymarket.com'. (_ssl.c:1032)")))
[warn] GET failed after retries: https://data-api.polymarket.com/positions params={'user': '0x545129ec7719de8599872cc52850f9f19462616c', 'limit': 500, 'sizeThreshold': 1} err=HTTPSConnectionPool(host='data-api.polymarket.com', port=443): Max retries exceeded with url: /positions?user=0x545129ec7719de8599872cc52850f9f19462616c&limit=500&sizeThreshold=1 (Caused by SSLError(SSLCertVerificationError(1, "[SSL: CERTIFICATE_VERIFY_FAILED] certificate verify failed: Hostname mismatch, certificate is not valid for 'data-api.polymarket.com'. (_ssl.c:1032)")))
[warn] GET failed after retries: https://data-api.polymarket.com/positions params={'user': '0x65018f9fc473f6e920b8929a375d39c26a461220', 'limit': 500, 'sizeThreshold': 1} err=HTTPSConnectionPool(host='data-api.polymarket.com', port=443): Max retries exceeded with url: /positions?user=0x65018f9fc473f6e920b8929a375d39c26a461220&limit=500&sizeThreshold=1 (Caused by SSLError(SSLCertVerificationError(1, "[SSL: CERTIFICATE_VERIFY_FAILED] certificate verify failed: Hostname mismatch, certificate is not valid for 'data-api.polymarket.com'. (_ssl.c:1032)")))
[warn] GET failed after retries: https://data-api.polymarket.com/positions params={'user': '0xa49becb692927d455924583b5e3e5788246f4c40', 'limit': 500, 'sizeThreshold': 1} err=HTTPSConnectionPool(host='data-api.polymarket.com', port=443): Max retries exceeded with url: /positions?user=0xa49becb692927d455924583b5e3e5788246f4c40&limit=500&sizeThreshold=1 (Caused by SSLError(SSLCertVerificationError(1, "[SSL: CERTIFICATE_VERIFY_FAILED] certificate verify failed: Hostname mismatch, certificate is not valid for 'data-api.polymarket.com'. (_ssl.c:1032)")))
[warn] GET failed after retries: https://data-api.polymarket.com/positions params={'user': '0xa6d188fb70c2e2e9ad411c42c02379ed3020286a', 'limit': 500, 'sizeThreshold': 1} err=HTTPSConnectionPool(host='data-api.polymarket.com', port=443): Max retries exceeded with url: /positions?user=0xa6d188fb70c2e2e9ad411c42c02379ed3020286a&limit=500&sizeThreshold=1 (Caused by SSLError(SSLCertVerificationError(1, "[SSL: CERTIFICATE_VERIFY_FAILED] certificate verify failed: Hostname mismatch, certificate is not valid for 'data-api.polymarket.com'. (_ssl.c:1032)")))
[warn] GET failed after retries: https://data-api.polymarket.com/positions params={'user': '0x7d787c72c8317046fda90814a93c87fc192529a5', 'limit': 500, 'sizeThreshold': 1} err=HTTPSConnectionPool(host='data-api.polymarket.com', port=443): Max retries exceeded with url: /positions?user=0x7d787c72c8317046fda90814a93c87fc192529a5&limit=500&sizeThreshold=1 (Caused by SSLError(SSLCertVerificationError(1, "[SSL: CERTIFICATE_VERIFY_FAILED] certificate verify failed: Hostname mismatch, certificate is not valid for 'data-api.polymarket.com'. (_ssl.c:1032)")))
[warn] GET failed after retries: https://data-api.polymarket.com/positions params={'user': '0xfaa2b54347bd9a9f62d6e4bfb2d3180da53de80a', 'limit': 500, 'sizeThreshold': 1} err=HTTPSConnectionPool(host='data-api.polymarket.com', port=443): Max retries exceeded with url: /positions?user=0xfaa2b54347bd9a9f62d6e4bfb2d3180da53de80a&limit=500&sizeThreshold=1 (Caused by SSLError(SSLCertVerificationError(1, "[SSL: CERTIFICATE_VERIFY_FAILED] certificate verify failed: Hostname mismatch, certificate is not valid for 'data-api.polymarket.com'. (_ssl.c:1032)")))
[warn] GET failed after retries: https://data-api.polymarket.com/positions params={'user': '0xc41d736bded9ed1accd6a44235039266219774fd', 'limit': 500, 'sizeThreshold': 1} err=HTTPSConnectionPool(host='data-api.polymarket.com', port=443): Max retries exceeded with url: /positions?user=0xc41d736bded9ed1accd6a44235039266219774fd&limit=500&sizeThreshold=1 (Caused by SSLError(SSLCertVerificationError(1, "[SSL: CERTIFICATE_VERIFY_FAILED] certificate verify failed: Hostname mismatch, certificate is not valid for 'data-api.polymarket.com'. (_ssl.c:1032)")))
[warn] GET failed after retries: https://data-api.polymarket.com/positions params={'user': '0xa6cd8300ff70129ced69975180609e40a12b2f2c', 'limit': 500, 'sizeThreshold': 1} err=HTTPSConnectionPool(host='data-api.polymarket.com', port=443): Max retries exceeded with url: /positions?user=0xa6cd8300ff70129ced69975180609e40a12b2f2c&limit=500&sizeThreshold=1 (Caused by SSLError(SSLCertVerificationError(1, "[SSL: CERTIFICATE_VERIFY_FAILED] certificate verify failed: Hostname mismatch, certificate is not valid for 'data-api.polymarket.com'. (_ssl.c:1032)")))
[warn] GET failed after retries: https://data-api.polymarket.com/positions params={'user': '0xf1528f12e645462c344799b62b1b421a6a4c64aa', 'limit': 500, 'sizeThreshold': 1} err=HTTPSConnectionPool(host='data-api.polymarket.com', port=443): Max retries exceeded with url: /positions?user=0xf1528f12e645462c344799b62b1b421a6a4c64aa&limit=500&sizeThreshold=1 (Caused by SSLError(SSLCertVerificationError(1, "[SSL: CERTIFICATE_VERIFY_FAILED] certificate verify failed: Hostname mismatch, certificate is not valid for 'data-api.polymarket.com'. (_ssl.c:1032)")))
[warn] GET failed after retries: https://data-api.polymarket.com/positions params={'user': '0x547f2917d51f2e63ab382dcf641d4e0240162937', 'limit': 500, 'sizeThreshold': 1} err=HTTPSConnectionPool(host='data-api.polymarket.com', port=443): Max retries exceeded with url: /positions?user=0x547f2917d51f2e63ab382dcf641d4e0240162937&limit=500&sizeThreshold=1 (Caused by SSLError(SSLCertVerificationError(1, "[SSL: CERTIFICATE_VERIFY_FAILED] certificate verify failed: Hostname mismatch, certificate is not valid for 'data-api.polymarket.com'. (_ssl.c:1032)")))
[warn] GET failed after retries: https://data-api.polymarket.com/positions params={'user': '0x73bcd24d510ff4e4d5feac6aec763c5511e246ce', 'limit': 500, 'sizeThreshold': 1} err=HTTPSConnectionPool(host='data-api.polymarket.com', port=443): Max retries exceeded with url: /positions?user=0x73bcd24d510ff4e4d5feac6aec763c5511e246ce&limit=500&sizeThreshold=1 (Caused by SSLError(SSLCertVerificationError(1, "[SSL: CERTIFICATE_VERIFY_FAILED] certificate verify failed: Hostname mismatch, certificate is not valid for 'data-api.polymarket.com'. (_ssl.c:1032)")))
[warn] GET failed after retries: https://data-api.polymarket.com/positions params={'user': '0x37e053beabee77acc15e641dfe8e395b2b2d024e', 'limit': 500, 'sizeThreshold': 1} err=HTTPSConnectionPool(host='data-api.polymarket.com', port=443): Max retries exceeded with url: /positions?user=0x37e053beabee77acc15e641dfe8e395b2b2d024e&limit=500&sizeThreshold=1 (Caused by SSLError(SSLCertVerificationError(1, "[SSL: CERTIFICATE_VERIFY_FAILED] certificate verify failed: Hostname mismatch, certificate is not valid for 'data-api.polymarket.com'. (_ssl.c:1032)")))
[warn] GET failed after retries: https://data-api.polymarket.com/positions params={'user': '0x1465b79bff7992bc703e1aafb3683b1089647072', 'limit': 500, 'sizeThreshold': 1} err=HTTPSConnectionPool(host='data-api.polymarket.com', port=443): Max retries exceeded with url: /positions?user=0x1465b79bff7992bc703e1aafb3683b1089647072&limit=500&sizeThreshold=1 (Caused by SSLError(SSLCertVerificationError(1, "[SSL: CERTIFICATE_VERIFY_FAILED] certificate verify failed: Hostname mismatch, certificate is not valid for 'data-api.polymarket.com'. (_ssl.c:1032)")))
[warn] GET failed after retries: https://data-api.polymarket.com/positions params={'user': '0xcf6c5492124794394dd9eac46498a8babbe47e66', 'limit': 500, 'sizeThreshold': 1} err=HTTPSConnectionPool(host='data-api.polymarket.com', port=443): Max retries exceeded with url: /positions?user=0xcf6c5492124794394dd9eac46498a8babbe47e66&limit=500&sizeThreshold=1 (Caused by SSLError(SSLCertVerificationError(1, "[SSL: CERTIFICATE_VERIFY_FAILED] certificate verify failed: Hostname mismatch, certificate is not valid for 'data-api.polymarket.com'. (_ssl.c:1032)")))
[warn] GET failed after retries: https://data-api.polymarket.com/positions params={'user': '0xe0ac9addc56c19e771a0524f5d172af4d7a476ff', 'limit': 500, 'sizeThreshold': 1} err=HTTPSConnectionPool(host='data-api.polymarket.com', port=443): Max retries exceeded with url: /positions?user=0xe0ac9addc56c19e771a0524f5d172af4d7a476ff&limit=500&sizeThreshold=1 (Caused by SSLError(SSLCertVerificationError(1, "[SSL: CERTIFICATE_VERIFY_FAILED] certificate verify failed: Hostname mismatch, certificate is not valid for 'data-api.polymarket.com'. (_ssl.c:1032)")))
    ...read 80/116 traders
[warn] GET failed after retries: https://data-api.polymarket.com/positions params={'user': '0x2a69660046d7acc4ab204d7cc5ba78b0776cd2f7', 'limit': 500, 'sizeThreshold': 1} err=HTTPSConnectionPool(host='data-api.polymarket.com', port=443): Max retries exceeded with url: /positions?user=0x2a69660046d7acc4ab204d7cc5ba78b0776cd2f7&limit=500&sizeThreshold=1 (Caused by SSLError(SSLCertVerificationError(1, "[SSL: CERTIFICATE_VERIFY_FAILED] certificate verify failed: Hostname mismatch, certificate is not valid for 'data-api.polymarket.com'. (_ssl.c:1032)")))
[warn] GET failed after retries: https://data-api.polymarket.com/positions params={'user': '0x10a6fadcbacd66330862206f6199b197e3ad4d8b', 'limit': 500, 'sizeThreshold': 1} err=HTTPSConnectionPool(host='data-api.polymarket.com', port=443): Max retries exceeded with url: /positions?user=0x10a6fadcbacd66330862206f6199b197e3ad4d8b&limit=500&sizeThreshold=1 (Caused by SSLError(SSLCertVerificationError(1, "[SSL: CERTIFICATE_VERIFY_FAILED] certificate verify failed: Hostname mismatch, certificate is not valid for 'data-api.polymarket.com'. (_ssl.c:1032)")))
[warn] GET failed after retries: https://data-api.polymarket.com/positions params={'user': '0x2dc13c6bda81b202281e796953a7323de675b33c', 'limit': 500, 'sizeThreshold': 1} err=HTTPSConnectionPool(host='data-api.polymarket.com', port=443): Max retries exceeded with url: /positions?user=0x2dc13c6bda81b202281e796953a7323de675b33c&limit=500&sizeThreshold=1 (Caused by SSLError(SSLCertVerificationError(1, "[SSL: CERTIFICATE_VERIFY_FAILED] certificate verify failed: Hostname mismatch, certificate is not valid for 'data-api.polymarket.com'. (_ssl.c:1032)")))
[warn] GET failed after retries: https://data-api.polymarket.com/positions params={'user': '0xca97f5464912ba0308bd40c095bea215980849f6', 'limit': 500, 'sizeThreshold': 1} err=HTTPSConnectionPool(host='data-api.polymarket.com', port=443): Max retries exceeded with url: /positions?user=0xca97f5464912ba0308bd40c095bea215980849f6&limit=500&sizeThreshold=1 (Caused by SSLError(SSLCertVerificationError(1, "[SSL: CERTIFICATE_VERIFY_FAILED] certificate verify failed: Hostname mismatch, certificate is not valid for 'data-api.polymarket.com'. (_ssl.c:1032)")))
[warn] GET failed after retries: https://data-api.polymarket.com/positions params={'user': '0x73c5701afdefba2814193168448b2992306b2f80', 'limit': 500, 'sizeThreshold': 1} err=HTTPSConnectionPool(host='data-api.polymarket.com', port=443): Max retries exceeded with url: /positions?user=0x73c5701afdefba2814193168448b2992306b2f80&limit=500&sizeThreshold=1 (Caused by SSLError(SSLCertVerificationError(1, "[SSL: CERTIFICATE_VERIFY_FAILED] certificate verify failed: Hostname mismatch, certificate is not valid for 'data-api.polymarket.com'. (_ssl.c:1032)")))
[warn] GET failed after retries: https://data-api.polymarket.com/positions params={'user': '0x0224bb9eb0a5c9fd261ac9123a72cbdd5748292a', 'limit': 500, 'sizeThreshold': 1} err=HTTPSConnectionPool(host='data-api.polymarket.com', port=443): Max retries exceeded with url: /positions?user=0x0224bb9eb0a5c9fd261ac9123a72cbdd5748292a&limit=500&sizeThreshold=1 (Caused by SSLError(SSLCertVerificationError(1, "[SSL: CERTIFICATE_VERIFY_FAILED] certificate verify failed: Hostname mismatch, certificate is not valid for 'data-api.polymarket.com'. (_ssl.c:1032)")))
[warn] GET failed after retries: https://data-api.polymarket.com/positions params={'user': '0xf0726b6a29afdfd3c193aa5540df16b0175d467a', 'limit': 500, 'sizeThreshold': 1} err=HTTPSConnectionPool(host='data-api.polymarket.com', port=443): Max retries exceeded with url: /positions?user=0xf0726b6a29afdfd3c193aa5540df16b0175d467a&limit=500&sizeThreshold=1 (Caused by SSLError(SSLCertVerificationError(1, "[SSL: CERTIFICATE_VERIFY_FAILED] certificate verify failed: Hostname mismatch, certificate is not valid for 'data-api.polymarket.com'. (_ssl.c:1032)")))
[warn] GET failed after retries: https://data-api.polymarket.com/positions params={'user': '0xc660ae71765d0d9eaf5fa8328c1c959841d2bd28', 'limit': 500, 'sizeThreshold': 1} err=HTTPSConnectionPool(host='data-api.polymarket.com', port=443): Max retries exceeded with url: /positions?user=0xc660ae71765d0d9eaf5fa8328c1c959841d2bd28&limit=500&sizeThreshold=1 (Caused by SSLError(SSLCertVerificationError(1, "[SSL: CERTIFICATE_VERIFY_FAILED] certificate verify failed: Hostname mismatch, certificate is not valid for 'data-api.polymarket.com'. (_ssl.c:1032)")))
[warn] GET failed after retries: https://data-api.polymarket.com/positions params={'user': '0x162ca4c5249987872fea1e15c846d7fe80316c47', 'limit': 500, 'sizeThreshold': 1} err=HTTPSConnectionPool(host='data-api.polymarket.com', port=443): Max retries exceeded with url: /positions?user=0x162ca4c5249987872fea1e15c846d7fe80316c47&limit=500&sizeThreshold=1 (Caused by SSLError(SSLCertVerificationError(1, "[SSL: CERTIFICATE_VERIFY_FAILED] certificate verify failed: Hostname mismatch, certificate is not valid for 'data-api.polymarket.com'. (_ssl.c:1032)")))
[warn] GET failed after retries: https://data-api.polymarket.com/positions params={'user': '0x7650e94d9c2decc455d7e2b9f8af0c0aa319fac1', 'limit': 500, 'sizeThreshold': 1} err=HTTPSConnectionPool(host='data-api.polymarket.com', port=443): Max retries exceeded with url: /positions?user=0x7650e94d9c2decc455d7e2b9f8af0c0aa319fac1&limit=500&sizeThreshold=1 (Caused by SSLError(SSLCertVerificationError(1, "[SSL: CERTIFICATE_VERIFY_FAILED] certificate verify failed: Hostname mismatch, certificate is not valid for 'data-api.polymarket.com'. (_ssl.c:1032)")))
[warn] GET failed after retries: https://data-api.polymarket.com/positions params={'user': '0x8a269634753d90783f52c58e5ae9a8b9679e937e', 'limit': 500, 'sizeThreshold': 1} err=HTTPSConnectionPool(host='data-api.polymarket.com', port=443): Max retries exceeded with url: /positions?user=0x8a269634753d90783f52c58e5ae9a8b9679e937e&limit=500&sizeThreshold=1 (Caused by SSLError(SSLCertVerificationError(1, "[SSL: CERTIFICATE_VERIFY_FAILED] certificate verify failed: Hostname mismatch, certificate is not valid for 'data-api.polymarket.com'. (_ssl.c:1032)")))
[warn] GET failed after retries: https://data-api.polymarket.com/positions params={'user': '0x336bf6f91a4619d54f0711a20fe468adf4d71233', 'limit': 500, 'sizeThreshold': 1} err=HTTPSConnectionPool(host='data-api.polymarket.com', port=443): Max retries exceeded with url: /positions?user=0x336bf6f91a4619d54f0711a20fe468adf4d71233&limit=500&sizeThreshold=1 (Caused by SSLError(SSLCertVerificationError(1, "[SSL: CERTIFICATE_VERIFY_FAILED] certificate verify failed: Hostname mismatch, certificate is not valid for 'data-api.polymarket.com'. (_ssl.c:1032)")))
[warn] GET failed after retries: https://data-api.polymarket.com/positions params={'user': '0x8806a6f1a847ba4360599ce0f54ce96167712e83', 'limit': 500, 'sizeThreshold': 1} err=HTTPSConnectionPool(host='data-api.polymarket.com', port=443): Max retries exceeded with url: /positions?user=0x8806a6f1a847ba4360599ce0f54ce96167712e83&limit=500&sizeThreshold=1 (Caused by SSLError(SSLCertVerificationError(1, "[SSL: CERTIFICATE_VERIFY_FAILED] certificate verify failed: Hostname mismatch, certificate is not valid for 'data-api.polymarket.com'. (_ssl.c:1032)")))
[warn] GET failed after retries: https://data-api.polymarket.com/positions params={'user': '0xdbdd45150249e229eb4ca8aa48a30dca21faa5de', 'limit': 500, 'sizeThreshold': 1} err=HTTPSConnectionPool(host='data-api.polymarket.com', port=443): Max retries exceeded with url: /positions?user=0xdbdd45150249e229eb4ca8aa48a30dca21faa5de&limit=500&sizeThreshold=1 (Caused by SSLError(SSLCertVerificationError(1, "[SSL: CERTIFICATE_VERIFY_FAILED] certificate verify failed: Hostname mismatch, certificate is not valid for 'data-api.polymarket.com'. (_ssl.c:1032)")))
[warn] GET failed after retries: https://data-api.polymarket.com/positions params={'user': '0x36a74fda8204b1e1680b8512613b0b520f7eb6e9', 'limit': 500, 'sizeThreshold': 1} err=HTTPSConnectionPool(host='data-api.polymarket.com', port=443): Max retries exceeded with url: /positions?user=0x36a74fda8204b1e1680b8512613b0b520f7eb6e9&limit=500&sizeThreshold=1 (Caused by SSLError(SSLCertVerificationError(1, "[SSL: CERTIFICATE_VERIFY_FAILED] certificate verify failed: Hostname mismatch, certificate is not valid for 'data-api.polymarket.com'. (_ssl.c:1032)")))
[warn] GET failed after retries: https://data-api.polymarket.com/positions params={'user': '0xe548376f231af12b4d56aff55a7503a88892a9fe', 'limit': 500, 'sizeThreshold': 1} err=HTTPSConnectionPool(host='data-api.polymarket.com', port=443): Max retries exceeded with url: /positions?user=0xe548376f231af12b4d56aff55a7503a88892a9fe&limit=500&sizeThreshold=1 (Caused by SSLError(SSLCertVerificationError(1, "[SSL: CERTIFICATE_VERIFY_FAILED] certificate verify failed: Hostname mismatch, certificate is not valid for 'data-api.polymarket.com'. (_ssl.c:1032)")))
[warn] GET failed after retries: https://data-api.polymarket.com/positions params={'user': '0x45721362269008ac5988bec2e5c22ca463af5e86', 'limit': 500, 'sizeThreshold': 1} err=HTTPSConnectionPool(host='data-api.polymarket.com', port=443): Max retries exceeded with url: /positions?user=0x45721362269008ac5988bec2e5c22ca463af5e86&limit=500&sizeThreshold=1 (Caused by SSLError(SSLCertVerificationError(1, "[SSL: CERTIFICATE_VERIFY_FAILED] certificate verify failed: Hostname mismatch, certificate is not valid for 'data-api.polymarket.com'. (_ssl.c:1032)")))
[warn] GET failed after retries: https://data-api.polymarket.com/positions params={'user': '0xc29198ad764bd6adaf7bb971a3757a689ece5d74', 'limit': 500, 'sizeThreshold': 1} err=HTTPSConnectionPool(host='data-api.polymarket.com', port=443): Max retries exceeded with url: /positions?user=0xc29198ad764bd6adaf7bb971a3757a689ece5d74&limit=500&sizeThreshold=1 (Caused by SSLError(SSLCertVerificationError(1, "[SSL: CERTIFICATE_VERIFY_FAILED] certificate verify failed: Hostname mismatch, certificate is not valid for 'data-api.polymarket.com'. (_ssl.c:1032)")))
[warn] GET failed after retries: https://data-api.polymarket.com/positions params={'user': '0xc57f19fd86e4531560980d1cd73310c9fbfbc909', 'limit': 500, 'sizeThreshold': 1} err=HTTPSConnectionPool(host='data-api.polymarket.com', port=443): Max retries exceeded with url: /positions?user=0xc57f19fd86e4531560980d1cd73310c9fbfbc909&limit=500&sizeThreshold=1 (Caused by SSLError(SSLCertVerificationError(1, "[SSL: CERTIFICATE_VERIFY_FAILED] certificate verify failed: Hostname mismatch, certificate is not valid for 'data-api.polymarket.com'. (_ssl.c:1032)")))
[warn] GET failed after retries: https://data-api.polymarket.com/positions params={'user': '0x1a2f67124f12eaa88be0f6683a95abede555647a', 'limit': 500, 'sizeThreshold': 1} err=HTTPSConnectionPool(host='data-api.polymarket.com', port=443): Max retries exceeded with url: /positions?user=0x1a2f67124f12eaa88be0f6683a95abede555647a&limit=500&sizeThreshold=1 (Caused by SSLError(SSLCertVerificationError(1, "[SSL: CERTIFICATE_VERIFY_FAILED] certificate verify failed: Hostname mismatch, certificate is not valid for 'data-api.polymarket.com'. (_ssl.c:1032)")))
    ...read 100/116 traders
[warn] GET failed after retries: https://data-api.polymarket.com/positions params={'user': '0xd81e5bc01e4a98d0af93d82dc2c542a4c0f9e3d0', 'limit': 500, 'sizeThreshold': 1} err=HTTPSConnectionPool(host='data-api.polymarket.com', port=443): Max retries exceeded with url: /positions?user=0xd81e5bc01e4a98d0af93d82dc2c542a4c0f9e3d0&limit=500&sizeThreshold=1 (Caused by SSLError(SSLCertVerificationError(1, "[SSL: CERTIFICATE_VERIFY_FAILED] certificate verify failed: Hostname mismatch, certificate is not valid for 'data-api.polymarket.com'. (_ssl.c:1032)")))
[warn] GET failed after retries: https://data-api.polymarket.com/positions params={'user': '0x122b758a408246a180efeb5ba654e21b553fac59', 'limit': 500, 'sizeThreshold': 1} err=HTTPSConnectionPool(host='data-api.polymarket.com', port=443): Max retries exceeded with url: /positions?user=0x122b758a408246a180efeb5ba654e21b553fac59&limit=500&sizeThreshold=1 (Caused by SSLError(SSLCertVerificationError(1, "[SSL: CERTIFICATE_VERIFY_FAILED] certificate verify failed: Hostname mismatch, certificate is not valid for 'data-api.polymarket.com'. (_ssl.c:1032)")))
[warn] GET failed after retries: https://data-api.polymarket.com/positions params={'user': '0x325f0e5b5afc66ff54102d850f67f0c621304511', 'limit': 500, 'sizeThreshold': 1} err=HTTPSConnectionPool(host='data-api.polymarket.com', port=443): Max retries exceeded with url: /positions?user=0x325f0e5b5afc66ff54102d850f67f0c621304511&limit=500&sizeThreshold=1 (Caused by SSLError(SSLCertVerificationError(1, "[SSL: CERTIFICATE_VERIFY_FAILED] certificate verify failed: Hostname mismatch, certificate is not valid for 'data-api.polymarket.com'. (_ssl.c:1032)")))
[warn] GET failed after retries: https://data-api.polymarket.com/positions params={'user': '0xc8075693f48668a264b9fa313b47f52712fcc12b', 'limit': 500, 'sizeThreshold': 1} err=HTTPSConnectionPool(host='data-api.polymarket.com', port=443): Max retries exceeded with url: /positions?user=0xc8075693f48668a264b9fa313b47f52712fcc12b&limit=500&sizeThreshold=1 (Caused by SSLError(SSLCertVerificationError(1, "[SSL: CERTIFICATE_VERIFY_FAILED] certificate verify failed: Hostname mismatch, certificate is not valid for 'data-api.polymarket.com'. (_ssl.c:1032)")))
[warn] GET failed after retries: https://data-api.polymarket.com/positions params={'user': '0x9e86ad1cb29ab0ff1e00c89bf68b8db98d926dfb', 'limit': 500, 'sizeThreshold': 1} err=HTTPSConnectionPool(host='data-api.polymarket.com', port=443): Max retries exceeded with url: /positions?user=0x9e86ad1cb29ab0ff1e00c89bf68b8db98d926dfb&limit=500&sizeThreshold=1 (Caused by SSLError(SSLCertVerificationError(1, "[SSL: CERTIFICATE_VERIFY_FAILED] certificate verify failed: Hostname mismatch, certificate is not valid for 'data-api.polymarket.com'. (_ssl.c:1032)")))
[warn] GET failed after retries: https://data-api.polymarket.com/positions params={'user': '0xf3c73f43afd680a35b4c65af727ebf7a495dc83b', 'limit': 500, 'sizeThreshold': 1} err=HTTPSConnectionPool(host='data-api.polymarket.com', port=443): Max retries exceeded with url: /positions?user=0xf3c73f43afd680a35b4c65af727ebf7a495dc83b&limit=500&sizeThreshold=1 (Caused by SSLError(SSLCertVerificationError(1, "[SSL: CERTIFICATE_VERIFY_FAILED] certificate verify failed: Hostname mismatch, certificate is not valid for 'data-api.polymarket.com'. (_ssl.c:1032)")))
[warn] GET failed after retries: https://data-api.polymarket.com/positions params={'user': '0x67ac9e1ad7d7e74ef0215d14fc8edb538e4fedf1', 'limit': 500, 'sizeThreshold': 1} err=HTTPSConnectionPool(host='data-api.polymarket.com', port=443): Max retries exceeded with url: /positions?user=0x67ac9e1ad7d7e74ef0215d14fc8edb538e4fedf1&limit=500&sizeThreshold=1 (Caused by SSLError(SSLCertVerificationError(1, "[SSL: CERTIFICATE_VERIFY_FAILED] certificate verify failed: Hostname mismatch, certificate is not valid for 'data-api.polymarket.com'. (_ssl.c:1032)")))
[warn] GET failed after retries: https://data-api.polymarket.com/positions params={'user': '0x5b6331e7ff0831a3fe2ed12004747db1a9c911a4', 'limit': 500, 'sizeThreshold': 1} err=HTTPSConnectionPool(host='data-api.polymarket.com', port=443): Max retries exceeded with url: /positions?user=0x5b6331e7ff0831a3fe2ed12004747db1a9c911a4&limit=500&sizeThreshold=1 (Caused by SSLError(SSLCertVerificationError(1, "[SSL: CERTIFICATE_VERIFY_FAILED] certificate verify failed: Hostname mismatch, certificate is not valid for 'data-api.polymarket.com'. (_ssl.c:1032)")))
[warn] GET failed after retries: https://data-api.polymarket.com/positions params={'user': '0x55f544a537f6b9f50a8d27e662c250e93418e2a0', 'limit': 500, 'sizeThreshold': 1} err=HTTPSConnectionPool(host='data-api.polymarket.com', port=443): Max retries exceeded with url: /positions?user=0x55f544a537f6b9f50a8d27e662c250e93418e2a0&limit=500&sizeThreshold=1 (Caused by SSLError(SSLCertVerificationError(1, "[SSL: CERTIFICATE_VERIFY_FAILED] certificate verify failed: Hostname mismatch, certificate is not valid for 'data-api.polymarket.com'. (_ssl.c:1032)")))
[warn] GET failed after retries: https://data-api.polymarket.com/positions params={'user': '0x39932ca2b7a1b8ab6cbf0b8f7419261b950ccded', 'limit': 500, 'sizeThreshold': 1} err=HTTPSConnectionPool(host='data-api.polymarket.com', port=443): Max retries exceeded with url: /positions?user=0x39932ca2b7a1b8ab6cbf0b8f7419261b950ccded&limit=500&sizeThreshold=1 (Caused by SSLError(SSLCertVerificationError(1, "[SSL: CERTIFICATE_VERIFY_FAILED] certificate verify failed: Hostname mismatch, certificate is not valid for 'data-api.polymarket.com'. (_ssl.c:1032)")))
[warn] GET failed after retries: https://data-api.polymarket.com/positions params={'user': '0x6100acd1f9ebe426750cb5cf7bc89e262beaed95', 'limit': 500, 'sizeThreshold': 1} err=HTTPSConnectionPool(host='data-api.polymarket.com', port=443): Max retries exceeded with url: /positions?user=0x6100acd1f9ebe426750cb5cf7bc89e262beaed95&limit=500&sizeThreshold=1 (Caused by SSLError(SSLCertVerificationError(1, "[SSL: CERTIFICATE_VERIFY_FAILED] certificate verify failed: Hostname mismatch, certificate is not valid for 'data-api.polymarket.com'. (_ssl.c:1032)")))
[warn] GET failed after retries: https://data-api.polymarket.com/positions params={'user': '0x2e78d7a77df765928de65f17196671fa83f2067e', 'limit': 500, 'sizeThreshold': 1} err=HTTPSConnectionPool(host='data-api.polymarket.com', port=443): Max retries exceeded with url: /positions?user=0x2e78d7a77df765928de65f17196671fa83f2067e&limit=500&sizeThreshold=1 (Caused by SSLError(SSLCertVerificationError(1, "[SSL: CERTIFICATE_VERIFY_FAILED] certificate verify failed: Hostname mismatch, certificate is not valid for 'data-api.polymarket.com'. (_ssl.c:1032)")))
[warn] GET failed after retries: https://data-api.polymarket.com/positions params={'user': '0x87da2f16cf98af9b3e2f6ba6d9c4c470815b53d1', 'limit': 500, 'sizeThreshold': 1} err=HTTPSConnectionPool(host='data-api.polymarket.com', port=443): Max retries exceeded with url: /positions?user=0x87da2f16cf98af9b3e2f6ba6d9c4c470815b53d1&limit=500&sizeThreshold=1 (Caused by SSLError(SSLCertVerificationError(1, "[SSL: CERTIFICATE_VERIFY_FAILED] certificate verify failed: Hostname mismatch, certificate is not valid for 'data-api.polymarket.com'. (_ssl.c:1032)")))
[warn] GET failed after retries: https://data-api.polymarket.com/positions params={'user': '0x3d85d47d2f366dc0f2a21e95404428233bba197f', 'limit': 500, 'sizeThreshold': 1} err=HTTPSConnectionPool(host='data-api.polymarket.com', port=443): Max retries exceeded with url: /positions?user=0x3d85d47d2f366dc0f2a21e95404428233bba197f&limit=500&sizeThreshold=1 (Caused by SSLError(SSLCertVerificationError(1, "[SSL: CERTIFICATE_VERIFY_FAILED] certificate verify failed: Hostname mismatch, certificate is not valid for 'data-api.polymarket.com'. (_ssl.c:1032)")))
[warn] GET failed after retries: https://data-api.polymarket.com/positions params={'user': '0x54525ee78bd513b0bf75f94e560158f6fc35d448', 'limit': 500, 'sizeThreshold': 1} err=HTTPSConnectionPool(host='data-api.polymarket.com', port=443): Max retries exceeded with url: /positions?user=0x54525ee78bd513b0bf75f94e560158f6fc35d448&limit=500&sizeThreshold=1 (Caused by SSLError(SSLCertVerificationError(1, "[SSL: CERTIFICATE_VERIFY_FAILED] certificate verify failed: Hostname mismatch, certificate is not valid for 'data-api.polymarket.com'. (_ssl.c:1032)")))
[warn] GET failed after retries: https://data-api.polymarket.com/positions params={'user': '0xdb83e85ffd22faa4009273034770f96ffc5b1e50', 'limit': 500, 'sizeThreshold': 1} err=HTTPSConnectionPool(host='data-api.polymarket.com', port=443): Max retries exceeded with url: /positions?user=0xdb83e85ffd22faa4009273034770f96ffc5b1e50&limit=500&sizeThreshold=1 (Caused by SSLError(SSLCertVerificationError(1, "[SSL: CERTIFICATE_VERIFY_FAILED] certificate verify failed: Hostname mismatch, certificate is not valid for 'data-api.polymarket.com'. (_ssl.c:1032)")))
[warn] GET failed after retries: https://gamma-api.polymarket.com/markets params={'condition_ids': '0xa1cb668f44322a8975bdd12276b7c43bd7705b47298cc6d869858e62ead1435c'} err=HTTPSConnectionPool(host='gamma-api.polymarket.com', port=443): Max retries exceeded with url: /markets?condition_ids=0xa1cb668f44322a8975bdd12276b7c43bd7705b47298cc6d869858e62ead1435c (Caused by SSLError(SSLCertVerificationError(1, "[SSL: CERTIFICATE_VERIFY_FAILED] certificate verify failed: Hostname mismatch, certificate is not valid for 'gamma-api.polymarket.com'. (_ssl.c:1032)")))
[warn] GET failed after retries: https://gamma-api.polymarket.com/markets params={'condition_ids': '0x84f698ac4e21f27dfa51803083f5c115933c13611259e2968e4b2ba06f854912'} err=HTTPSConnectionPool(host='gamma-api.polymarket.com', port=443): Max retries exceeded with url: /markets?condition_ids=0x84f698ac4e21f27dfa51803083f5c115933c13611259e2968e4b2ba06f854912 (Caused by SSLError(SSLCertVerificationError(1, "[SSL: CERTIFICATE_VERIFY_FAILED] certificate verify failed: Hostname mismatch, certificate is not valid for 'gamma-api.polymarket.com'. (_ssl.c:1032)")))
[warn] GET failed after retries: https://gamma-api.polymarket.com/markets params={'condition_ids': '0x7976b8dbacf9077eb1453a62bcefd6ab2df199acd28aad276ff0d920d6992892'} err=HTTPSConnectionPool(host='gamma-api.polymarket.com', port=443): Max retries exceeded with url: /markets?condition_ids=0x7976b8dbacf9077eb1453a62bcefd6ab2df199acd28aad276ff0d920d6992892 (Caused by SSLError(SSLCertVerificationError(1, "[SSL: CERTIFICATE_VERIFY_FAILED] certificate verify failed: Hostname mismatch, certificate is not valid for 'gamma-api.polymarket.com'. (_ssl.c:1032)")))
[warn] GET failed after retries: https://gamma-api.polymarket.com/markets params={'condition_ids': '0x2745c38ff0617cb345c1d2df19b4f74ea777508e07411e88eeb6ab3affcda2a2'} err=HTTPSConnectionPool(host='gamma-api.polymarket.com', port=443): Max retries exceeded with url: /markets?condition_ids=0x2745c38ff0617cb345c1d2df19b4f74ea777508e07411e88eeb6ab3affcda2a2 (Caused by SSLError(SSLCertVerificationError(1, "[SSL: CERTIFICATE_VERIFY_FAILED] certificate verify failed: Hostname mismatch, certificate is not valid for 'gamma-api.polymarket.com'. (_ssl.c:1032)")))
[warn] GET failed after retries: https://gamma-api.polymarket.com/markets params={'condition_ids': '0xa01d48a973e40770719dab42faf1aeae5da4376d9eca46e77265c7551d1be0f7'} err=HTTPSConnectionPool(host='gamma-api.polymarket.com', port=443): Max retries exceeded with url: /markets?condition_ids=0xa01d48a973e40770719dab42faf1aeae5da4376d9eca46e77265c7551d1be0f7 (Caused by SSLError(SSLCertVerificationError(1, "[SSL: CERTIFICATE_VERIFY_FAILED] certificate verify failed: Hostname mismatch, certificate is not valid for 'gamma-api.polymarket.com'. (_ssl.c:1032)")))
[warn] GET failed after retries: https://gamma-api.polymarket.com/markets params={'condition_ids': '0x5e082f0b57f47a29044aa35b4c5658393122e659d5feae521c06b57cdd7f905c'} err=HTTPSConnectionPool(host='gamma-api.polymarket.com', port=443): Max retries exceeded with url: /markets?condition_ids=0x5e082f0b57f47a29044aa35b4c5658393122e659d5feae521c06b57cdd7f905c (Caused by SSLError(SSLCertVerificationError(1, "[SSL: CERTIFICATE_VERIFY_FAILED] certificate verify failed: Hostname mismatch, certificate is not valid for 'gamma-api.polymarket.com'. (_ssl.c:1032)")))
[warn] GET failed after retries: https://gamma-api.polymarket.com/markets params={'condition_ids': '0xd1796c09d0d6f876f8580086ae9808ec991784e3a74b25a1830a25de71a78c96'} err=HTTPSConnectionPool(host='gamma-api.polymarket.com', port=443): Max retries exceeded with url: /markets?condition_ids=0xd1796c09d0d6f876f8580086ae9808ec991784e3a74b25a1830a25de71a78c96 (Caused by SSLError(SSLCertVerificationError(1, "[SSL: CERTIFICATE_VERIFY_FAILED] certificate verify failed: Hostname mismatch, certificate is not valid for 'gamma-api.polymarket.com'. (_ssl.c:1032)")))
[warn] GET failed after retries: https://gamma-api.polymarket.com/markets params={'condition_ids': '0x6522024c060166830e53a48b0db1cab9296601a8539ab005124db5e4bf50a303'} err=HTTPSConnectionPool(host='gamma-api.polymarket.com', port=443): Max retries exceeded with url: /markets?condition_ids=0x6522024c060166830e53a48b0db1cab9296601a8539ab005124db5e4bf50a303 (Caused by SSLError(SSLCertVerificationError(1, "[SSL: CERTIFICATE_VERIFY_FAILED] certificate verify failed: Hostname mismatch, certificate is not valid for 'gamma-api.polymarket.com'. (_ssl.c:1032)")))
[warn] GET failed after retries: https://gamma-api.polymarket.com/markets params={'condition_ids': '0x4167e22670f31e5f93d132f78108f3fae809bd15cadf78983eff096845ed1415'} err=HTTPSConnectionPool(host='gamma-api.polymarket.com', port=443): Max retries exceeded with url: /markets?condition_ids=0x4167e22670f31e5f93d132f78108f3fae809bd15cadf78983eff096845ed1415 (Caused by SSLError(SSLCertVerificationError(1, "[SSL: CERTIFICATE_VERIFY_FAILED] certificate verify failed: Hostname mismatch, certificate is not valid for 'gamma-api.polymarket.com'. (_ssl.c:1032)")))
[warn] GET failed after retries: https://gamma-api.polymarket.com/markets params={'condition_ids': '0x533aab0d99851ea6dccf14861b8b7bb5026a40a15718769f8cc519d93380b391'} err=HTTPSConnectionPool(host='gamma-api.polymarket.com', port=443): Max retries exceeded with url: /markets?condition_ids=0x533aab0d99851ea6dccf14861b8b7bb5026a40a15718769f8cc519d93380b391 (Caused by SSLError(SSLCertVerificationError(1, "[SSL: CERTIFICATE_VERIFY_FAILED] certificate verify failed: Hostname mismatch, certificate is not valid for 'gamma-api.polymarket.com'. (_ssl.c:1032)")))
[warn] GET failed after retries: https://gamma-api.polymarket.com/markets params={'condition_ids': '0xff68b32e6543ae8b44ccb520604b6ea224a1bac071a186fb65f6f40949a758df'} err=HTTPSConnectionPool(host='gamma-api.polymarket.com', port=443): Max retries exceeded with url: /markets?condition_ids=0xff68b32e6543ae8b44ccb520604b6ea224a1bac071a186fb65f6f40949a758df (Caused by SSLError(SSLCertVerificationError(1, "[SSL: CERTIFICATE_VERIFY_FAILED] certificate verify failed: Hostname mismatch, certificate is not valid for 'gamma-api.polymarket.com'. (_ssl.c:1032)")))
[warn] GET failed after retries: https://gamma-api.polymarket.com/markets params={'condition_ids': '0x32e869cb0f7316273417ec79aa94c8a139f8c390ebff8a24150a18753d257f8e'} err=HTTPSConnectionPool(host='gamma-api.polymarket.com', port=443): Max retries exceeded with url: /markets?condition_ids=0x32e869cb0f7316273417ec79aa94c8a139f8c390ebff8a24150a18753d257f8e (Caused by SSLError(SSLCertVerificationError(1, "[SSL: CERTIFICATE_VERIFY_FAILED] certificate verify failed: Hostname mismatch, certificate is not valid for 'gamma-api.polymarket.com'. (_ssl.c:1032)")))
[warn] GET failed after retries: https://gamma-api.polymarket.com/markets params={'condition_ids': '0x4dc5c13eb9646b10da7d5f079f77ef2480ec5466861ce1cfbc910fabed3d7d0d'} err=HTTPSConnectionPool(host='gamma-api.polymarket.com', port=443): Max retries exceeded with url: /markets?condition_ids=0x4dc5c13eb9646b10da7d5f079f77ef2480ec5466861ce1cfbc910fabed3d7d0d (Caused by SSLError(SSLCertVerificationError(1, "[SSL: CERTIFICATE_VERIFY_FAILED] certificate verify failed: Hostname mismatch, certificate is not valid for 'gamma-api.polymarket.com'. (_ssl.c:1032)")))
[warn] GET failed after retries: https://gamma-api.polymarket.com/markets params={'condition_ids': '0xca0329cd4392d91e39df0702949229573d2415ae4a37b0103d0c6e9d03b8dd44'} err=HTTPSConnectionPool(host='gamma-api.polymarket.com', port=443): Max retries exceeded with url: /markets?condition_ids=0xca0329cd4392d91e39df0702949229573d2415ae4a37b0103d0c6e9d03b8dd44 (Caused by SSLError(SSLCertVerificationError(1, "[SSL: CERTIFICATE_VERIFY_FAILED] certificate verify failed: Hostname mismatch, certificate is not valid for 'gamma-api.polymarket.com'. (_ssl.c:1032)")))
[warn] GET failed after retries: https://gamma-api.polymarket.com/markets params={'condition_ids': '0x1a01bf78f56a507fcb666d564d8c8b91b0750679163ed6e96746102c9b7d285d'} err=HTTPSConnectionPool(host='gamma-api.polymarket.com', port=443): Max retries exceeded with url: /markets?condition_ids=0x1a01bf78f56a507fcb666d564d8c8b91b0750679163ed6e96746102c9b7d285d (Caused by SSLError(SSLCertVerificationError(1, "[SSL: CERTIFICATE_VERIFY_FAILED] certificate verify failed: Hostname mismatch, certificate is not valid for 'gamma-api.polymarket.com'. (_ssl.c:1032)")))
[warn] GET failed after retries: https://gamma-api.polymarket.com/markets params={'condition_ids': '0xb8e6d129a06d0ccb21d7b32eb529ea455eddba3cf29bfa097112202cbdf5bf21'} err=HTTPSConnectionPool(host='gamma-api.polymarket.com', port=443): Max retries exceeded with url: /markets?condition_ids=0xb8e6d129a06d0ccb21d7b32eb529ea455eddba3cf29bfa097112202cbdf5bf21 (Caused by SSLError(SSLCertVerificationError(1, "[SSL: CERTIFICATE_VERIFY_FAILED] certificate verify failed: Hostname mismatch, certificate is not valid for 'gamma-api.polymarket.com'. (_ssl.c:1032)")))
[warn] GET failed after retries: https://gamma-api.polymarket.com/markets params={'condition_ids': '0xc5eae79d1ffe716572353962eb926b1e3964c500a4880a7a94f58408218ee76b'} err=HTTPSConnectionPool(host='gamma-api.polymarket.com', port=443): Max retries exceeded with url: /markets?condition_ids=0xc5eae79d1ffe716572353962eb926b1e3964c500a4880a7a94f58408218ee76b (Caused by SSLError(SSLCertVerificationError(1, "[SSL: CERTIFICATE_VERIFY_FAILED] certificate verify failed: Hostname mismatch, certificate is not valid for 'gamma-api.polymarket.com'. (_ssl.c:1032)")))
[warn] GET failed after retries: https://gamma-api.polymarket.com/markets params={'condition_ids': '0x024b68f77bfc019341ee3db8f57c103334e4b9430bba4746d8c94aafd8b36fee'} err=HTTPSConnectionPool(host='gamma-api.polymarket.com', port=443): Max retries exceeded with url: /markets?condition_ids=0x024b68f77bfc019341ee3db8f57c103334e4b9430bba4746d8c94aafd8b36fee (Caused by SSLError(SSLCertVerificationError(1, "[SSL: CERTIFICATE_VERIFY_FAILED] certificate verify failed: Hostname mismatch, certificate is not valid for 'gamma-api.polymarket.com'. (_ssl.c:1032)")))
[warn] GET failed after retries: https://gamma-api.polymarket.com/markets params={'condition_ids': '0x752fa61c93f16c4b15e85b0bd438d9c684176b0ea7b319a84c8aca34616e8a8c'} err=HTTPSConnectionPool(host='gamma-api.polymarket.com', port=443): Max retries exceeded with url: /markets?condition_ids=0x752fa61c93f16c4b15e85b0bd438d9c684176b0ea7b319a84c8aca34616e8a8c (Caused by SSLError(SSLCertVerificationError(1, "[SSL: CERTIFICATE_VERIFY_FAILED] certificate verify failed: Hostname mismatch, certificate is not valid for 'gamma-api.polymarket.com'. (_ssl.c:1032)")))
[warn] GET failed after retries: https://gamma-api.polymarket.com/markets params={'condition_ids': '0xce3c54c3e773e8b3bf73e4c12af93205b21195d03b9c386e22f274b9acfc2c56'} err=HTTPSConnectionPool(host='gamma-api.polymarket.com', port=443): Max retries exceeded with url: /markets?condition_ids=0xce3c54c3e773e8b3bf73e4c12af93205b21195d03b9c386e22f274b9acfc2c56 (Caused by SSLError(SSLCertVerificationError(1, "[SSL: CERTIFICATE_VERIFY_FAILED] certificate verify failed: Hostname mismatch, certificate is not valid for 'gamma-api.polymarket.com'. (_ssl.c:1032)")))
[warn] GET failed after retries: https://gamma-api.polymarket.com/markets params={'condition_ids': '0xdaa4866bae18be58c5a79d2aeeffd035ec78f1bb49dbd88f72993997778a990f'} err=HTTPSConnectionPool(host='gamma-api.polymarket.com', port=443): Max retries exceeded with url: /markets?condition_ids=0xdaa4866bae18be58c5a79d2aeeffd035ec78f1bb49dbd88f72993997778a990f (Caused by SSLError(SSLCertVerificationError(1, "[SSL: CERTIFICATE_VERIFY_FAILED] certificate verify failed: Hostname mismatch, certificate is not valid for 'gamma-api.polymarket.com'. (_ssl.c:1032)")))
[warn] GET failed after retries: https://gamma-api.polymarket.com/markets params={'condition_ids': '0xd5d9fc47718bd553592d126b1fa5e87183d27f3936975b0c04cc0f2dec1f1bb4'} err=HTTPSConnectionPool(host='gamma-api.polymarket.com', port=443): Max retries exceeded with url: /markets?condition_ids=0xd5d9fc47718bd553592d126b1fa5e87183d27f3936975b0c04cc0f2dec1f1bb4 (Caused by SSLError(SSLCertVerificationError(1, "[SSL: CERTIFICATE_VERIFY_FAILED] certificate verify failed: Hostname mismatch, certificate is not valid for 'gamma-api.polymarket.com'. (_ssl.c:1032)")))
[warn] GET failed after retries: https://gamma-api.polymarket.com/markets params={'condition_ids': '0x4567b275e6b667a6217f5cb4f06a797d3a1eaf1d0281fb5bc8c75e2046ae7e57'} err=HTTPSConnectionPool(host='gamma-api.polymarket.com', port=443): Max retries exceeded with url: /markets?condition_ids=0x4567b275e6b667a6217f5cb4f06a797d3a1eaf1d0281fb5bc8c75e2046ae7e57 (Caused by SSLError(SSLCertVerificationError(1, "[SSL: CERTIFICATE_VERIFY_FAILED] certificate verify failed: Hostname mismatch, certificate is not valid for 'gamma-api.polymarket.com'. (_ssl.c:1032)")))
[warn] GET failed after retries: https://gamma-api.polymarket.com/markets params={'condition_ids': '0xccd02457c87dc4d3d5a1e6d5ec71bdd21f3ef922b61e326f270d6ff0382a7eec'} err=HTTPSConnectionPool(host='gamma-api.polymarket.com', port=443): Max retries exceeded with url: /markets?condition_ids=0xccd02457c87dc4d3d5a1e6d5ec71bdd21f3ef922b61e326f270d6ff0382a7eec (Caused by SSLError(SSLCertVerificationError(1, "[SSL: CERTIFICATE_VERIFY_FAILED] certificate verify failed: Hostname mismatch, certificate is not valid for 'gamma-api.polymarket.com'. (_ssl.c:1032)")))
[warn] GET failed after retries: https://gamma-api.polymarket.com/markets params={'condition_ids': '0x16c63b7cc37f012b9f59ee164ec03877914c701d06d48291ae8d6fc08a088b0d'} err=HTTPSConnectionPool(host='gamma-api.polymarket.com', port=443): Max retries exceeded with url: /markets?condition_ids=0x16c63b7cc37f012b9f59ee164ec03877914c701d06d48291ae8d6fc08a088b0d (Caused by SSLError(SSLCertVerificationError(1, "[SSL: CERTIFICATE_VERIFY_FAILED] certificate verify failed: Hostname mismatch, certificate is not valid for 'gamma-api.polymarket.com'. (_ssl.c:1032)")))
[warn] GET failed after retries: https://gamma-api.polymarket.com/markets params={'condition_ids': '0x502a94e5c525766d5ee7f16c6568131ba1b2cbadb69c703af05a6ef00336ed64'} err=HTTPSConnectionPool(host='gamma-api.polymarket.com', port=443): Max retries exceeded with url: /markets?condition_ids=0x502a94e5c525766d5ee7f16c6568131ba1b2cbadb69c703af05a6ef00336ed64 (Caused by SSLError(SSLCertVerificationError(1, "[SSL: CERTIFICATE_VERIFY_FAILED] certificate verify failed: Hostname mismatch, certificate is not valid for 'gamma-api.polymarket.com'. (_ssl.c:1032)")))
[warn] GET failed after retries: https://gamma-api.polymarket.com/markets params={'condition_ids': '0x2bf419aa66753cd95324dfe102ad2d0d5bdb0205cf52735a389134b78f2b2139'} err=HTTPSConnectionPool(host='gamma-api.polymarket.com', port=443): Max retries exceeded with url: /markets?condition_ids=0x2bf419aa66753cd95324dfe102ad2d0d5bdb0205cf52735a389134b78f2b2139 (Caused by SSLError(SSLCertVerificationError(1, "[SSL: CERTIFICATE_VERIFY_FAILED] certificate verify failed: Hostname mismatch, certificate is not valid for 'gamma-api.polymarket.com'. (_ssl.c:1032)")))
[warn] GET failed after retries: https://gamma-api.polymarket.com/markets params={'condition_ids': '0x4e4f77e7dbf4cab666e9a1943674d7ae66348e862df03ea6f44b11eb95731928'} err=HTTPSConnectionPool(host='gamma-api.polymarket.com', port=443): Max retries exceeded with url: /markets?condition_ids=0x4e4f77e7dbf4cab666e9a1943674d7ae66348e862df03ea6f44b11eb95731928 (Caused by SSLError(SSLCertVerificationError(1, "[SSL: CERTIFICATE_VERIFY_FAILED] certificate verify failed: Hostname mismatch, certificate is not valid for 'gamma-api.polymarket.com'. (_ssl.c:1032)")))
[warn] GET failed after retries: https://gamma-api.polymarket.com/markets params={'condition_ids': '0xcf25ccc8360f3952139fb5e3f14cb9bb0636cb53d0e30e947321ceccab7e9780'} err=HTTPSConnectionPool(host='gamma-api.polymarket.com', port=443): Max retries exceeded with url: /markets?condition_ids=0xcf25ccc8360f3952139fb5e3f14cb9bb0636cb53d0e30e947321ceccab7e9780 (Caused by SSLError(SSLCertVerificationError(1, "[SSL: CERTIFICATE_VERIFY_FAILED] certificate verify failed: Hostname mismatch, certificate is not valid for 'gamma-api.polymarket.com'. (_ssl.c:1032)")))
[warn] GET failed after retries: https://gamma-api.polymarket.com/markets params={'condition_ids': '0x80b3af88cb991980e8da1ce86b9794a0957f96ec98c29319dd7ba65e9744d82b'} err=HTTPSConnectionPool(host='gamma-api.polymarket.com', port=443): Max retries exceeded with url: /markets?condition_ids=0x80b3af88cb991980e8da1ce86b9794a0957f96ec98c29319dd7ba65e9744d82b (Caused by SSLError(SSLCertVerificationError(1, "[SSL: CERTIFICATE_VERIFY_FAILED] certificate verify failed: Hostname mismatch, certificate is not valid for 'gamma-api.polymarket.com'. (_ssl.c:1032)")))
[warn] GET failed after retries: https://gamma-api.polymarket.com/markets params={'condition_ids': '0xcf8482eb154c9e79b6b7ec3f698164448432494bc532037069bb1f5f8f3d140f'} err=HTTPSConnectionPool(host='gamma-api.polymarket.com', port=443): Max retries exceeded with url: /markets?condition_ids=0xcf8482eb154c9e79b6b7ec3f698164448432494bc532037069bb1f5f8f3d140f (Caused by SSLError(SSLCertVerificationError(1, "[SSL: CERTIFICATE_VERIFY_FAILED] certificate verify failed: Hostname mismatch, certificate is not valid for 'gamma-api.polymarket.com'. (_ssl.c:1032)")))
[warn] GET failed after retries: https://gamma-api.polymarket.com/markets params={'condition_ids': '0x13063378354efc19bd137751a04fb78e0a7b21dbc1636dcb028d52838f08ae11'} err=HTTPSConnectionPool(host='gamma-api.polymarket.com', port=443): Max retries exceeded with url: /markets?condition_ids=0x13063378354efc19bd137751a04fb78e0a7b21dbc1636dcb028d52838f08ae11 (Caused by SSLError(SSLCertVerificationError(1, "[SSL: CERTIFICATE_VERIFY_FAILED] certificate verify failed: Hostname mismatch, certificate is not valid for 'gamma-api.polymarket.com'. (_ssl.c:1032)")))
[warn] GET failed after retries: https://gamma-api.polymarket.com/markets params={'condition_ids': '0x24c61d77ad48518a1c3a865d65771c7c62526e633cd119d5dc8bc59ba8b6107d'} err=HTTPSConnectionPool(host='gamma-api.polymarket.com', port=443): Max retries exceeded with url: /markets?condition_ids=0x24c61d77ad48518a1c3a865d65771c7c62526e633cd119d5dc8bc59ba8b6107d (Caused by SSLError(SSLCertVerificationError(1, "[SSL: CERTIFICATE_VERIFY_FAILED] certificate verify failed: Hostname mismatch, certificate is not valid for 'gamma-api.polymarket.com'. (_ssl.c:1032)")))
[warn] GET failed after retries: https://gamma-api.polymarket.com/markets params={'condition_ids': '0x07cf19dc78b559bd9aef41b00839d9e5a5637a073e87eb0185ee417db4006447'} err=HTTPSConnectionPool(host='gamma-api.polymarket.com', port=443): Max retries exceeded with url: /markets?condition_ids=0x07cf19dc78b559bd9aef41b00839d9e5a5637a073e87eb0185ee417db4006447 (Caused by SSLError(SSLCertVerificationError(1, "[SSL: CERTIFICATE_VERIFY_FAILED] certificate verify failed: Hostname mismatch, certificate is not valid for 'gamma-api.polymarket.com'. (_ssl.c:1032)")))
[warn] GET failed after retries: https://gamma-api.polymarket.com/markets params={'condition_ids': '0x375409bc5eeeff961e82b479caeccc20f33d15738e5bce1186d628aa3d9dfb1f'} err=HTTPSConnectionPool(host='gamma-api.polymarket.com', port=443): Max retries exceeded with url: /markets?condition_ids=0x375409bc5eeeff961e82b479caeccc20f33d15738e5bce1186d628aa3d9dfb1f (Caused by SSLError(SSLCertVerificationError(1, "[SSL: CERTIFICATE_VERIFY_FAILED] certificate verify failed: Hostname mismatch, certificate is not valid for 'gamma-api.polymarket.com'. (_ssl.c:1032)")))
[warn] GET failed after retries: https://gamma-api.polymarket.com/markets params={'condition_ids': '0xbc0079f0872035a9eccf8920c3ceb807750685c25a5f5dcd8a8a235a34cd7bb0'} err=HTTPSConnectionPool(host='gamma-api.polymarket.com', port=443): Max retries exceeded with url: /markets?condition_ids=0xbc0079f0872035a9eccf8920c3ceb807750685c25a5f5dcd8a8a235a34cd7bb0 (Caused by SSLError(SSLCertVerificationError(1, "[SSL: CERTIFICATE_VERIFY_FAILED] certificate verify failed: Hostname mismatch, certificate is not valid for 'gamma-api.polymarket.com'. (_ssl.c:1032)")))
[warn] GET failed after retries: https://gamma-api.polymarket.com/markets params={'condition_ids': '0x903a1387e6414be5529efc8f7757e30371e6698de9d68fa4ce33252009db69ef'} err=HTTPSConnectionPool(host='gamma-api.polymarket.com', port=443): Max retries exceeded with url: /markets?condition_ids=0x903a1387e6414be5529efc8f7757e30371e6698de9d68fa4ce33252009db69ef (Caused by SSLError(SSLCertVerificationError(1, "[SSL: CERTIFICATE_VERIFY_FAILED] certificate verify failed: Hostname mismatch, certificate is not valid for 'gamma-api.polymarket.com'. (_ssl.c:1032)")))
[warn] GET failed after retries: https://gamma-api.polymarket.com/markets params={'condition_ids': '0x43c2a58c4c9d57017bd20fbaf8248920c3a50dcad5981aeb5f8fcf3e6edffb9f'} err=HTTPSConnectionPool(host='gamma-api.polymarket.com', port=443): Max retries exceeded with url: /markets?condition_ids=0x43c2a58c4c9d57017bd20fbaf8248920c3a50dcad5981aeb5f8fcf3e6edffb9f (Caused by SSLError(SSLCertVerificationError(1, "[SSL: CERTIFICATE_VERIFY_FAILED] certificate verify failed: Hostname mismatch, certificate is not valid for 'gamma-api.polymarket.com'. (_ssl.c:1032)")))
[warn] GET failed after retries: https://gamma-api.polymarket.com/markets params={'condition_ids': '0x4b84a8e08cb3376c9e5be5cc5a37f7073de05cdf0810d2ad3fe745c4760ef3e0'} err=HTTPSConnectionPool(host='gamma-api.polymarket.com', port=443): Max retries exceeded with url: /markets?condition_ids=0x4b84a8e08cb3376c9e5be5cc5a37f7073de05cdf0810d2ad3fe745c4760ef3e0 (Caused by SSLError(SSLCertVerificationError(1, "[SSL: CERTIFICATE_VERIFY_FAILED] certificate verify failed: Hostname mismatch, certificate is not valid for 'gamma-api.polymarket.com'. (_ssl.c:1032)")))
[warn] GET failed after retries: https://gamma-api.polymarket.com/markets params={'condition_ids': '0x00a98be91394689188f2979411d033b64ac94e86fd64c8cdec0e47a44b2b5f2a'} err=HTTPSConnectionPool(host='gamma-api.polymarket.com', port=443): Max retries exceeded with url: /markets?condition_ids=0x00a98be91394689188f2979411d033b64ac94e86fd64c8cdec0e47a44b2b5f2a (Caused by SSLError(SSLCertVerificationError(1, "[SSL: CERTIFICATE_VERIFY_FAILED] certificate verify failed: Hostname mismatch, certificate is not valid for 'gamma-api.polymarket.com'. (_ssl.c:1032)")))
[warn] GET failed after retries: https://gamma-api.polymarket.com/markets params={'condition_ids': '0x5a65916bffaf64914bdbfededab08b150d85648b53d1f6d03582cce3bd07b9c2'} err=HTTPSConnectionPool(host='gamma-api.polymarket.com', port=443): Max retries exceeded with url: /markets?condition_ids=0x5a65916bffaf64914bdbfededab08b150d85648b53d1f6d03582cce3bd07b9c2 (Caused by SSLError(SSLCertVerificationError(1, "[SSL: CERTIFICATE_VERIFY_FAILED] certificate verify failed: Hostname mismatch, certificate is not valid for 'gamma-api.polymarket.com'. (_ssl.c:1032)")))
[warn] GET failed after retries: https://gamma-api.polymarket.com/markets params={'condition_ids': '0xbe76d109a293ab750050261d7fa2ec77f17df9603e99f31973b07442baa8b273'} err=HTTPSConnectionPool(host='gamma-api.polymarket.com', port=443): Max retries exceeded with url: /markets?condition_ids=0xbe76d109a293ab750050261d7fa2ec77f17df9603e99f31973b07442baa8b273 (Caused by SSLError(SSLCertVerificationError(1, "[SSL: CERTIFICATE_VERIFY_FAILED] certificate verify failed: Hostname mismatch, certificate is not valid for 'gamma-api.polymarket.com'. (_ssl.c:1032)")))
[warn] GET failed after retries: https://gamma-api.polymarket.com/markets params={'condition_ids': '0x644a285bd58c399ab9c9fe8a6dcb35bc9d598d6ac4601b7c416019635f047e9e'} err=HTTPSConnectionPool(host='gamma-api.polymarket.com', port=443): Max retries exceeded with url: /markets?condition_ids=0x644a285bd58c399ab9c9fe8a6dcb35bc9d598d6ac4601b7c416019635f047e9e (Caused by SSLError(SSLCertVerificationError(1, "[SSL: CERTIFICATE_VERIFY_FAILED] certificate verify failed: Hostname mismatch, certificate is not valid for 'gamma-api.polymarket.com'. (_ssl.c:1032)")))
[warn] GET failed after retries: https://gamma-api.polymarket.com/markets params={'condition_ids': '0x508af22a38ad600b6b7526970e26be280e4183731954b575320050735d991fa8'} err=HTTPSConnectionPool(host='gamma-api.polymarket.com', port=443): Max retries exceeded with url: /markets?condition_ids=0x508af22a38ad600b6b7526970e26be280e4183731954b575320050735d991fa8 (Caused by SSLError(SSLCertVerificationError(1, "[SSL: CERTIFICATE_VERIFY_FAILED] certificate verify failed: Hostname mismatch, certificate is not valid for 'gamma-api.polymarket.com'. (_ssl.c:1032)")))
[warn] GET failed after retries: https://gamma-api.polymarket.com/markets params={'condition_ids': '0x0f5e01cf1cabb6c49e424f230ca77a2ccd3e1ac63b31ae03ef749ac2bde7fa0e'} err=HTTPSConnectionPool(host='gamma-api.polymarket.com', port=443): Max retries exceeded with url: /markets?condition_ids=0x0f5e01cf1cabb6c49e424f230ca77a2ccd3e1ac63b31ae03ef749ac2bde7fa0e (Caused by SSLError(SSLCertVerificationError(1, "[SSL: CERTIFICATE_VERIFY_FAILED] certificate verify failed: Hostname mismatch, certificate is not valid for 'gamma-api.polymarket.com'. (_ssl.c:1032)")))
[warn] GET failed after retries: https://gamma-api.polymarket.com/markets params={'condition_ids': '0xce879a93a2ec2e37b5da3ed2fb3d7d6e703256afa838ac193de14329bb8a8568'} err=HTTPSConnectionPool(host='gamma-api.polymarket.com', port=443): Max retries exceeded with url: /markets?condition_ids=0xce879a93a2ec2e37b5da3ed2fb3d7d6e703256afa838ac193de14329bb8a8568 (Caused by SSLError(SSLCertVerificationError(1, "[SSL: CERTIFICATE_VERIFY_FAILED] certificate verify failed: Hostname mismatch, certificate is not valid for 'gamma-api.polymarket.com'. (_ssl.c:1032)")))
[warn] GET failed after retries: https://gamma-api.polymarket.com/markets params={'condition_ids': '0xc0aed6d5d893988b4bef5a8242435bbc7c3b45b1e438bcffc9e9bf71d173ae46'} err=HTTPSConnectionPool(host='gamma-api.polymarket.com', port=443): Max retries exceeded with url: /markets?condition_ids=0xc0aed6d5d893988b4bef5a8242435bbc7c3b45b1e438bcffc9e9bf71d173ae46 (Caused by SSLError(SSLCertVerificationError(1, "[SSL: CERTIFICATE_VERIFY_FAILED] certificate verify failed: Hostname mismatch, certificate is not valid for 'gamma-api.polymarket.com'. (_ssl.c:1032)")))
[warn] GET failed after retries: https://gamma-api.polymarket.com/markets params={'condition_ids': '0xdbbbbd6ea71cad296d859aa629497400402ab253a51350bddd5d761dbbad1460'} err=HTTPSConnectionPool(host='gamma-api.polymarket.com', port=443): Max retries exceeded with url: /markets?condition_ids=0xdbbbbd6ea71cad296d859aa629497400402ab253a51350bddd5d761dbbad1460 (Caused by SSLError(SSLCertVerificationError(1, "[SSL: CERTIFICATE_VERIFY_FAILED] certificate verify failed: Hostname mismatch, certificate is not valid for 'gamma-api.polymarket.com'. (_ssl.c:1032)")))
[warn] GET failed after retries: https://gamma-api.polymarket.com/markets params={'condition_ids': '0xb7abfb57c5e753d61b3f938893096c07b047b6d42c16ee92b6e3b371919288b0'} err=HTTPSConnectionPool(host='gamma-api.polymarket.com', port=443): Max retries exceeded with url: /markets?condition_ids=0xb7abfb57c5e753d61b3f938893096c07b047b6d42c16ee92b6e3b371919288b0 (Caused by SSLError(SSLCertVerificationError(1, "[SSL: CERTIFICATE_VERIFY_FAILED] certificate verify failed: Hostname mismatch, certificate is not valid for 'gamma-api.polymarket.com'. (_ssl.c:1032)")))
[warn] GET failed after retries: https://gamma-api.polymarket.com/markets params={'condition_ids': '0x2f2928298f0b27749912d7a89fa39abda0c21e732724e6cfbb423e09aec8d420'} err=HTTPSConnectionPool(host='gamma-api.polymarket.com', port=443): Max retries exceeded with url: /markets?condition_ids=0x2f2928298f0b27749912d7a89fa39abda0c21e732724e6cfbb423e09aec8d420 (Caused by SSLError(SSLCertVerificationError(1, "[SSL: CERTIFICATE_VERIFY_FAILED] certificate verify failed: Hostname mismatch, certificate is not valid for 'gamma-api.polymarket.com'. (_ssl.c:1032)")))
[warn] GET failed after retries: https://gamma-api.polymarket.com/markets params={'condition_ids': '0x5cf1e28bbfee9ba6342813129b8544ee17ee9b6ecea1d3dc20795fe132e396ab'} err=HTTPSConnectionPool(host='gamma-api.polymarket.com', port=443): Max retries exceeded with url: /markets?condition_ids=0x5cf1e28bbfee9ba6342813129b8544ee17ee9b6ecea1d3dc20795fe132e396ab (Caused by SSLError(SSLCertVerificationError(1, "[SSL: CERTIFICATE_VERIFY_FAILED] certificate verify failed: Hostname mismatch, certificate is not valid for 'gamma-api.polymarket.com'. (_ssl.c:1032)")))
[warn] GET failed after retries: https://gamma-api.polymarket.com/markets params={'condition_ids': '0xe5522d598794604abed0c7c95a2b1c4b86337105574cdeeaacea5cca91f2c922'} err=HTTPSConnectionPool(host='gamma-api.polymarket.com', port=443): Max retries exceeded with url: /markets?condition_ids=0xe5522d598794604abed0c7c95a2b1c4b86337105574cdeeaacea5cca91f2c922 (Caused by SSLError(SSLCertVerificationError(1, "[SSL: CERTIFICATE_VERIFY_FAILED] certificate verify failed: Hostname mismatch, certificate is not valid for 'gamma-api.polymarket.com'. (_ssl.c:1032)")))
[warn] GET failed after retries: https://gamma-api.polymarket.com/markets params={'condition_ids': '0x191b1bc8f411f34678ba2aacb279b0a3fc1c5c1f6cc5432cd5d5e36aa433d514'} err=HTTPSConnectionPool(host='gamma-api.polymarket.com', port=443): Max retries exceeded with url: /markets?condition_ids=0x191b1bc8f411f34678ba2aacb279b0a3fc1c5c1f6cc5432cd5d5e36aa433d514 (Caused by SSLError(SSLCertVerificationError(1, "[SSL: CERTIFICATE_VERIFY_FAILED] certificate verify failed: Hostname mismatch, certificate is not valid for 'gamma-api.polymarket.com'. (_ssl.c:1032)")))
[warn] GET failed after retries: https://gamma-api.polymarket.com/markets params={'condition_ids': '0x136f4e242faeb42f66fa6baf4c192fbfa0b5788ed47a2bf1a3d3a2051b87715a'} err=HTTPSConnectionPool(host='gamma-api.polymarket.com', port=443): Max retries exceeded with url: /markets?condition_ids=0x136f4e242faeb42f66fa6baf4c192fbfa0b5788ed47a2bf1a3d3a2051b87715a (Caused by SSLError(SSLCertVerificationError(1, "[SSL: CERTIFICATE_VERIFY_FAILED] certificate verify failed: Hostname mismatch, certificate is not valid for 'gamma-api.polymarket.com'. (_ssl.c:1032)")))
[warn] GET failed after retries: https://gamma-api.polymarket.com/markets params={'condition_ids': '0x1e5564c1a2a6839cc2780a889437c63786a2c2ec5e95569b710ee659a3e8baa2'} err=HTTPSConnectionPool(host='gamma-api.polymarket.com', port=443): Max retries exceeded with url: /markets?condition_ids=0x1e5564c1a2a6839cc2780a889437c63786a2c2ec5e95569b710ee659a3e8baa2 (Caused by SSLError(SSLCertVerificationError(1, "[SSL: CERTIFICATE_VERIFY_FAILED] certificate verify failed: Hostname mismatch, certificate is not valid for 'gamma-api.polymarket.com'. (_ssl.c:1032)")))
[warn] GET failed after retries: https://gamma-api.polymarket.com/markets params={'condition_ids': '0x0891e4792a016a079765dd25029639cd731f7dc0bde3d65d6002b2b19dae2777'} err=HTTPSConnectionPool(host='gamma-api.polymarket.com', port=443): Max retries exceeded with url: /markets?condition_ids=0x0891e4792a016a079765dd25029639cd731f7dc0bde3d65d6002b2b19dae2777 (Caused by SSLError(SSLCertVerificationError(1, "[SSL: CERTIFICATE_VERIFY_FAILED] certificate verify failed: Hostname mismatch, certificate is not valid for 'gamma-api.polymarket.com'. (_ssl.c:1032)")))
[warn] GET failed after retries: https://gamma-api.polymarket.com/markets params={'condition_ids': '0x528663818f8f40350e20d63acd3dbae9955ddbdd03860019a752c699aa6e5f31'} err=HTTPSConnectionPool(host='gamma-api.polymarket.com', port=443): Max retries exceeded with url: /markets?condition_ids=0x528663818f8f40350e20d63acd3dbae9955ddbdd03860019a752c699aa6e5f31 (Caused by SSLError(SSLCertVerificationError(1, "[SSL: CERTIFICATE_VERIFY_FAILED] certificate verify failed: Hostname mismatch, certificate is not valid for 'gamma-api.polymarket.com'. (_ssl.c:1032)")))
[warn] GET failed after retries: https://gamma-api.polymarket.com/markets params={'condition_ids': '0xd5986eab83b310f42619111912d385f5cfdd8fb39c5dec43758ae2046b86aee4'} err=HTTPSConnectionPool(host='gamma-api.polymarket.com', port=443): Max retries exceeded with url: /markets?condition_ids=0xd5986eab83b310f42619111912d385f5cfdd8fb39c5dec43758ae2046b86aee4 (Caused by SSLError(SSLCertVerificationError(1, "[SSL: CERTIFICATE_VERIFY_FAILED] certificate verify failed: Hostname mismatch, certificate is not valid for 'gamma-api.polymarket.com'. (_ssl.c:1032)")))
[warn] GET failed after retries: https://gamma-api.polymarket.com/markets params={'condition_ids': '0x7b4ddec43a52faf68d507924e88d5cfa4b7c88ff3925410528a0541ae9d17129'} err=HTTPSConnectionPool(host='gamma-api.polymarket.com', port=443): Max retries exceeded with url: /markets?condition_ids=0x7b4ddec43a52faf68d507924e88d5cfa4b7c88ff3925410528a0541ae9d17129 (Caused by SSLError(SSLCertVerificationError(1, "[SSL: CERTIFICATE_VERIFY_FAILED] certificate verify failed: Hostname mismatch, certificate is not valid for 'gamma-api.polymarket.com'. (_ssl.c:1032)")))
[warn] GET failed after retries: https://gamma-api.polymarket.com/markets params={'condition_ids': '0x328583376667b725cc6848dc9b61b205579b1314ecdb4334ea245aec270d2c66'} err=HTTPSConnectionPool(host='gamma-api.polymarket.com', port=443): Max retries exceeded with url: /markets?condition_ids=0x328583376667b725cc6848dc9b61b205579b1314ecdb4334ea245aec270d2c66 (Caused by SSLError(SSLCertVerificationError(1, "[SSL: CERTIFICATE_VERIFY_FAILED] certificate verify failed: Hostname mismatch, certificate is not valid for 'gamma-api.polymarket.com'. (_ssl.c:1032)")))
[report] valid-resolved=1 (5 sub-48h excluded)  hit_rate=1.000  avg_entry_price=0.865  median_ret=+0.156
[report] 29 more valid resolved trades needed before verdict
[cycle] +0 entries, 0 closed, 60 still open
=== paper_trader 2026-07-13 (frozen strategy v1.1) ===
[scan] reading current positions of 116 roster traders...
[warn] GET failed after retries: https://data-api.polymarket.com/positions params={'user': '0x204f72f35326db932158cba6adff0b9a1da95e14', 'limit': 500, 'sizeThreshold': 1} err=HTTPSConnectionPool(host='data-api.polymarket.com', port=443): Max retries exceeded with url: /positions?user=0x204f72f35326db932158cba6adff0b9a1da95e14&limit=500&sizeThreshold=1 (Caused by SSLError(SSLCertVerificationError(1, "[SSL: CERTIFICATE_VERIFY_FAILED] certificate verify failed: Hostname mismatch, certificate is not valid for 'data-api.polymarket.com'. (_ssl.c:1032)")))
[warn] GET failed after retries: https://data-api.polymarket.com/positions params={'user': '0x1f2dd6d473f3e824cd2f8a89d9c69fb96f6ad0cf', 'limit': 500, 'sizeThreshold': 1} err=HTTPSConnectionPool(host='data-api.polymarket.com', port=443): Max retries exceeded with url: /positions?user=0x1f2dd6d473f3e824cd2f8a89d9c69fb96f6ad0cf&limit=500&sizeThreshold=1 (Caused by SSLError(SSLCertVerificationError(1, "[SSL: CERTIFICATE_VERIFY_FAILED] certificate verify failed: Hostname mismatch, certificate is not valid for 'data-api.polymarket.com'. (_ssl.c:1032)")))
[warn] GET failed after retries: https://data-api.polymarket.com/positions params={'user': '0x2c335066fe58fe9237c3d3dc7b275c2a034a0563', 'limit': 500, 'sizeThreshold': 1} err=HTTPSConnectionPool(host='data-api.polymarket.com', port=443): Max retries exceeded with url: /positions?user=0x2c335066fe58fe9237c3d3dc7b275c2a034a0563&limit=500&sizeThreshold=1 (Caused by SSLError(SSLCertVerificationError(1, "[SSL: CERTIFICATE_VERIFY_FAILED] certificate verify failed: Hostname mismatch, certificate is not valid for 'data-api.polymarket.com'. (_ssl.c:1032)")))
[warn] GET failed after retries: https://data-api.polymarket.com/positions params={'user': '0xdc876e6873772d38716fda7f2452a78d426d7ab6', 'limit': 500, 'sizeThreshold': 1} err=HTTPSConnectionPool(host='data-api.polymarket.com', port=443): Max retries exceeded with url: /positions?user=0xdc876e6873772d38716fda7f2452a78d426d7ab6&limit=500&sizeThreshold=1 (Caused by SSLError(SSLCertVerificationError(1, "[SSL: CERTIFICATE_VERIFY_FAILED] certificate verify failed: Hostname mismatch, certificate is not valid for 'data-api.polymarket.com'. (_ssl.c:1032)")))
[warn] GET failed after retries: https://data-api.polymarket.com/positions params={'user': '0x507e52ef684ca2dd91f90a9d26d149dd3288beae', 'limit': 500, 'sizeThreshold': 1} err=HTTPSConnectionPool(host='data-api.polymarket.com', port=443): Max retries exceeded with url: /positions?user=0x507e52ef684ca2dd91f90a9d26d149dd3288beae&limit=500&sizeThreshold=1 (Caused by SSLError(SSLCertVerificationError(1, "[SSL: CERTIFICATE_VERIFY_FAILED] certificate verify failed: Hostname mismatch, certificate is not valid for 'data-api.polymarket.com'. (_ssl.c:1032)")))
[warn] GET failed after retries: https://data-api.polymarket.com/positions params={'user': '0x2a2c53bd278c04da9962fcf96490e17f3dfb9bc1', 'limit': 500, 'sizeThreshold': 1} err=HTTPSConnectionPool(host='data-api.polymarket.com', port=443): Max retries exceeded with url: /positions?user=0x2a2c53bd278c04da9962fcf96490e17f3dfb9bc1&limit=500&sizeThreshold=1 (Caused by SSLError(SSLCertVerificationError(1, "[SSL: CERTIFICATE_VERIFY_FAILED] certificate verify failed: Hostname mismatch, certificate is not valid for 'data-api.polymarket.com'. (_ssl.c:1032)")))
[warn] GET failed after retries: https://data-api.polymarket.com/positions params={'user': '0xdb27bf2ac5d428a9c63dbc914611036855a6c56e', 'limit': 500, 'sizeThreshold': 1} err=HTTPSConnectionPool(host='data-api.polymarket.com', port=443): Max retries exceeded with url: /positions?user=0xdb27bf2ac5d428a9c63dbc914611036855a6c56e&limit=500&sizeThreshold=1 (Caused by SSLError(SSLCertVerificationError(1, "[SSL: CERTIFICATE_VERIFY_FAILED] certificate verify failed: Hostname mismatch, certificate is not valid for 'data-api.polymarket.com'. (_ssl.c:1032)")))
[warn] GET failed after retries: https://data-api.polymarket.com/positions params={'user': '0x16b29c50f2439faf627209b2ac0c7bbddaa8a881', 'limit': 500, 'sizeThreshold': 1} err=HTTPSConnectionPool(host='data-api.polymarket.com', port=443): Max retries exceeded with url: /positions?user=0x16b29c50f2439faf627209b2ac0c7bbddaa8a881&limit=500&sizeThreshold=1 (Caused by SSLError(SSLCertVerificationError(1, "[SSL: CERTIFICATE_VERIFY_FAILED] certificate verify failed: Hostname mismatch, certificate is not valid for 'data-api.polymarket.com'. (_ssl.c:1032)")))
[warn] GET failed after retries: https://data-api.polymarket.com/positions params={'user': '0x9d84ce0306f8551e02efef1680475fc0f1dc1344', 'limit': 500, 'sizeThreshold': 1} err=HTTPSConnectionPool(host='data-api.polymarket.com', port=443): Max retries exceeded with url: /positions?user=0x9d84ce0306f8551e02efef1680475fc0f1dc1344&limit=500&sizeThreshold=1 (Caused by SSLError(SSLCertVerificationError(1, "[SSL: CERTIFICATE_VERIFY_FAILED] certificate verify failed: Hostname mismatch, certificate is not valid for 'data-api.polymarket.com'. (_ssl.c:1032)")))
[warn] GET failed after retries: https://data-api.polymarket.com/positions params={'user': '0x17db3fcd93ba12d38382a0cade24b200185c5f6d', 'limit': 500, 'sizeThreshold': 1} err=HTTPSConnectionPool(host='data-api.polymarket.com', port=443): Max retries exceeded with url: /positions?user=0x17db3fcd93ba12d38382a0cade24b200185c5f6d&limit=500&sizeThreshold=1 (Caused by SSLError(SSLCertVerificationError(1, "[SSL: CERTIFICATE_VERIFY_FAILED] certificate verify failed: Hostname mismatch, certificate is not valid for 'data-api.polymarket.com'. (_ssl.c:1032)")))
[warn] GET failed after retries: https://data-api.polymarket.com/positions params={'user': '0x5966db1fe50763c9e3c014d756369bad07e1f804', 'limit': 500, 'sizeThreshold': 1} err=HTTPSConnectionPool(host='data-api.polymarket.com', port=443): Max retries exceeded with url: /positions?user=0x5966db1fe50763c9e3c014d756369bad07e1f804&limit=500&sizeThreshold=1 (Caused by SSLError(SSLCertVerificationError(1, "[SSL: CERTIFICATE_VERIFY_FAILED] certificate verify failed: Hostname mismatch, certificate is not valid for 'data-api.polymarket.com'. (_ssl.c:1032)")))
[warn] GET failed after retries: https://data-api.polymarket.com/positions params={'user': '0x9495425feeb0c250accb89275c97587011b19a27', 'limit': 500, 'sizeThreshold': 1} err=HTTPSConnectionPool(host='data-api.polymarket.com', port=443): Max retries exceeded with url: /positions?user=0x9495425feeb0c250accb89275c97587011b19a27&limit=500&sizeThreshold=1 (Caused by SSLError(SSLCertVerificationError(1, "[SSL: CERTIFICATE_VERIFY_FAILED] certificate verify failed: Hostname mismatch, certificate is not valid for 'data-api.polymarket.com'. (_ssl.c:1032)")))
[warn] GET failed after retries: https://data-api.polymarket.com/positions params={'user': '0xd38b71f3e8ed1af71983e5c309eac3dfa9b35029', 'limit': 500, 'sizeThreshold': 1} err=HTTPSConnectionPool(host='data-api.polymarket.com', port=443): Max retries exceeded with url: /positions?user=0xd38b71f3e8ed1af71983e5c309eac3dfa9b35029&limit=500&sizeThreshold=1 (Caused by SSLError(SSLCertVerificationError(1, "[SSL: CERTIFICATE_VERIFY_FAILED] certificate verify failed: Hostname mismatch, certificate is not valid for 'data-api.polymarket.com'. (_ssl.c:1032)")))
[warn] GET failed after retries: https://data-api.polymarket.com/positions params={'user': '0x343d4466dc323b850e5249394894c7381d91456e', 'limit': 500, 'sizeThreshold': 1} err=HTTPSConnectionPool(host='data-api.polymarket.com', port=443): Max retries exceeded with url: /positions?user=0x343d4466dc323b850e5249394894c7381d91456e&limit=500&sizeThreshold=1 (Caused by SSLError(SSLCertVerificationError(1, "[SSL: CERTIFICATE_VERIFY_FAILED] certificate verify failed: Hostname mismatch, certificate is not valid for 'data-api.polymarket.com'. (_ssl.c:1032)")))
[warn] GET failed after retries: https://data-api.polymarket.com/positions params={'user': '0x44c1dfe43260c94ed4f1d00de2e1f80fb113ebc1', 'limit': 500, 'sizeThreshold': 1} err=HTTPSConnectionPool(host='data-api.polymarket.com', port=443): Max retries exceeded with url: /positions?user=0x44c1dfe43260c94ed4f1d00de2e1f80fb113ebc1&limit=500&sizeThreshold=1 (Caused by SSLError(SSLCertVerificationError(1, "[SSL: CERTIFICATE_VERIFY_FAILED] certificate verify failed: Hostname mismatch, certificate is not valid for 'data-api.polymarket.com'. (_ssl.c:1032)")))
[warn] GET failed after retries: https://data-api.polymarket.com/positions params={'user': '0xbaa2bcb5439e985ce4ccf815b4700027d1b92c73', 'limit': 500, 'sizeThreshold': 1} err=HTTPSConnectionPool(host='data-api.polymarket.com', port=443): Max retries exceeded with url: /positions?user=0xbaa2bcb5439e985ce4ccf815b4700027d1b92c73&limit=500&sizeThreshold=1 (Caused by SSLError(SSLCertVerificationError(1, "[SSL: CERTIFICATE_VERIFY_FAILED] certificate verify failed: Hostname mismatch, certificate is not valid for 'data-api.polymarket.com'. (_ssl.c:1032)")))
[warn] GET failed after retries: https://data-api.polymarket.com/positions params={'user': '0xf0318c32136c2db7fec88b84869aee6a1106c80c', 'limit': 500, 'sizeThreshold': 1} err=HTTPSConnectionPool(host='data-api.polymarket.com', port=443): Max retries exceeded with url: /positions?user=0xf0318c32136c2db7fec88b84869aee6a1106c80c&limit=500&sizeThreshold=1 (Caused by SSLError(SSLCertVerificationError(1, "[SSL: CERTIFICATE_VERIFY_FAILED] certificate verify failed: Hostname mismatch, certificate is not valid for 'data-api.polymarket.com'. (_ssl.c:1032)")))
[warn] GET failed after retries: https://data-api.polymarket.com/positions params={'user': '0x7fb7ad0d194d7123e711e7db6c9d418fac14e33d', 'limit': 500, 'sizeThreshold': 1} err=HTTPSConnectionPool(host='data-api.polymarket.com', port=443): Max retries exceeded with url: /positions?user=0x7fb7ad0d194d7123e711e7db6c9d418fac14e33d&limit=500&sizeThreshold=1 (Caused by SSLError(SSLCertVerificationError(1, "[SSL: CERTIFICATE_VERIFY_FAILED] certificate verify failed: Hostname mismatch, certificate is not valid for 'data-api.polymarket.com'. (_ssl.c:1032)")))
[warn] GET failed after retries: https://data-api.polymarket.com/positions params={'user': '0xa9878e59934ab507f9039bcb917c1bae0451141d', 'limit': 500, 'sizeThreshold': 1} err=HTTPSConnectionPool(host='data-api.polymarket.com', port=443): Max retries exceeded with url: /positions?user=0xa9878e59934ab507f9039bcb917c1bae0451141d&limit=500&sizeThreshold=1 (Caused by SSLError(SSLCertVerificationError(1, "[SSL: CERTIFICATE_VERIFY_FAILED] certificate verify failed: Hostname mismatch, certificate is not valid for 'data-api.polymarket.com'. (_ssl.c:1032)")))
[warn] GET failed after retries: https://data-api.polymarket.com/positions params={'user': '0x0b9cae2b0dfe7a71c413e0604eaac1c352f87e44', 'limit': 500, 'sizeThreshold': 1} err=HTTPSConnectionPool(host='data-api.polymarket.com', port=443): Max retries exceeded with url: /positions?user=0x0b9cae2b0dfe7a71c413e0604eaac1c352f87e44&limit=500&sizeThreshold=1 (Caused by SSLError(SSLCertVerificationError(1, "[SSL: CERTIFICATE_VERIFY_FAILED] certificate verify failed: Hostname mismatch, certificate is not valid for 'data-api.polymarket.com'. (_ssl.c:1032)")))
    ...read 20/116 traders
[warn] GET failed after retries: https://data-api.polymarket.com/positions params={'user': '0x6db568e61e5e3de7d87f831431b673f38ce2e279', 'limit': 500, 'sizeThreshold': 1} err=HTTPSConnectionPool(host='data-api.polymarket.com', port=443): Max retries exceeded with url: /positions?user=0x6db568e61e5e3de7d87f831431b673f38ce2e279&limit=500&sizeThreshold=1 (Caused by SSLError(SSLCertVerificationError(1, "[SSL: CERTIFICATE_VERIFY_FAILED] certificate verify failed: Hostname mismatch, certificate is not valid for 'data-api.polymarket.com'. (_ssl.c:1032)")))
[warn] GET failed after retries: https://data-api.polymarket.com/positions params={'user': '0x0c0e270cf879583d6a0142fc817e05b768d0434e', 'limit': 500, 'sizeThreshold': 1} err=HTTPSConnectionPool(host='data-api.polymarket.com', port=443): Max retries exceeded with url: /positions?user=0x0c0e270cf879583d6a0142fc817e05b768d0434e&limit=500&sizeThreshold=1 (Caused by SSLError(SSLCertVerificationError(1, "[SSL: CERTIFICATE_VERIFY_FAILED] certificate verify failed: Hostname mismatch, certificate is not valid for 'data-api.polymarket.com'. (_ssl.c:1032)")))
[warn] GET failed after retries: https://data-api.polymarket.com/positions params={'user': '0x7c1ee865a785de4c00ee90ed86a38489fb8bbab3', 'limit': 500, 'sizeThreshold': 1} err=HTTPSConnectionPool(host='data-api.polymarket.com', port=443): Max retries exceeded with url: /positions?user=0x7c1ee865a785de4c00ee90ed86a38489fb8bbab3&limit=500&sizeThreshold=1 (Caused by SSLError(SSLCertVerificationError(1, "[SSL: CERTIFICATE_VERIFY_FAILED] certificate verify failed: Hostname mismatch, certificate is not valid for 'data-api.polymarket.com'. (_ssl.c:1032)")))
[warn] GET failed after retries: https://data-api.polymarket.com/positions params={'user': '0xed107a85a4585a381e48c7f7ca4144909e7dd2e5', 'limit': 500, 'sizeThreshold': 1} err=HTTPSConnectionPool(host='data-api.polymarket.com', port=443): Max retries exceeded with url: /positions?user=0xed107a85a4585a381e48c7f7ca4144909e7dd2e5&limit=500&sizeThreshold=1 (Caused by SSLError(SSLCertVerificationError(1, "[SSL: CERTIFICATE_VERIFY_FAILED] certificate verify failed: Hostname mismatch, certificate is not valid for 'data-api.polymarket.com'. (_ssl.c:1032)")))
[warn] GET failed after retries: https://data-api.polymarket.com/positions params={'user': '0x37c1874a60d348903594a96703e0507c518fc53a', 'limit': 500, 'sizeThreshold': 1} err=HTTPSConnectionPool(host='data-api.polymarket.com', port=443): Max retries exceeded with url: /positions?user=0x37c1874a60d348903594a96703e0507c518fc53a&limit=500&sizeThreshold=1 (Caused by SSLError(SSLCertVerificationError(1, "[SSL: CERTIFICATE_VERIFY_FAILED] certificate verify failed: Hostname mismatch, certificate is not valid for 'data-api.polymarket.com'. (_ssl.c:1032)")))
[warn] GET failed after retries: https://data-api.polymarket.com/positions params={'user': '0xcc500cbcc8b7cf5bd21975ebbea34f21b5644c82', 'limit': 500, 'sizeThreshold': 1} err=HTTPSConnectionPool(host='data-api.polymarket.com', port=443): Max retries exceeded with url: /positions?user=0xcc500cbcc8b7cf5bd21975ebbea34f21b5644c82&limit=500&sizeThreshold=1 (Caused by SSLError(SSLCertVerificationError(1, "[SSL: CERTIFICATE_VERIFY_FAILED] certificate verify failed: Hostname mismatch, certificate is not valid for 'data-api.polymarket.com'. (_ssl.c:1032)")))
[warn] GET failed after retries: https://data-api.polymarket.com/positions params={'user': '0x5c3a1a602848565bb16165fcd460b00c3d43020b', 'limit': 500, 'sizeThreshold': 1} err=HTTPSConnectionPool(host='data-api.polymarket.com', port=443): Max retries exceeded with url: /positions?user=0x5c3a1a602848565bb16165fcd460b00c3d43020b&limit=500&sizeThreshold=1 (Caused by SSLError(SSLCertVerificationError(1, "[SSL: CERTIFICATE_VERIFY_FAILED] certificate verify failed: Hostname mismatch, certificate is not valid for 'data-api.polymarket.com'. (_ssl.c:1032)")))
[warn] GET failed after retries: https://data-api.polymarket.com/positions params={'user': '0x212954857f5efc138748c33d032a93bf95974222', 'limit': 500, 'sizeThreshold': 1} err=HTTPSConnectionPool(host='data-api.polymarket.com', port=443): Max retries exceeded with url: /positions?user=0x212954857f5efc138748c33d032a93bf95974222&limit=500&sizeThreshold=1 (Caused by SSLError(SSLCertVerificationError(1, "[SSL: CERTIFICATE_VERIFY_FAILED] certificate verify failed: Hostname mismatch, certificate is not valid for 'data-api.polymarket.com'. (_ssl.c:1032)")))
[warn] GET failed after retries: https://data-api.polymarket.com/positions params={'user': '0x000d257d2dc7616feaef4ae0f14600fdf50a758e', 'limit': 500, 'sizeThreshold': 1} err=HTTPSConnectionPool(host='data-api.polymarket.com', port=443): Max retries exceeded with url: /positions?user=0x000d257d2dc7616feaef4ae0f14600fdf50a758e&limit=500&sizeThreshold=1 (Caused by SSLError(SSLCertVerificationError(1, "[SSL: CERTIFICATE_VERIFY_FAILED] certificate verify failed: Hostname mismatch, certificate is not valid for 'data-api.polymarket.com'. (_ssl.c:1032)")))
[warn] GET failed after retries: https://data-api.polymarket.com/positions params={'user': '0xb91aeb5accc33a5f9a8615b8ed6b2d352e913987', 'limit': 500, 'sizeThreshold': 1} err=HTTPSConnectionPool(host='data-api.polymarket.com', port=443): Max retries exceeded with url: /positions?user=0xb91aeb5accc33a5f9a8615b8ed6b2d352e913987&limit=500&sizeThreshold=1 (Caused by SSLError(SSLCertVerificationError(1, "[SSL: CERTIFICATE_VERIFY_FAILED] certificate verify failed: Hostname mismatch, certificate is not valid for 'data-api.polymarket.com'. (_ssl.c:1032)")))
[warn] GET failed after retries: https://data-api.polymarket.com/positions params={'user': '0xa6a856a8c8a7f14fd9be6ae11c367c7cbb755009', 'limit': 500, 'sizeThreshold': 1} err=HTTPSConnectionPool(host='data-api.polymarket.com', port=443): Max retries exceeded with url: /positions?user=0xa6a856a8c8a7f14fd9be6ae11c367c7cbb755009&limit=500&sizeThreshold=1 (Caused by SSLError(SSLCertVerificationError(1, "[SSL: CERTIFICATE_VERIFY_FAILED] certificate verify failed: Hostname mismatch, certificate is not valid for 'data-api.polymarket.com'. (_ssl.c:1032)")))
[warn] GET failed after retries: https://data-api.polymarket.com/positions params={'user': '0x26437896ed9dfeb2f69765edcafe8fdceaab39ae', 'limit': 500, 'sizeThreshold': 1} err=HTTPSConnectionPool(host='data-api.polymarket.com', port=443): Max retries exceeded with url: /positions?user=0x26437896ed9dfeb2f69765edcafe8fdceaab39ae&limit=500&sizeThreshold=1 (Caused by SSLError(SSLCertVerificationError(1, "[SSL: CERTIFICATE_VERIFY_FAILED] certificate verify failed: Hostname mismatch, certificate is not valid for 'data-api.polymarket.com'. (_ssl.c:1032)")))
[warn] GET failed after retries: https://data-api.polymarket.com/positions params={'user': '0x85f031d069de300055900c4055c1baeb6bde3f67', 'limit': 500, 'sizeThreshold': 1} err=HTTPSConnectionPool(host='data-api.polymarket.com', port=443): Max retries exceeded with url: /positions?user=0x85f031d069de300055900c4055c1baeb6bde3f67&limit=500&sizeThreshold=1 (Caused by SSLError(SSLCertVerificationError(1, "[SSL: CERTIFICATE_VERIFY_FAILED] certificate verify failed: Hostname mismatch, certificate is not valid for 'data-api.polymarket.com'. (_ssl.c:1032)")))
[warn] GET failed after retries: https://data-api.polymarket.com/positions params={'user': '0x876426b52898c295848f56760dd24b55eda2604a', 'limit': 500, 'sizeThreshold': 1} err=HTTPSConnectionPool(host='data-api.polymarket.com', port=443): Max retries exceeded with url: /positions?user=0x876426b52898c295848f56760dd24b55eda2604a&limit=500&sizeThreshold=1 (Caused by SSLError(SSLCertVerificationError(1, "[SSL: CERTIFICATE_VERIFY_FAILED] certificate verify failed: Hostname mismatch, certificate is not valid for 'data-api.polymarket.com'. (_ssl.c:1032)")))
[warn] GET failed after retries: https://data-api.polymarket.com/positions params={'user': '0x076daa87c4fe1a85402a9b6b8e0a866224388d4c', 'limit': 500, 'sizeThreshold': 1} err=HTTPSConnectionPool(host='data-api.polymarket.com', port=443): Max retries exceeded with url: /positions?user=0x076daa87c4fe1a85402a9b6b8e0a866224388d4c&limit=500&sizeThreshold=1 (Caused by SSLError(SSLCertVerificationError(1, "[SSL: CERTIFICATE_VERIFY_FAILED] certificate verify failed: Hostname mismatch, certificate is not valid for 'data-api.polymarket.com'. (_ssl.c:1032)")))
[warn] GET failed after retries: https://data-api.polymarket.com/positions params={'user': '0xde7be6d489bce070a959e0cb813128ae659b5f4b', 'limit': 500, 'sizeThreshold': 1} err=HTTPSConnectionPool(host='data-api.polymarket.com', port=443): Max retries exceeded with url: /positions?user=0xde7be6d489bce070a959e0cb813128ae659b5f4b&limit=500&sizeThreshold=1 (Caused by SSLError(SSLCertVerificationError(1, "[SSL: CERTIFICATE_VERIFY_FAILED] certificate verify failed: Hostname mismatch, certificate is not valid for 'data-api.polymarket.com'. (_ssl.c:1032)")))
[warn] GET failed after retries: https://data-api.polymarket.com/positions params={'user': '0xf2f6af4f27ec2dcf4072095ab804016e14cd5817', 'limit': 500, 'sizeThreshold': 1} err=HTTPSConnectionPool(host='data-api.polymarket.com', port=443): Max retries exceeded with url: /positions?user=0xf2f6af4f27ec2dcf4072095ab804016e14cd5817&limit=500&sizeThreshold=1 (Caused by SSLError(SSLCertVerificationError(1, "[SSL: CERTIFICATE_VERIFY_FAILED] certificate verify failed: Hostname mismatch, certificate is not valid for 'data-api.polymarket.com'. (_ssl.c:1032)")))
[warn] GET failed after retries: https://data-api.polymarket.com/positions params={'user': '0x32ed517a571c01b6e9adecf61ba81ca48ff2f960', 'limit': 500, 'sizeThreshold': 1} err=HTTPSConnectionPool(host='data-api.polymarket.com', port=443): Max retries exceeded with url: /positions?user=0x32ed517a571c01b6e9adecf61ba81ca48ff2f960&limit=500&sizeThreshold=1 (Caused by SSLError(SSLCertVerificationError(1, "[SSL: CERTIFICATE_VERIFY_FAILED] certificate verify failed: Hostname mismatch, certificate is not valid for 'data-api.polymarket.com'. (_ssl.c:1032)")))
[warn] GET failed after retries: https://data-api.polymarket.com/positions params={'user': '0xbddf61af533ff524d27154e589d2d7a81510c684', 'limit': 500, 'sizeThreshold': 1} err=HTTPSConnectionPool(host='data-api.polymarket.com', port=443): Max retries exceeded with url: /positions?user=0xbddf61af533ff524d27154e589d2d7a81510c684&limit=500&sizeThreshold=1 (Caused by SSLError(SSLCertVerificationError(1, "[SSL: CERTIFICATE_VERIFY_FAILED] certificate verify failed: Hostname mismatch, certificate is not valid for 'data-api.polymarket.com'. (_ssl.c:1032)")))
[warn] GET failed after retries: https://data-api.polymarket.com/positions params={'user': '0xd0b4c4c020abdc88ad9a884f999f3d8cff8ffed6', 'limit': 500, 'sizeThreshold': 1} err=HTTPSConnectionPool(host='data-api.polymarket.com', port=443): Max retries exceeded with url: /positions?user=0xd0b4c4c020abdc88ad9a884f999f3d8cff8ffed6&limit=500&sizeThreshold=1 (Caused by SSLError(SSLCertVerificationError(1, "[SSL: CERTIFICATE_VERIFY_FAILED] certificate verify failed: Hostname mismatch, certificate is not valid for 'data-api.polymarket.com'. (_ssl.c:1032)")))
    ...read 40/116 traders
[warn] GET failed after retries: https://data-api.polymarket.com/positions params={'user': '0x7c3db723f1d4d8cb9c550095203b686cb11e5c6b', 'limit': 500, 'sizeThreshold': 1} err=HTTPSConnectionPool(host='data-api.polymarket.com', port=443): Max retries exceeded with url: /positions?user=0x7c3db723f1d4d8cb9c550095203b686cb11e5c6b&limit=500&sizeThreshold=1 (Caused by SSLError(SSLCertVerificationError(1, "[SSL: CERTIFICATE_VERIFY_FAILED] certificate verify failed: Hostname mismatch, certificate is not valid for 'data-api.polymarket.com'. (_ssl.c:1032)")))
[warn] GET failed after retries: https://data-api.polymarket.com/positions params={'user': '0xfea31bc088000ff909be1dfd8d0e3f2c7ef2d227', 'limit': 500, 'sizeThreshold': 1} err=HTTPSConnectionPool(host='data-api.polymarket.com', port=443): Max retries exceeded with url: /positions?user=0xfea31bc088000ff909be1dfd8d0e3f2c7ef2d227&limit=500&sizeThreshold=1 (Caused by SSLError(SSLCertVerificationError(1, "[SSL: CERTIFICATE_VERIFY_FAILED] certificate verify failed: Hostname mismatch, certificate is not valid for 'data-api.polymarket.com'. (_ssl.c:1032)")))
[warn] GET failed after retries: https://data-api.polymarket.com/positions params={'user': '0x6bab41a0dc40d6dd4c1a915b8c01969479fd1292', 'limit': 500, 'sizeThreshold': 1} err=HTTPSConnectionPool(host='data-api.polymarket.com', port=443): Max retries exceeded with url: /positions?user=0x6bab41a0dc40d6dd4c1a915b8c01969479fd1292&limit=500&sizeThreshold=1 (Caused by SSLError(SSLCertVerificationError(1, "[SSL: CERTIFICATE_VERIFY_FAILED] certificate verify failed: Hostname mismatch, certificate is not valid for 'data-api.polymarket.com'. (_ssl.c:1032)")))
[warn] GET failed after retries: https://data-api.polymarket.com/positions params={'user': '0xd1acd3925d895de9aec98ff95f3a30c5279d08d5', 'limit': 500, 'sizeThreshold': 1} err=HTTPSConnectionPool(host='data-api.polymarket.com', port=443): Max retries exceeded with url: /positions?user=0xd1acd3925d895de9aec98ff95f3a30c5279d08d5&limit=500&sizeThreshold=1 (Caused by SSLError(SSLCertVerificationError(1, "[SSL: CERTIFICATE_VERIFY_FAILED] certificate verify failed: Hostname mismatch, certificate is not valid for 'data-api.polymarket.com'. (_ssl.c:1032)")))
[warn] GET failed after retries: https://data-api.polymarket.com/positions params={'user': '0x31519628fb5e5aa559d4ba27aa1248810b9f0977', 'limit': 500, 'sizeThreshold': 1} err=HTTPSConnectionPool(host='data-api.polymarket.com', port=443): Max retries exceeded with url: /positions?user=0x31519628fb5e5aa559d4ba27aa1248810b9f0977&limit=500&sizeThreshold=1 (Caused by SSLError(SSLCertVerificationError(1, "[SSL: CERTIFICATE_VERIFY_FAILED] certificate verify failed: Hostname mismatch, certificate is not valid for 'data-api.polymarket.com'. (_ssl.c:1032)")))
[warn] GET failed after retries: https://data-api.polymarket.com/positions params={'user': '0xe5c8026239919339b988fdb150a7ef4ea196d3e7', 'limit': 500, 'sizeThreshold': 1} err=HTTPSConnectionPool(host='data-api.polymarket.com', port=443): Max retries exceeded with url: /positions?user=0xe5c8026239919339b988fdb150a7ef4ea196d3e7&limit=500&sizeThreshold=1 (Caused by SSLError(SSLCertVerificationError(1, "[SSL: CERTIFICATE_VERIFY_FAILED] certificate verify failed: Hostname mismatch, certificate is not valid for 'data-api.polymarket.com'. (_ssl.c:1032)")))
[warn] GET failed after retries: https://data-api.polymarket.com/positions params={'user': '0x83255595ba1fadd2e734cb30a0fb8110301a19cc', 'limit': 500, 'sizeThreshold': 1} err=HTTPSConnectionPool(host='data-api.polymarket.com', port=443): Max retries exceeded with url: /positions?user=0x83255595ba1fadd2e734cb30a0fb8110301a19cc&limit=500&sizeThreshold=1 (Caused by SSLError(SSLCertVerificationError(1, "[SSL: CERTIFICATE_VERIFY_FAILED] certificate verify failed: Hostname mismatch, certificate is not valid for 'data-api.polymarket.com'. (_ssl.c:1032)")))
[warn] GET failed after retries: https://data-api.polymarket.com/positions params={'user': '0xe549581668a5751c1972d3ad2d1991d900bd2d54', 'limit': 500, 'sizeThreshold': 1} err=HTTPSConnectionPool(host='data-api.polymarket.com', port=443): Max retries exceeded with url: /positions?user=0xe549581668a5751c1972d3ad2d1991d900bd2d54&limit=500&sizeThreshold=1 (Caused by SSLError(SSLCertVerificationError(1, "[SSL: CERTIFICATE_VERIFY_FAILED] certificate verify failed: Hostname mismatch, certificate is not valid for 'data-api.polymarket.com'. (_ssl.c:1032)")))
[warn] GET failed after retries: https://data-api.polymarket.com/positions params={'user': '0x51393c00184b39182f09a8a62b8549642e69a8db', 'limit': 500, 'sizeThreshold': 1} err=HTTPSConnectionPool(host='data-api.polymarket.com', port=443): Max retries exceeded with url: /positions?user=0x51393c00184b39182f09a8a62b8549642e69a8db&limit=500&sizeThreshold=1 (Caused by SSLError(SSLCertVerificationError(1, "[SSL: CERTIFICATE_VERIFY_FAILED] certificate verify failed: Hostname mismatch, certificate is not valid for 'data-api.polymarket.com'. (_ssl.c:1032)")))
[warn] GET failed after retries: https://data-api.polymarket.com/positions params={'user': '0x7ee1b64be7016b0b0234ab6cabcaa689fd18dae8', 'limit': 500, 'sizeThreshold': 1} err=HTTPSConnectionPool(host='data-api.polymarket.com', port=443): Max retries exceeded with url: /positions?user=0x7ee1b64be7016b0b0234ab6cabcaa689fd18dae8&limit=500&sizeThreshold=1 (Caused by SSLError(SSLCertVerificationError(1, "[SSL: CERTIFICATE_VERIFY_FAILED] certificate verify failed: Hostname mismatch, certificate is not valid for 'data-api.polymarket.com'. (_ssl.c:1032)")))
[warn] GET failed after retries: https://data-api.polymarket.com/positions params={'user': '0x55be7aa03ecfbe37aa5460db791205f7ac9ddca3', 'limit': 500, 'sizeThreshold': 1} err=HTTPSConnectionPool(host='data-api.polymarket.com', port=443): Max retries exceeded with url: /positions?user=0x55be7aa03ecfbe37aa5460db791205f7ac9ddca3&limit=500&sizeThreshold=1 (Caused by SSLError(SSLCertVerificationError(1, "[SSL: CERTIFICATE_VERIFY_FAILED] certificate verify failed: Hostname mismatch, certificate is not valid for 'data-api.polymarket.com'. (_ssl.c:1032)")))
[warn] GET failed after retries: https://data-api.polymarket.com/positions params={'user': '0x1ff26f9f8a048d4f6fb2e4283f32f6ca64d2dbbd', 'limit': 500, 'sizeThreshold': 1} err=HTTPSConnectionPool(host='data-api.polymarket.com', port=443): Max retries exceeded with url: /positions?user=0x1ff26f9f8a048d4f6fb2e4283f32f6ca64d2dbbd&limit=500&sizeThreshold=1 (Caused by SSLError(SSLCertVerificationError(1, "[SSL: CERTIFICATE_VERIFY_FAILED] certificate verify failed: Hostname mismatch, certificate is not valid for 'data-api.polymarket.com'. (_ssl.c:1032)")))
[warn] GET failed after retries: https://data-api.polymarket.com/positions params={'user': '0x1cc16713196d456f86fa9c7387dd326a7f73b8df', 'limit': 500, 'sizeThreshold': 1} err=HTTPSConnectionPool(host='data-api.polymarket.com', port=443): Max retries exceeded with url: /positions?user=0x1cc16713196d456f86fa9c7387dd326a7f73b8df&limit=500&sizeThreshold=1 (Caused by SSLError(SSLCertVerificationError(1, "[SSL: CERTIFICATE_VERIFY_FAILED] certificate verify failed: Hostname mismatch, certificate is not valid for 'data-api.polymarket.com'. (_ssl.c:1032)")))
[warn] GET failed after retries: https://data-api.polymarket.com/positions params={'user': '0x1d8a377c5020f612ce63a0a151970df64baae842', 'limit': 500, 'sizeThreshold': 1} err=HTTPSConnectionPool(host='data-api.polymarket.com', port=443): Max retries exceeded with url: /positions?user=0x1d8a377c5020f612ce63a0a151970df64baae842&limit=500&sizeThreshold=1 (Caused by SSLError(SSLCertVerificationError(1, "[SSL: CERTIFICATE_VERIFY_FAILED] certificate verify failed: Hostname mismatch, certificate is not valid for 'data-api.polymarket.com'. (_ssl.c:1032)")))
[warn] GET failed after retries: https://data-api.polymarket.com/positions params={'user': '0x9703676286b93c2eca71ca96e8757104519a69c2', 'limit': 500, 'sizeThreshold': 1} err=HTTPSConnectionPool(host='data-api.polymarket.com', port=443): Max retries exceeded with url: /positions?user=0x9703676286b93c2eca71ca96e8757104519a69c2&limit=500&sizeThreshold=1 (Caused by SSLError(SSLCertVerificationError(1, "[SSL: CERTIFICATE_VERIFY_FAILED] certificate verify failed: Hostname mismatch, certificate is not valid for 'data-api.polymarket.com'. (_ssl.c:1032)")))
[warn] GET failed after retries: https://data-api.polymarket.com/positions params={'user': '0xf195721ad850377c96cd634457c70cd9e8308057', 'limit': 500, 'sizeThreshold': 1} err=HTTPSConnectionPool(host='data-api.polymarket.com', port=443): Max retries exceeded with url: /positions?user=0xf195721ad850377c96cd634457c70cd9e8308057&limit=500&sizeThreshold=1 (Caused by SSLError(SSLCertVerificationError(1, "[SSL: CERTIFICATE_VERIFY_FAILED] certificate verify failed: Hostname mismatch, certificate is not valid for 'data-api.polymarket.com'. (_ssl.c:1032)")))
[warn] GET failed after retries: https://data-api.polymarket.com/positions params={'user': '0x6e82b93eb57b01a63027bd0c6d2f3f04934a752c', 'limit': 500, 'sizeThreshold': 1} err=HTTPSConnectionPool(host='data-api.polymarket.com', port=443): Max retries exceeded with url: /positions?user=0x6e82b93eb57b01a63027bd0c6d2f3f04934a752c&limit=500&sizeThreshold=1 (Caused by SSLError(SSLCertVerificationError(1, "[SSL: CERTIFICATE_VERIFY_FAILED] certificate verify failed: Hostname mismatch, certificate is not valid for 'data-api.polymarket.com'. (_ssl.c:1032)")))
[warn] GET failed after retries: https://data-api.polymarket.com/positions params={'user': '0x9b3dcd99eec7fe11602e6534e6302c0f318d7422', 'limit': 500, 'sizeThreshold': 1} err=HTTPSConnectionPool(host='data-api.polymarket.com', port=443): Max retries exceeded with url: /positions?user=0x9b3dcd99eec7fe11602e6534e6302c0f318d7422&limit=500&sizeThreshold=1 (Caused by SSLError(SSLCertVerificationError(1, "[SSL: CERTIFICATE_VERIFY_FAILED] certificate verify failed: Hostname mismatch, certificate is not valid for 'data-api.polymarket.com'. (_ssl.c:1032)")))
[warn] GET failed after retries: https://data-api.polymarket.com/positions params={'user': '0x8a4c788f043023b8b28a762216d037e9f148532b', 'limit': 500, 'sizeThreshold': 1} err=HTTPSConnectionPool(host='data-api.polymarket.com', port=443): Max retries exceeded with url: /positions?user=0x8a4c788f043023b8b28a762216d037e9f148532b&limit=500&sizeThreshold=1 (Caused by SSLError(SSLCertVerificationError(1, "[SSL: CERTIFICATE_VERIFY_FAILED] certificate verify failed: Hostname mismatch, certificate is not valid for 'data-api.polymarket.com'. (_ssl.c:1032)")))
[warn] GET failed after retries: https://data-api.polymarket.com/positions params={'user': '0x67542c3219b37fd1610aad290676ff91cdbfe3bc', 'limit': 500, 'sizeThreshold': 1} err=HTTPSConnectionPool(host='data-api.polymarket.com', port=443): Max retries exceeded with url: /positions?user=0x67542c3219b37fd1610aad290676ff91cdbfe3bc&limit=500&sizeThreshold=1 (Caused by SSLError(SSLCertVerificationError(1, "[SSL: CERTIFICATE_VERIFY_FAILED] certificate verify failed: Hostname mismatch, certificate is not valid for 'data-api.polymarket.com'. (_ssl.c:1032)")))
    ...read 60/116 traders
[warn] GET failed after retries: https://data-api.polymarket.com/positions params={'user': '0x83720820a8aa6c3f20ad71850e7a1a17d16c5223', 'limit': 500, 'sizeThreshold': 1} err=HTTPSConnectionPool(host='data-api.polymarket.com', port=443): Max retries exceeded with url: /positions?user=0x83720820a8aa6c3f20ad71850e7a1a17d16c5223&limit=500&sizeThreshold=1 (Caused by SSLError(SSLCertVerificationError(1, "[SSL: CERTIFICATE_VERIFY_FAILED] certificate verify failed: Hostname mismatch, certificate is not valid for 'data-api.polymarket.com'. (_ssl.c:1032)")))
[warn] GET failed after retries: https://data-api.polymarket.com/positions params={'user': '0x924379a79c64b77ad5816ad362122a5f6228658e', 'limit': 500, 'sizeThreshold': 1} err=HTTPSConnectionPool(host='data-api.polymarket.com', port=443): Max retries exceeded with url: /positions?user=0x924379a79c64b77ad5816ad362122a5f6228658e&limit=500&sizeThreshold=1 (Caused by SSLError(SSLCertVerificationError(1, "[SSL: CERTIFICATE_VERIFY_FAILED] certificate verify failed: Hostname mismatch, certificate is not valid for 'data-api.polymarket.com'. (_ssl.c:1032)")))
[warn] GET failed after retries: https://data-api.polymarket.com/positions params={'user': '0xbc1b1e935cf5a06f9378fe2b249338649dc29d59', 'limit': 500, 'sizeThreshold': 1} err=HTTPSConnectionPool(host='data-api.polymarket.com', port=443): Max retries exceeded with url: /positions?user=0xbc1b1e935cf5a06f9378fe2b249338649dc29d59&limit=500&sizeThreshold=1 (Caused by SSLError(SSLCertVerificationError(1, "[SSL: CERTIFICATE_VERIFY_FAILED] certificate verify failed: Hostname mismatch, certificate is not valid for 'data-api.polymarket.com'. (_ssl.c:1032)")))
[warn] GET failed after retries: https://data-api.polymarket.com/positions params={'user': '0x9b89ef1f344d3e17b37ccdff3bccf62d04f04244', 'limit': 500, 'sizeThreshold': 1} err=HTTPSConnectionPool(host='data-api.polymarket.com', port=443): Max retries exceeded with url: /positions?user=0x9b89ef1f344d3e17b37ccdff3bccf62d04f04244&limit=500&sizeThreshold=1 (Caused by SSLError(SSLCertVerificationError(1, "[SSL: CERTIFICATE_VERIFY_FAILED] certificate verify failed: Hostname mismatch, certificate is not valid for 'data-api.polymarket.com'. (_ssl.c:1032)")))
[warn] GET failed after retries: https://data-api.polymarket.com/positions params={'user': '0xe9a6ed2e4d4ee8ce47cd47cac834746dc4cf627b', 'limit': 500, 'sizeThreshold': 1} err=HTTPSConnectionPool(host='data-api.polymarket.com', port=443): Max retries exceeded with url: /positions?user=0xe9a6ed2e4d4ee8ce47cd47cac834746dc4cf627b&limit=500&sizeThreshold=1 (Caused by SSLError(SSLCertVerificationError(1, "[SSL: CERTIFICATE_VERIFY_FAILED] certificate verify failed: Hostname mismatch, certificate is not valid for 'data-api.polymarket.com'. (_ssl.c:1032)")))
[warn] GET failed after retries: https://data-api.polymarket.com/positions params={'user': '0x545129ec7719de8599872cc52850f9f19462616c', 'limit': 500, 'sizeThreshold': 1} err=HTTPSConnectionPool(host='data-api.polymarket.com', port=443): Max retries exceeded with url: /positions?user=0x545129ec7719de8599872cc52850f9f19462616c&limit=500&sizeThreshold=1 (Caused by SSLError(SSLCertVerificationError(1, "[SSL: CERTIFICATE_VERIFY_FAILED] certificate verify failed: Hostname mismatch, certificate is not valid for 'data-api.polymarket.com'. (_ssl.c:1032)")))
[warn] GET failed after retries: https://data-api.polymarket.com/positions params={'user': '0x65018f9fc473f6e920b8929a375d39c26a461220', 'limit': 500, 'sizeThreshold': 1} err=HTTPSConnectionPool(host='data-api.polymarket.com', port=443): Max retries exceeded with url: /positions?user=0x65018f9fc473f6e920b8929a375d39c26a461220&limit=500&sizeThreshold=1 (Caused by SSLError(SSLCertVerificationError(1, "[SSL: CERTIFICATE_VERIFY_FAILED] certificate verify failed: Hostname mismatch, certificate is not valid for 'data-api.polymarket.com'. (_ssl.c:1032)")))
[warn] GET failed after retries: https://data-api.polymarket.com/positions params={'user': '0xa49becb692927d455924583b5e3e5788246f4c40', 'limit': 500, 'sizeThreshold': 1} err=HTTPSConnectionPool(host='data-api.polymarket.com', port=443): Max retries exceeded with url: /positions?user=0xa49becb692927d455924583b5e3e5788246f4c40&limit=500&sizeThreshold=1 (Caused by SSLError(SSLCertVerificationError(1, "[SSL: CERTIFICATE_VERIFY_FAILED] certificate verify failed: Hostname mismatch, certificate is not valid for 'data-api.polymarket.com'. (_ssl.c:1032)")))
[warn] GET failed after retries: https://data-api.polymarket.com/positions params={'user': '0xa6d188fb70c2e2e9ad411c42c02379ed3020286a', 'limit': 500, 'sizeThreshold': 1} err=HTTPSConnectionPool(host='data-api.polymarket.com', port=443): Max retries exceeded with url: /positions?user=0xa6d188fb70c2e2e9ad411c42c02379ed3020286a&limit=500&sizeThreshold=1 (Caused by SSLError(SSLCertVerificationError(1, "[SSL: CERTIFICATE_VERIFY_FAILED] certificate verify failed: Hostname mismatch, certificate is not valid for 'data-api.polymarket.com'. (_ssl.c:1032)")))
[warn] GET failed after retries: https://data-api.polymarket.com/positions params={'user': '0x7d787c72c8317046fda90814a93c87fc192529a5', 'limit': 500, 'sizeThreshold': 1} err=HTTPSConnectionPool(host='data-api.polymarket.com', port=443): Max retries exceeded with url: /positions?user=0x7d787c72c8317046fda90814a93c87fc192529a5&limit=500&sizeThreshold=1 (Caused by SSLError(SSLCertVerificationError(1, "[SSL: CERTIFICATE_VERIFY_FAILED] certificate verify failed: Hostname mismatch, certificate is not valid for 'data-api.polymarket.com'. (_ssl.c:1032)")))
[warn] GET failed after retries: https://data-api.polymarket.com/positions params={'user': '0xfaa2b54347bd9a9f62d6e4bfb2d3180da53de80a', 'limit': 500, 'sizeThreshold': 1} err=HTTPSConnectionPool(host='data-api.polymarket.com', port=443): Max retries exceeded with url: /positions?user=0xfaa2b54347bd9a9f62d6e4bfb2d3180da53de80a&limit=500&sizeThreshold=1 (Caused by SSLError(SSLCertVerificationError(1, "[SSL: CERTIFICATE_VERIFY_FAILED] certificate verify failed: Hostname mismatch, certificate is not valid for 'data-api.polymarket.com'. (_ssl.c:1032)")))
[warn] GET failed after retries: https://data-api.polymarket.com/positions params={'user': '0xc41d736bded9ed1accd6a44235039266219774fd', 'limit': 500, 'sizeThreshold': 1} err=HTTPSConnectionPool(host='data-api.polymarket.com', port=443): Max retries exceeded with url: /positions?user=0xc41d736bded9ed1accd6a44235039266219774fd&limit=500&sizeThreshold=1 (Caused by SSLError(SSLCertVerificationError(1, "[SSL: CERTIFICATE_VERIFY_FAILED] certificate verify failed: Hostname mismatch, certificate is not valid for 'data-api.polymarket.com'. (_ssl.c:1032)")))
[warn] GET failed after retries: https://data-api.polymarket.com/positions params={'user': '0xa6cd8300ff70129ced69975180609e40a12b2f2c', 'limit': 500, 'sizeThreshold': 1} err=HTTPSConnectionPool(host='data-api.polymarket.com', port=443): Max retries exceeded with url: /positions?user=0xa6cd8300ff70129ced69975180609e40a12b2f2c&limit=500&sizeThreshold=1 (Caused by SSLError(SSLCertVerificationError(1, "[SSL: CERTIFICATE_VERIFY_FAILED] certificate verify failed: Hostname mismatch, certificate is not valid for 'data-api.polymarket.com'. (_ssl.c:1032)")))
[warn] GET failed after retries: https://data-api.polymarket.com/positions params={'user': '0xf1528f12e645462c344799b62b1b421a6a4c64aa', 'limit': 500, 'sizeThreshold': 1} err=HTTPSConnectionPool(host='data-api.polymarket.com', port=443): Max retries exceeded with url: /positions?user=0xf1528f12e645462c344799b62b1b421a6a4c64aa&limit=500&sizeThreshold=1 (Caused by SSLError(SSLCertVerificationError(1, "[SSL: CERTIFICATE_VERIFY_FAILED] certificate verify failed: Hostname mismatch, certificate is not valid for 'data-api.polymarket.com'. (_ssl.c:1032)")))
[warn] GET failed after retries: https://data-api.polymarket.com/positions params={'user': '0x547f2917d51f2e63ab382dcf641d4e0240162937', 'limit': 500, 'sizeThreshold': 1} err=HTTPSConnectionPool(host='data-api.polymarket.com', port=443): Max retries exceeded with url: /positions?user=0x547f2917d51f2e63ab382dcf641d4e0240162937&limit=500&sizeThreshold=1 (Caused by SSLError(SSLCertVerificationError(1, "[SSL: CERTIFICATE_VERIFY_FAILED] certificate verify failed: Hostname mismatch, certificate is not valid for 'data-api.polymarket.com'. (_ssl.c:1032)")))
[warn] GET failed after retries: https://data-api.polymarket.com/positions params={'user': '0x73bcd24d510ff4e4d5feac6aec763c5511e246ce', 'limit': 500, 'sizeThreshold': 1} err=HTTPSConnectionPool(host='data-api.polymarket.com', port=443): Max retries exceeded with url: /positions?user=0x73bcd24d510ff4e4d5feac6aec763c5511e246ce&limit=500&sizeThreshold=1 (Caused by SSLError(SSLCertVerificationError(1, "[SSL: CERTIFICATE_VERIFY_FAILED] certificate verify failed: Hostname mismatch, certificate is not valid for 'data-api.polymarket.com'. (_ssl.c:1032)")))
[warn] GET failed after retries: https://data-api.polymarket.com/positions params={'user': '0x37e053beabee77acc15e641dfe8e395b2b2d024e', 'limit': 500, 'sizeThreshold': 1} err=HTTPSConnectionPool(host='data-api.polymarket.com', port=443): Max retries exceeded with url: /positions?user=0x37e053beabee77acc15e641dfe8e395b2b2d024e&limit=500&sizeThreshold=1 (Caused by SSLError(SSLCertVerificationError(1, "[SSL: CERTIFICATE_VERIFY_FAILED] certificate verify failed: Hostname mismatch, certificate is not valid for 'data-api.polymarket.com'. (_ssl.c:1032)")))
[warn] GET failed after retries: https://data-api.polymarket.com/positions params={'user': '0x1465b79bff7992bc703e1aafb3683b1089647072', 'limit': 500, 'sizeThreshold': 1} err=HTTPSConnectionPool(host='data-api.polymarket.com', port=443): Max retries exceeded with url: /positions?user=0x1465b79bff7992bc703e1aafb3683b1089647072&limit=500&sizeThreshold=1 (Caused by SSLError(SSLCertVerificationError(1, "[SSL: CERTIFICATE_VERIFY_FAILED] certificate verify failed: Hostname mismatch, certificate is not valid for 'data-api.polymarket.com'. (_ssl.c:1032)")))
[warn] GET failed after retries: https://data-api.polymarket.com/positions params={'user': '0xcf6c5492124794394dd9eac46498a8babbe47e66', 'limit': 500, 'sizeThreshold': 1} err=HTTPSConnectionPool(host='data-api.polymarket.com', port=443): Max retries exceeded with url: /positions?user=0xcf6c5492124794394dd9eac46498a8babbe47e66&limit=500&sizeThreshold=1 (Caused by SSLError(SSLCertVerificationError(1, "[SSL: CERTIFICATE_VERIFY_FAILED] certificate verify failed: Hostname mismatch, certificate is not valid for 'data-api.polymarket.com'. (_ssl.c:1032)")))
[warn] GET failed after retries: https://data-api.polymarket.com/positions params={'user': '0xe0ac9addc56c19e771a0524f5d172af4d7a476ff', 'limit': 500, 'sizeThreshold': 1} err=HTTPSConnectionPool(host='data-api.polymarket.com', port=443): Max retries exceeded with url: /positions?user=0xe0ac9addc56c19e771a0524f5d172af4d7a476ff&limit=500&sizeThreshold=1 (Caused by SSLError(SSLCertVerificationError(1, "[SSL: CERTIFICATE_VERIFY_FAILED] certificate verify failed: Hostname mismatch, certificate is not valid for 'data-api.polymarket.com'. (_ssl.c:1032)")))
    ...read 80/116 traders
[warn] GET failed after retries: https://data-api.polymarket.com/positions params={'user': '0x2a69660046d7acc4ab204d7cc5ba78b0776cd2f7', 'limit': 500, 'sizeThreshold': 1} err=HTTPSConnectionPool(host='data-api.polymarket.com', port=443): Max retries exceeded with url: /positions?user=0x2a69660046d7acc4ab204d7cc5ba78b0776cd2f7&limit=500&sizeThreshold=1 (Caused by SSLError(SSLCertVerificationError(1, "[SSL: CERTIFICATE_VERIFY_FAILED] certificate verify failed: Hostname mismatch, certificate is not valid for 'data-api.polymarket.com'. (_ssl.c:1032)")))
[warn] GET failed after retries: https://data-api.polymarket.com/positions params={'user': '0x10a6fadcbacd66330862206f6199b197e3ad4d8b', 'limit': 500, 'sizeThreshold': 1} err=HTTPSConnectionPool(host='data-api.polymarket.com', port=443): Max retries exceeded with url: /positions?user=0x10a6fadcbacd66330862206f6199b197e3ad4d8b&limit=500&sizeThreshold=1 (Caused by SSLError(SSLCertVerificationError(1, "[SSL: CERTIFICATE_VERIFY_FAILED] certificate verify failed: Hostname mismatch, certificate is not valid for 'data-api.polymarket.com'. (_ssl.c:1032)")))
[warn] GET failed after retries: https://data-api.polymarket.com/positions params={'user': '0x2dc13c6bda81b202281e796953a7323de675b33c', 'limit': 500, 'sizeThreshold': 1} err=HTTPSConnectionPool(host='data-api.polymarket.com', port=443): Max retries exceeded with url: /positions?user=0x2dc13c6bda81b202281e796953a7323de675b33c&limit=500&sizeThreshold=1 (Caused by SSLError(SSLCertVerificationError(1, "[SSL: CERTIFICATE_VERIFY_FAILED] certificate verify failed: Hostname mismatch, certificate is not valid for 'data-api.polymarket.com'. (_ssl.c:1032)")))
[warn] GET failed after retries: https://data-api.polymarket.com/positions params={'user': '0xca97f5464912ba0308bd40c095bea215980849f6', 'limit': 500, 'sizeThreshold': 1} err=HTTPSConnectionPool(host='data-api.polymarket.com', port=443): Max retries exceeded with url: /positions?user=0xca97f5464912ba0308bd40c095bea215980849f6&limit=500&sizeThreshold=1 (Caused by SSLError(SSLCertVerificationError(1, "[SSL: CERTIFICATE_VERIFY_FAILED] certificate verify failed: Hostname mismatch, certificate is not valid for 'data-api.polymarket.com'. (_ssl.c:1032)")))
[warn] GET failed after retries: https://data-api.polymarket.com/positions params={'user': '0x73c5701afdefba2814193168448b2992306b2f80', 'limit': 500, 'sizeThreshold': 1} err=HTTPSConnectionPool(host='data-api.polymarket.com', port=443): Max retries exceeded with url: /positions?user=0x73c5701afdefba2814193168448b2992306b2f80&limit=500&sizeThreshold=1 (Caused by SSLError(SSLCertVerificationError(1, "[SSL: CERTIFICATE_VERIFY_FAILED] certificate verify failed: Hostname mismatch, certificate is not valid for 'data-api.polymarket.com'. (_ssl.c:1032)")))
[warn] GET failed after retries: https://data-api.polymarket.com/positions params={'user': '0x0224bb9eb0a5c9fd261ac9123a72cbdd5748292a', 'limit': 500, 'sizeThreshold': 1} err=HTTPSConnectionPool(host='data-api.polymarket.com', port=443): Max retries exceeded with url: /positions?user=0x0224bb9eb0a5c9fd261ac9123a72cbdd5748292a&limit=500&sizeThreshold=1 (Caused by SSLError(SSLCertVerificationError(1, "[SSL: CERTIFICATE_VERIFY_FAILED] certificate verify failed: Hostname mismatch, certificate is not valid for 'data-api.polymarket.com'. (_ssl.c:1032)")))
[warn] GET failed after retries: https://data-api.polymarket.com/positions params={'user': '0xf0726b6a29afdfd3c193aa5540df16b0175d467a', 'limit': 500, 'sizeThreshold': 1} err=HTTPSConnectionPool(host='data-api.polymarket.com', port=443): Max retries exceeded with url: /positions?user=0xf0726b6a29afdfd3c193aa5540df16b0175d467a&limit=500&sizeThreshold=1 (Caused by SSLError(SSLCertVerificationError(1, "[SSL: CERTIFICATE_VERIFY_FAILED] certificate verify failed: Hostname mismatch, certificate is not valid for 'data-api.polymarket.com'. (_ssl.c:1032)")))
[warn] GET failed after retries: https://data-api.polymarket.com/positions params={'user': '0xc660ae71765d0d9eaf5fa8328c1c959841d2bd28', 'limit': 500, 'sizeThreshold': 1} err=HTTPSConnectionPool(host='data-api.polymarket.com', port=443): Max retries exceeded with url: /positions?user=0xc660ae71765d0d9eaf5fa8328c1c959841d2bd28&limit=500&sizeThreshold=1 (Caused by SSLError(SSLCertVerificationError(1, "[SSL: CERTIFICATE_VERIFY_FAILED] certificate verify failed: Hostname mismatch, certificate is not valid for 'data-api.polymarket.com'. (_ssl.c:1032)")))
[warn] GET failed after retries: https://data-api.polymarket.com/positions params={'user': '0x162ca4c5249987872fea1e15c846d7fe80316c47', 'limit': 500, 'sizeThreshold': 1} err=HTTPSConnectionPool(host='data-api.polymarket.com', port=443): Max retries exceeded with url: /positions?user=0x162ca4c5249987872fea1e15c846d7fe80316c47&limit=500&sizeThreshold=1 (Caused by SSLError(SSLCertVerificationError(1, "[SSL: CERTIFICATE_VERIFY_FAILED] certificate verify failed: Hostname mismatch, certificate is not valid for 'data-api.polymarket.com'. (_ssl.c:1032)")))
[warn] GET failed after retries: https://data-api.polymarket.com/positions params={'user': '0x7650e94d9c2decc455d7e2b9f8af0c0aa319fac1', 'limit': 500, 'sizeThreshold': 1} err=HTTPSConnectionPool(host='data-api.polymarket.com', port=443): Max retries exceeded with url: /positions?user=0x7650e94d9c2decc455d7e2b9f8af0c0aa319fac1&limit=500&sizeThreshold=1 (Caused by SSLError(SSLCertVerificationError(1, "[SSL: CERTIFICATE_VERIFY_FAILED] certificate verify failed: Hostname mismatch, certificate is not valid for 'data-api.polymarket.com'. (_ssl.c:1032)")))
[warn] GET failed after retries: https://data-api.polymarket.com/positions params={'user': '0x8a269634753d90783f52c58e5ae9a8b9679e937e', 'limit': 500, 'sizeThreshold': 1} err=HTTPSConnectionPool(host='data-api.polymarket.com', port=443): Max retries exceeded with url: /positions?user=0x8a269634753d90783f52c58e5ae9a8b9679e937e&limit=500&sizeThreshold=1 (Caused by SSLError(SSLCertVerificationError(1, "[SSL: CERTIFICATE_VERIFY_FAILED] certificate verify failed: Hostname mismatch, certificate is not valid for 'data-api.polymarket.com'. (_ssl.c:1032)")))
[warn] GET failed after retries: https://data-api.polymarket.com/positions params={'user': '0x336bf6f91a4619d54f0711a20fe468adf4d71233', 'limit': 500, 'sizeThreshold': 1} err=HTTPSConnectionPool(host='data-api.polymarket.com', port=443): Max retries exceeded with url: /positions?user=0x336bf6f91a4619d54f0711a20fe468adf4d71233&limit=500&sizeThreshold=1 (Caused by SSLError(SSLCertVerificationError(1, "[SSL: CERTIFICATE_VERIFY_FAILED] certificate verify failed: Hostname mismatch, certificate is not valid for 'data-api.polymarket.com'. (_ssl.c:1032)")))
[warn] GET failed after retries: https://data-api.polymarket.com/positions params={'user': '0x8806a6f1a847ba4360599ce0f54ce96167712e83', 'limit': 500, 'sizeThreshold': 1} err=HTTPSConnectionPool(host='data-api.polymarket.com', port=443): Max retries exceeded with url: /positions?user=0x8806a6f1a847ba4360599ce0f54ce96167712e83&limit=500&sizeThreshold=1 (Caused by SSLError(SSLCertVerificationError(1, "[SSL: CERTIFICATE_VERIFY_FAILED] certificate verify failed: Hostname mismatch, certificate is not valid for 'data-api.polymarket.com'. (_ssl.c:1032)")))
[warn] GET failed after retries: https://data-api.polymarket.com/positions params={'user': '0xdbdd45150249e229eb4ca8aa48a30dca21faa5de', 'limit': 500, 'sizeThreshold': 1} err=HTTPSConnectionPool(host='data-api.polymarket.com', port=443): Max retries exceeded with url: /positions?user=0xdbdd45150249e229eb4ca8aa48a30dca21faa5de&limit=500&sizeThreshold=1 (Caused by SSLError(SSLCertVerificationError(1, "[SSL: CERTIFICATE_VERIFY_FAILED] certificate verify failed: Hostname mismatch, certificate is not valid for 'data-api.polymarket.com'. (_ssl.c:1032)")))
[warn] GET failed after retries: https://data-api.polymarket.com/positions params={'user': '0x36a74fda8204b1e1680b8512613b0b520f7eb6e9', 'limit': 500, 'sizeThreshold': 1} err=HTTPSConnectionPool(host='data-api.polymarket.com', port=443): Max retries exceeded with url: /positions?user=0x36a74fda8204b1e1680b8512613b0b520f7eb6e9&limit=500&sizeThreshold=1 (Caused by SSLError(SSLCertVerificationError(1, "[SSL: CERTIFICATE_VERIFY_FAILED] certificate verify failed: Hostname mismatch, certificate is not valid for 'data-api.polymarket.com'. (_ssl.c:1032)")))
[warn] GET failed after retries: https://data-api.polymarket.com/positions params={'user': '0xe548376f231af12b4d56aff55a7503a88892a9fe', 'limit': 500, 'sizeThreshold': 1} err=HTTPSConnectionPool(host='data-api.polymarket.com', port=443): Max retries exceeded with url: /positions?user=0xe548376f231af12b4d56aff55a7503a88892a9fe&limit=500&sizeThreshold=1 (Caused by SSLError(SSLCertVerificationError(1, "[SSL: CERTIFICATE_VERIFY_FAILED] certificate verify failed: Hostname mismatch, certificate is not valid for 'data-api.polymarket.com'. (_ssl.c:1032)")))
[warn] GET failed after retries: https://data-api.polymarket.com/positions params={'user': '0x45721362269008ac5988bec2e5c22ca463af5e86', 'limit': 500, 'sizeThreshold': 1} err=HTTPSConnectionPool(host='data-api.polymarket.com', port=443): Max retries exceeded with url: /positions?user=0x45721362269008ac5988bec2e5c22ca463af5e86&limit=500&sizeThreshold=1 (Caused by SSLError(SSLCertVerificationError(1, "[SSL: CERTIFICATE_VERIFY_FAILED] certificate verify failed: Hostname mismatch, certificate is not valid for 'data-api.polymarket.com'. (_ssl.c:1032)")))
[warn] GET failed after retries: https://data-api.polymarket.com/positions params={'user': '0xc29198ad764bd6adaf7bb971a3757a689ece5d74', 'limit': 500, 'sizeThreshold': 1} err=HTTPSConnectionPool(host='data-api.polymarket.com', port=443): Max retries exceeded with url: /positions?user=0xc29198ad764bd6adaf7bb971a3757a689ece5d74&limit=500&sizeThreshold=1 (Caused by SSLError(SSLCertVerificationError(1, "[SSL: CERTIFICATE_VERIFY_FAILED] certificate verify failed: Hostname mismatch, certificate is not valid for 'data-api.polymarket.com'. (_ssl.c:1032)")))
[warn] GET failed after retries: https://data-api.polymarket.com/positions params={'user': '0xc57f19fd86e4531560980d1cd73310c9fbfbc909', 'limit': 500, 'sizeThreshold': 1} err=HTTPSConnectionPool(host='data-api.polymarket.com', port=443): Max retries exceeded with url: /positions?user=0xc57f19fd86e4531560980d1cd73310c9fbfbc909&limit=500&sizeThreshold=1 (Caused by SSLError(SSLCertVerificationError(1, "[SSL: CERTIFICATE_VERIFY_FAILED] certificate verify failed: Hostname mismatch, certificate is not valid for 'data-api.polymarket.com'. (_ssl.c:1032)")))
[warn] GET failed after retries: https://data-api.polymarket.com/positions params={'user': '0x1a2f67124f12eaa88be0f6683a95abede555647a', 'limit': 500, 'sizeThreshold': 1} err=HTTPSConnectionPool(host='data-api.polymarket.com', port=443): Max retries exceeded with url: /positions?user=0x1a2f67124f12eaa88be0f6683a95abede555647a&limit=500&sizeThreshold=1 (Caused by SSLError(SSLCertVerificationError(1, "[SSL: CERTIFICATE_VERIFY_FAILED] certificate verify failed: Hostname mismatch, certificate is not valid for 'data-api.polymarket.com'. (_ssl.c:1032)")))
    ...read 100/116 traders
[warn] GET failed after retries: https://data-api.polymarket.com/positions params={'user': '0xd81e5bc01e4a98d0af93d82dc2c542a4c0f9e3d0', 'limit': 500, 'sizeThreshold': 1} err=HTTPSConnectionPool(host='data-api.polymarket.com', port=443): Max retries exceeded with url: /positions?user=0xd81e5bc01e4a98d0af93d82dc2c542a4c0f9e3d0&limit=500&sizeThreshold=1 (Caused by SSLError(SSLCertVerificationError(1, "[SSL: CERTIFICATE_VERIFY_FAILED] certificate verify failed: Hostname mismatch, certificate is not valid for 'data-api.polymarket.com'. (_ssl.c:1032)")))
[warn] GET failed after retries: https://data-api.polymarket.com/positions params={'user': '0x122b758a408246a180efeb5ba654e21b553fac59', 'limit': 500, 'sizeThreshold': 1} err=HTTPSConnectionPool(host='data-api.polymarket.com', port=443): Max retries exceeded with url: /positions?user=0x122b758a408246a180efeb5ba654e21b553fac59&limit=500&sizeThreshold=1 (Caused by SSLError(SSLCertVerificationError(1, "[SSL: CERTIFICATE_VERIFY_FAILED] certificate verify failed: Hostname mismatch, certificate is not valid for 'data-api.polymarket.com'. (_ssl.c:1032)")))
[warn] GET failed after retries: https://data-api.polymarket.com/positions params={'user': '0x325f0e5b5afc66ff54102d850f67f0c621304511', 'limit': 500, 'sizeThreshold': 1} err=HTTPSConnectionPool(host='data-api.polymarket.com', port=443): Max retries exceeded with url: /positions?user=0x325f0e5b5afc66ff54102d850f67f0c621304511&limit=500&sizeThreshold=1 (Caused by SSLError(SSLCertVerificationError(1, "[SSL: CERTIFICATE_VERIFY_FAILED] certificate verify failed: Hostname mismatch, certificate is not valid for 'data-api.polymarket.com'. (_ssl.c:1032)")))
[warn] GET failed after retries: https://data-api.polymarket.com/positions params={'user': '0xc8075693f48668a264b9fa313b47f52712fcc12b', 'limit': 500, 'sizeThreshold': 1} err=HTTPSConnectionPool(host='data-api.polymarket.com', port=443): Max retries exceeded with url: /positions?user=0xc8075693f48668a264b9fa313b47f52712fcc12b&limit=500&sizeThreshold=1 (Caused by SSLError(SSLCertVerificationError(1, "[SSL: CERTIFICATE_VERIFY_FAILED] certificate verify failed: Hostname mismatch, certificate is not valid for 'data-api.polymarket.com'. (_ssl.c:1032)")))
[warn] GET failed after retries: https://data-api.polymarket.com/positions params={'user': '0x9e86ad1cb29ab0ff1e00c89bf68b8db98d926dfb', 'limit': 500, 'sizeThreshold': 1} err=HTTPSConnectionPool(host='data-api.polymarket.com', port=443): Max retries exceeded with url: /positions?user=0x9e86ad1cb29ab0ff1e00c89bf68b8db98d926dfb&limit=500&sizeThreshold=1 (Caused by SSLError(SSLCertVerificationError(1, "[SSL: CERTIFICATE_VERIFY_FAILED] certificate verify failed: Hostname mismatch, certificate is not valid for 'data-api.polymarket.com'. (_ssl.c:1032)")))
[warn] GET failed after retries: https://data-api.polymarket.com/positions params={'user': '0xf3c73f43afd680a35b4c65af727ebf7a495dc83b', 'limit': 500, 'sizeThreshold': 1} err=HTTPSConnectionPool(host='data-api.polymarket.com', port=443): Max retries exceeded with url: /positions?user=0xf3c73f43afd680a35b4c65af727ebf7a495dc83b&limit=500&sizeThreshold=1 (Caused by SSLError(SSLCertVerificationError(1, "[SSL: CERTIFICATE_VERIFY_FAILED] certificate verify failed: Hostname mismatch, certificate is not valid for 'data-api.polymarket.com'. (_ssl.c:1032)")))
[warn] GET failed after retries: https://data-api.polymarket.com/positions params={'user': '0x67ac9e1ad7d7e74ef0215d14fc8edb538e4fedf1', 'limit': 500, 'sizeThreshold': 1} err=HTTPSConnectionPool(host='data-api.polymarket.com', port=443): Max retries exceeded with url: /positions?user=0x67ac9e1ad7d7e74ef0215d14fc8edb538e4fedf1&limit=500&sizeThreshold=1 (Caused by SSLError(SSLCertVerificationError(1, "[SSL: CERTIFICATE_VERIFY_FAILED] certificate verify failed: Hostname mismatch, certificate is not valid for 'data-api.polymarket.com'. (_ssl.c:1032)")))
[warn] GET failed after retries: https://data-api.polymarket.com/positions params={'user': '0x5b6331e7ff0831a3fe2ed12004747db1a9c911a4', 'limit': 500, 'sizeThreshold': 1} err=HTTPSConnectionPool(host='data-api.polymarket.com', port=443): Max retries exceeded with url: /positions?user=0x5b6331e7ff0831a3fe2ed12004747db1a9c911a4&limit=500&sizeThreshold=1 (Caused by SSLError(SSLCertVerificationError(1, "[SSL: CERTIFICATE_VERIFY_FAILED] certificate verify failed: Hostname mismatch, certificate is not valid for 'data-api.polymarket.com'. (_ssl.c:1032)")))
[warn] GET failed after retries: https://data-api.polymarket.com/positions params={'user': '0x55f544a537f6b9f50a8d27e662c250e93418e2a0', 'limit': 500, 'sizeThreshold': 1} err=HTTPSConnectionPool(host='data-api.polymarket.com', port=443): Max retries exceeded with url: /positions?user=0x55f544a537f6b9f50a8d27e662c250e93418e2a0&limit=500&sizeThreshold=1 (Caused by SSLError(SSLCertVerificationError(1, "[SSL: CERTIFICATE_VERIFY_FAILED] certificate verify failed: Hostname mismatch, certificate is not valid for 'data-api.polymarket.com'. (_ssl.c:1032)")))
[warn] GET failed after retries: https://data-api.polymarket.com/positions params={'user': '0x39932ca2b7a1b8ab6cbf0b8f7419261b950ccded', 'limit': 500, 'sizeThreshold': 1} err=HTTPSConnectionPool(host='data-api.polymarket.com', port=443): Max retries exceeded with url: /positions?user=0x39932ca2b7a1b8ab6cbf0b8f7419261b950ccded&limit=500&sizeThreshold=1 (Caused by SSLError(SSLCertVerificationError(1, "[SSL: CERTIFICATE_VERIFY_FAILED] certificate verify failed: Hostname mismatch, certificate is not valid for 'data-api.polymarket.com'. (_ssl.c:1032)")))
[warn] GET failed after retries: https://data-api.polymarket.com/positions params={'user': '0x6100acd1f9ebe426750cb5cf7bc89e262beaed95', 'limit': 500, 'sizeThreshold': 1} err=HTTPSConnectionPool(host='data-api.polymarket.com', port=443): Max retries exceeded with url: /positions?user=0x6100acd1f9ebe426750cb5cf7bc89e262beaed95&limit=500&sizeThreshold=1 (Caused by SSLError(SSLCertVerificationError(1, "[SSL: CERTIFICATE_VERIFY_FAILED] certificate verify failed: Hostname mismatch, certificate is not valid for 'data-api.polymarket.com'. (_ssl.c:1032)")))
[warn] GET failed after retries: https://data-api.polymarket.com/positions params={'user': '0x2e78d7a77df765928de65f17196671fa83f2067e', 'limit': 500, 'sizeThreshold': 1} err=HTTPSConnectionPool(host='data-api.polymarket.com', port=443): Max retries exceeded with url: /positions?user=0x2e78d7a77df765928de65f17196671fa83f2067e&limit=500&sizeThreshold=1 (Caused by SSLError(SSLCertVerificationError(1, "[SSL: CERTIFICATE_VERIFY_FAILED] certificate verify failed: Hostname mismatch, certificate is not valid for 'data-api.polymarket.com'. (_ssl.c:1032)")))
[warn] GET failed after retries: https://data-api.polymarket.com/positions params={'user': '0x87da2f16cf98af9b3e2f6ba6d9c4c470815b53d1', 'limit': 500, 'sizeThreshold': 1} err=HTTPSConnectionPool(host='data-api.polymarket.com', port=443): Max retries exceeded with url: /positions?user=0x87da2f16cf98af9b3e2f6ba6d9c4c470815b53d1&limit=500&sizeThreshold=1 (Caused by SSLError(SSLCertVerificationError(1, "[SSL: CERTIFICATE_VERIFY_FAILED] certificate verify failed: Hostname mismatch, certificate is not valid for 'data-api.polymarket.com'. (_ssl.c:1032)")))
[warn] GET failed after retries: https://data-api.polymarket.com/positions params={'user': '0x3d85d47d2f366dc0f2a21e95404428233bba197f', 'limit': 500, 'sizeThreshold': 1} err=HTTPSConnectionPool(host='data-api.polymarket.com', port=443): Max retries exceeded with url: /positions?user=0x3d85d47d2f366dc0f2a21e95404428233bba197f&limit=500&sizeThreshold=1 (Caused by SSLError(SSLCertVerificationError(1, "[SSL: CERTIFICATE_VERIFY_FAILED] certificate verify failed: Hostname mismatch, certificate is not valid for 'data-api.polymarket.com'. (_ssl.c:1032)")))
[warn] GET failed after retries: https://data-api.polymarket.com/positions params={'user': '0x54525ee78bd513b0bf75f94e560158f6fc35d448', 'limit': 500, 'sizeThreshold': 1} err=HTTPSConnectionPool(host='data-api.polymarket.com', port=443): Max retries exceeded with url: /positions?user=0x54525ee78bd513b0bf75f94e560158f6fc35d448&limit=500&sizeThreshold=1 (Caused by SSLError(SSLCertVerificationError(1, "[SSL: CERTIFICATE_VERIFY_FAILED] certificate verify failed: Hostname mismatch, certificate is not valid for 'data-api.polymarket.com'. (_ssl.c:1032)")))
[warn] GET failed after retries: https://data-api.polymarket.com/positions params={'user': '0xdb83e85ffd22faa4009273034770f96ffc5b1e50', 'limit': 500, 'sizeThreshold': 1} err=HTTPSConnectionPool(host='data-api.polymarket.com', port=443): Max retries exceeded with url: /positions?user=0xdb83e85ffd22faa4009273034770f96ffc5b1e50&limit=500&sizeThreshold=1 (Caused by SSLError(SSLCertVerificationError(1, "[SSL: CERTIFICATE_VERIFY_FAILED] certificate verify failed: Hostname mismatch, certificate is not valid for 'data-api.polymarket.com'. (_ssl.c:1032)")))
[warn] GET failed after retries: https://gamma-api.polymarket.com/markets params={'condition_ids': '0xa1cb668f44322a8975bdd12276b7c43bd7705b47298cc6d869858e62ead1435c'} err=HTTPSConnectionPool(host='gamma-api.polymarket.com', port=443): Max retries exceeded with url: /markets?condition_ids=0xa1cb668f44322a8975bdd12276b7c43bd7705b47298cc6d869858e62ead1435c (Caused by SSLError(SSLCertVerificationError(1, "[SSL: CERTIFICATE_VERIFY_FAILED] certificate verify failed: Hostname mismatch, certificate is not valid for 'gamma-api.polymarket.com'. (_ssl.c:1032)")))
[warn] GET failed after retries: https://gamma-api.polymarket.com/markets params={'condition_ids': '0x84f698ac4e21f27dfa51803083f5c115933c13611259e2968e4b2ba06f854912'} err=HTTPSConnectionPool(host='gamma-api.polymarket.com', port=443): Max retries exceeded with url: /markets?condition_ids=0x84f698ac4e21f27dfa51803083f5c115933c13611259e2968e4b2ba06f854912 (Caused by SSLError(SSLCertVerificationError(1, "[SSL: CERTIFICATE_VERIFY_FAILED] certificate verify failed: Hostname mismatch, certificate is not valid for 'gamma-api.polymarket.com'. (_ssl.c:1032)")))
[warn] GET failed after retries: https://gamma-api.polymarket.com/markets params={'condition_ids': '0x7976b8dbacf9077eb1453a62bcefd6ab2df199acd28aad276ff0d920d6992892'} err=HTTPSConnectionPool(host='gamma-api.polymarket.com', port=443): Max retries exceeded with url: /markets?condition_ids=0x7976b8dbacf9077eb1453a62bcefd6ab2df199acd28aad276ff0d920d6992892 (Caused by SSLError(SSLCertVerificationError(1, "[SSL: CERTIFICATE_VERIFY_FAILED] certificate verify failed: Hostname mismatch, certificate is not valid for 'gamma-api.polymarket.com'. (_ssl.c:1032)")))
[warn] GET failed after retries: https://gamma-api.polymarket.com/markets params={'condition_ids': '0x2745c38ff0617cb345c1d2df19b4f74ea777508e07411e88eeb6ab3affcda2a2'} err=HTTPSConnectionPool(host='gamma-api.polymarket.com', port=443): Max retries exceeded with url: /markets?condition_ids=0x2745c38ff0617cb345c1d2df19b4f74ea777508e07411e88eeb6ab3affcda2a2 (Caused by SSLError(SSLCertVerificationError(1, "[SSL: CERTIFICATE_VERIFY_FAILED] certificate verify failed: Hostname mismatch, certificate is not valid for 'gamma-api.polymarket.com'. (_ssl.c:1032)")))
[warn] GET failed after retries: https://gamma-api.polymarket.com/markets params={'condition_ids': '0xa01d48a973e40770719dab42faf1aeae5da4376d9eca46e77265c7551d1be0f7'} err=HTTPSConnectionPool(host='gamma-api.polymarket.com', port=443): Max retries exceeded with url: /markets?condition_ids=0xa01d48a973e40770719dab42faf1aeae5da4376d9eca46e77265c7551d1be0f7 (Caused by SSLError(SSLCertVerificationError(1, "[SSL: CERTIFICATE_VERIFY_FAILED] certificate verify failed: Hostname mismatch, certificate is not valid for 'gamma-api.polymarket.com'. (_ssl.c:1032)")))
[warn] GET failed after retries: https://gamma-api.polymarket.com/markets params={'condition_ids': '0x5e082f0b57f47a29044aa35b4c5658393122e659d5feae521c06b57cdd7f905c'} err=HTTPSConnectionPool(host='gamma-api.polymarket.com', port=443): Max retries exceeded with url: /markets?condition_ids=0x5e082f0b57f47a29044aa35b4c5658393122e659d5feae521c06b57cdd7f905c (Caused by SSLError(SSLCertVerificationError(1, "[SSL: CERTIFICATE_VERIFY_FAILED] certificate verify failed: Hostname mismatch, certificate is not valid for 'gamma-api.polymarket.com'. (_ssl.c:1032)")))
[warn] GET failed after retries: https://gamma-api.polymarket.com/markets params={'condition_ids': '0xd1796c09d0d6f876f8580086ae9808ec991784e3a74b25a1830a25de71a78c96'} err=HTTPSConnectionPool(host='gamma-api.polymarket.com', port=443): Max retries exceeded with url: /markets?condition_ids=0xd1796c09d0d6f876f8580086ae9808ec991784e3a74b25a1830a25de71a78c96 (Caused by SSLError(SSLCertVerificationError(1, "[SSL: CERTIFICATE_VERIFY_FAILED] certificate verify failed: Hostname mismatch, certificate is not valid for 'gamma-api.polymarket.com'. (_ssl.c:1032)")))
[warn] GET failed after retries: https://gamma-api.polymarket.com/markets params={'condition_ids': '0x6522024c060166830e53a48b0db1cab9296601a8539ab005124db5e4bf50a303'} err=HTTPSConnectionPool(host='gamma-api.polymarket.com', port=443): Max retries exceeded with url: /markets?condition_ids=0x6522024c060166830e53a48b0db1cab9296601a8539ab005124db5e4bf50a303 (Caused by SSLError(SSLCertVerificationError(1, "[SSL: CERTIFICATE_VERIFY_FAILED] certificate verify failed: Hostname mismatch, certificate is not valid for 'gamma-api.polymarket.com'. (_ssl.c:1032)")))
[warn] GET failed after retries: https://gamma-api.polymarket.com/markets params={'condition_ids': '0x4167e22670f31e5f93d132f78108f3fae809bd15cadf78983eff096845ed1415'} err=HTTPSConnectionPool(host='gamma-api.polymarket.com', port=443): Max retries exceeded with url: /markets?condition_ids=0x4167e22670f31e5f93d132f78108f3fae809bd15cadf78983eff096845ed1415 (Caused by SSLError(SSLCertVerificationError(1, "[SSL: CERTIFICATE_VERIFY_FAILED] certificate verify failed: Hostname mismatch, certificate is not valid for 'gamma-api.polymarket.com'. (_ssl.c:1032)")))
[warn] GET failed after retries: https://gamma-api.polymarket.com/markets params={'condition_ids': '0x533aab0d99851ea6dccf14861b8b7bb5026a40a15718769f8cc519d93380b391'} err=HTTPSConnectionPool(host='gamma-api.polymarket.com', port=443): Max retries exceeded with url: /markets?condition_ids=0x533aab0d99851ea6dccf14861b8b7bb5026a40a15718769f8cc519d93380b391 (Caused by SSLError(SSLCertVerificationError(1, "[SSL: CERTIFICATE_VERIFY_FAILED] certificate verify failed: Hostname mismatch, certificate is not valid for 'gamma-api.polymarket.com'. (_ssl.c:1032)")))
[warn] GET failed after retries: https://gamma-api.polymarket.com/markets params={'condition_ids': '0xff68b32e6543ae8b44ccb520604b6ea224a1bac071a186fb65f6f40949a758df'} err=HTTPSConnectionPool(host='gamma-api.polymarket.com', port=443): Max retries exceeded with url: /markets?condition_ids=0xff68b32e6543ae8b44ccb520604b6ea224a1bac071a186fb65f6f40949a758df (Caused by SSLError(SSLCertVerificationError(1, "[SSL: CERTIFICATE_VERIFY_FAILED] certificate verify failed: Hostname mismatch, certificate is not valid for 'gamma-api.polymarket.com'. (_ssl.c:1032)")))
[warn] GET failed after retries: https://gamma-api.polymarket.com/markets params={'condition_ids': '0x32e869cb0f7316273417ec79aa94c8a139f8c390ebff8a24150a18753d257f8e'} err=HTTPSConnectionPool(host='gamma-api.polymarket.com', port=443): Max retries exceeded with url: /markets?condition_ids=0x32e869cb0f7316273417ec79aa94c8a139f8c390ebff8a24150a18753d257f8e (Caused by SSLError(SSLCertVerificationError(1, "[SSL: CERTIFICATE_VERIFY_FAILED] certificate verify failed: Hostname mismatch, certificate is not valid for 'gamma-api.polymarket.com'. (_ssl.c:1032)")))
[warn] GET failed after retries: https://gamma-api.polymarket.com/markets params={'condition_ids': '0x4dc5c13eb9646b10da7d5f079f77ef2480ec5466861ce1cfbc910fabed3d7d0d'} err=HTTPSConnectionPool(host='gamma-api.polymarket.com', port=443): Max retries exceeded with url: /markets?condition_ids=0x4dc5c13eb9646b10da7d5f079f77ef2480ec5466861ce1cfbc910fabed3d7d0d (Caused by SSLError(SSLCertVerificationError(1, "[SSL: CERTIFICATE_VERIFY_FAILED] certificate verify failed: Hostname mismatch, certificate is not valid for 'gamma-api.polymarket.com'. (_ssl.c:1032)")))
[warn] GET failed after retries: https://gamma-api.polymarket.com/markets params={'condition_ids': '0xca0329cd4392d91e39df0702949229573d2415ae4a37b0103d0c6e9d03b8dd44'} err=HTTPSConnectionPool(host='gamma-api.polymarket.com', port=443): Max retries exceeded with url: /markets?condition_ids=0xca0329cd4392d91e39df0702949229573d2415ae4a37b0103d0c6e9d03b8dd44 (Caused by SSLError(SSLCertVerificationError(1, "[SSL: CERTIFICATE_VERIFY_FAILED] certificate verify failed: Hostname mismatch, certificate is not valid for 'gamma-api.polymarket.com'. (_ssl.c:1032)")))
[warn] GET failed after retries: https://gamma-api.polymarket.com/markets params={'condition_ids': '0x1a01bf78f56a507fcb666d564d8c8b91b0750679163ed6e96746102c9b7d285d'} err=HTTPSConnectionPool(host='gamma-api.polymarket.com', port=443): Max retries exceeded with url: /markets?condition_ids=0x1a01bf78f56a507fcb666d564d8c8b91b0750679163ed6e96746102c9b7d285d (Caused by SSLError(SSLCertVerificationError(1, "[SSL: CERTIFICATE_VERIFY_FAILED] certificate verify failed: Hostname mismatch, certificate is not valid for 'gamma-api.polymarket.com'. (_ssl.c:1032)")))
[warn] GET failed after retries: https://gamma-api.polymarket.com/markets params={'condition_ids': '0xb8e6d129a06d0ccb21d7b32eb529ea455eddba3cf29bfa097112202cbdf5bf21'} err=HTTPSConnectionPool(host='gamma-api.polymarket.com', port=443): Max retries exceeded with url: /markets?condition_ids=0xb8e6d129a06d0ccb21d7b32eb529ea455eddba3cf29bfa097112202cbdf5bf21 (Caused by SSLError(SSLCertVerificationError(1, "[SSL: CERTIFICATE_VERIFY_FAILED] certificate verify failed: Hostname mismatch, certificate is not valid for 'gamma-api.polymarket.com'. (_ssl.c:1032)")))
[warn] GET failed after retries: https://gamma-api.polymarket.com/markets params={'condition_ids': '0xc5eae79d1ffe716572353962eb926b1e3964c500a4880a7a94f58408218ee76b'} err=HTTPSConnectionPool(host='gamma-api.polymarket.com', port=443): Max retries exceeded with url: /markets?condition_ids=0xc5eae79d1ffe716572353962eb926b1e3964c500a4880a7a94f58408218ee76b (Caused by SSLError(SSLCertVerificationError(1, "[SSL: CERTIFICATE_VERIFY_FAILED] certificate verify failed: Hostname mismatch, certificate is not valid for 'gamma-api.polymarket.com'. (_ssl.c:1032)")))
[warn] GET failed after retries: https://gamma-api.polymarket.com/markets params={'condition_ids': '0x024b68f77bfc019341ee3db8f57c103334e4b9430bba4746d8c94aafd8b36fee'} err=HTTPSConnectionPool(host='gamma-api.polymarket.com', port=443): Max retries exceeded with url: /markets?condition_ids=0x024b68f77bfc019341ee3db8f57c103334e4b9430bba4746d8c94aafd8b36fee (Caused by SSLError(SSLCertVerificationError(1, "[SSL: CERTIFICATE_VERIFY_FAILED] certificate verify failed: Hostname mismatch, certificate is not valid for 'gamma-api.polymarket.com'. (_ssl.c:1032)")))
[warn] GET failed after retries: https://gamma-api.polymarket.com/markets params={'condition_ids': '0x752fa61c93f16c4b15e85b0bd438d9c684176b0ea7b319a84c8aca34616e8a8c'} err=HTTPSConnectionPool(host='gamma-api.polymarket.com', port=443): Max retries exceeded with url: /markets?condition_ids=0x752fa61c93f16c4b15e85b0bd438d9c684176b0ea7b319a84c8aca34616e8a8c (Caused by SSLError(SSLCertVerificationError(1, "[SSL: CERTIFICATE_VERIFY_FAILED] certificate verify failed: Hostname mismatch, certificate is not valid for 'gamma-api.polymarket.com'. (_ssl.c:1032)")))
[warn] GET failed after retries: https://gamma-api.polymarket.com/markets params={'condition_ids': '0xce3c54c3e773e8b3bf73e4c12af93205b21195d03b9c386e22f274b9acfc2c56'} err=HTTPSConnectionPool(host='gamma-api.polymarket.com', port=443): Max retries exceeded with url: /markets?condition_ids=0xce3c54c3e773e8b3bf73e4c12af93205b21195d03b9c386e22f274b9acfc2c56 (Caused by SSLError(SSLCertVerificationError(1, "[SSL: CERTIFICATE_VERIFY_FAILED] certificate verify failed: Hostname mismatch, certificate is not valid for 'gamma-api.polymarket.com'. (_ssl.c:1032)")))
[warn] GET failed after retries: https://gamma-api.polymarket.com/markets params={'condition_ids': '0xdaa4866bae18be58c5a79d2aeeffd035ec78f1bb49dbd88f72993997778a990f'} err=HTTPSConnectionPool(host='gamma-api.polymarket.com', port=443): Max retries exceeded with url: /markets?condition_ids=0xdaa4866bae18be58c5a79d2aeeffd035ec78f1bb49dbd88f72993997778a990f (Caused by SSLError(SSLCertVerificationError(1, "[SSL: CERTIFICATE_VERIFY_FAILED] certificate verify failed: Hostname mismatch, certificate is not valid for 'gamma-api.polymarket.com'. (_ssl.c:1032)")))
[warn] GET failed after retries: https://gamma-api.polymarket.com/markets params={'condition_ids': '0xd5d9fc47718bd553592d126b1fa5e87183d27f3936975b0c04cc0f2dec1f1bb4'} err=HTTPSConnectionPool(host='gamma-api.polymarket.com', port=443): Max retries exceeded with url: /markets?condition_ids=0xd5d9fc47718bd553592d126b1fa5e87183d27f3936975b0c04cc0f2dec1f1bb4 (Caused by SSLError(SSLCertVerificationError(1, "[SSL: CERTIFICATE_VERIFY_FAILED] certificate verify failed: Hostname mismatch, certificate is not valid for 'gamma-api.polymarket.com'. (_ssl.c:1032)")))
[warn] GET failed after retries: https://gamma-api.polymarket.com/markets params={'condition_ids': '0x4567b275e6b667a6217f5cb4f06a797d3a1eaf1d0281fb5bc8c75e2046ae7e57'} err=HTTPSConnectionPool(host='gamma-api.polymarket.com', port=443): Max retries exceeded with url: /markets?condition_ids=0x4567b275e6b667a6217f5cb4f06a797d3a1eaf1d0281fb5bc8c75e2046ae7e57 (Caused by SSLError(SSLCertVerificationError(1, "[SSL: CERTIFICATE_VERIFY_FAILED] certificate verify failed: Hostname mismatch, certificate is not valid for 'gamma-api.polymarket.com'. (_ssl.c:1032)")))
[warn] GET failed after retries: https://gamma-api.polymarket.com/markets params={'condition_ids': '0xccd02457c87dc4d3d5a1e6d5ec71bdd21f3ef922b61e326f270d6ff0382a7eec'} err=HTTPSConnectionPool(host='gamma-api.polymarket.com', port=443): Max retries exceeded with url: /markets?condition_ids=0xccd02457c87dc4d3d5a1e6d5ec71bdd21f3ef922b61e326f270d6ff0382a7eec (Caused by SSLError(SSLCertVerificationError(1, "[SSL: CERTIFICATE_VERIFY_FAILED] certificate verify failed: Hostname mismatch, certificate is not valid for 'gamma-api.polymarket.com'. (_ssl.c:1032)")))
[warn] GET failed after retries: https://gamma-api.polymarket.com/markets params={'condition_ids': '0x16c63b7cc37f012b9f59ee164ec03877914c701d06d48291ae8d6fc08a088b0d'} err=HTTPSConnectionPool(host='gamma-api.polymarket.com', port=443): Max retries exceeded with url: /markets?condition_ids=0x16c63b7cc37f012b9f59ee164ec03877914c701d06d48291ae8d6fc08a088b0d (Caused by SSLError(SSLCertVerificationError(1, "[SSL: CERTIFICATE_VERIFY_FAILED] certificate verify failed: Hostname mismatch, certificate is not valid for 'gamma-api.polymarket.com'. (_ssl.c:1032)")))
[warn] GET failed after retries: https://gamma-api.polymarket.com/markets params={'condition_ids': '0x502a94e5c525766d5ee7f16c6568131ba1b2cbadb69c703af05a6ef00336ed64'} err=HTTPSConnectionPool(host='gamma-api.polymarket.com', port=443): Max retries exceeded with url: /markets?condition_ids=0x502a94e5c525766d5ee7f16c6568131ba1b2cbadb69c703af05a6ef00336ed64 (Caused by SSLError(SSLCertVerificationError(1, "[SSL: CERTIFICATE_VERIFY_FAILED] certificate verify failed: Hostname mismatch, certificate is not valid for 'gamma-api.polymarket.com'. (_ssl.c:1032)")))
[warn] GET failed after retries: https://gamma-api.polymarket.com/markets params={'condition_ids': '0x2bf419aa66753cd95324dfe102ad2d0d5bdb0205cf52735a389134b78f2b2139'} err=HTTPSConnectionPool(host='gamma-api.polymarket.com', port=443): Max retries exceeded with url: /markets?condition_ids=0x2bf419aa66753cd95324dfe102ad2d0d5bdb0205cf52735a389134b78f2b2139 (Caused by SSLError(SSLCertVerificationError(1, "[SSL: CERTIFICATE_VERIFY_FAILED] certificate verify failed: Hostname mismatch, certificate is not valid for 'gamma-api.polymarket.com'. (_ssl.c:1032)")))
[warn] GET failed after retries: https://gamma-api.polymarket.com/markets params={'condition_ids': '0x4e4f77e7dbf4cab666e9a1943674d7ae66348e862df03ea6f44b11eb95731928'} err=HTTPSConnectionPool(host='gamma-api.polymarket.com', port=443): Max retries exceeded with url: /markets?condition_ids=0x4e4f77e7dbf4cab666e9a1943674d7ae66348e862df03ea6f44b11eb95731928 (Caused by SSLError(SSLCertVerificationError(1, "[SSL: CERTIFICATE_VERIFY_FAILED] certificate verify failed: Hostname mismatch, certificate is not valid for 'gamma-api.polymarket.com'. (_ssl.c:1032)")))
[warn] GET failed after retries: https://gamma-api.polymarket.com/markets params={'condition_ids': '0xcf25ccc8360f3952139fb5e3f14cb9bb0636cb53d0e30e947321ceccab7e9780'} err=HTTPSConnectionPool(host='gamma-api.polymarket.com', port=443): Max retries exceeded with url: /markets?condition_ids=0xcf25ccc8360f3952139fb5e3f14cb9bb0636cb53d0e30e947321ceccab7e9780 (Caused by SSLError(SSLCertVerificationError(1, "[SSL: CERTIFICATE_VERIFY_FAILED] certificate verify failed: Hostname mismatch, certificate is not valid for 'gamma-api.polymarket.com'. (_ssl.c:1032)")))
[warn] GET failed after retries: https://gamma-api.polymarket.com/markets params={'condition_ids': '0x80b3af88cb991980e8da1ce86b9794a0957f96ec98c29319dd7ba65e9744d82b'} err=HTTPSConnectionPool(host='gamma-api.polymarket.com', port=443): Max retries exceeded with url: /markets?condition_ids=0x80b3af88cb991980e8da1ce86b9794a0957f96ec98c29319dd7ba65e9744d82b (Caused by SSLError(SSLCertVerificationError(1, "[SSL: CERTIFICATE_VERIFY_FAILED] certificate verify failed: Hostname mismatch, certificate is not valid for 'gamma-api.polymarket.com'. (_ssl.c:1032)")))
[warn] GET failed after retries: https://gamma-api.polymarket.com/markets params={'condition_ids': '0xcf8482eb154c9e79b6b7ec3f698164448432494bc532037069bb1f5f8f3d140f'} err=HTTPSConnectionPool(host='gamma-api.polymarket.com', port=443): Max retries exceeded with url: /markets?condition_ids=0xcf8482eb154c9e79b6b7ec3f698164448432494bc532037069bb1f5f8f3d140f (Caused by SSLError(SSLCertVerificationError(1, "[SSL: CERTIFICATE_VERIFY_FAILED] certificate verify failed: Hostname mismatch, certificate is not valid for 'gamma-api.polymarket.com'. (_ssl.c:1032)")))
[warn] GET failed after retries: https://gamma-api.polymarket.com/markets params={'condition_ids': '0x13063378354efc19bd137751a04fb78e0a7b21dbc1636dcb028d52838f08ae11'} err=HTTPSConnectionPool(host='gamma-api.polymarket.com', port=443): Max retries exceeded with url: /markets?condition_ids=0x13063378354efc19bd137751a04fb78e0a7b21dbc1636dcb028d52838f08ae11 (Caused by SSLError(SSLCertVerificationError(1, "[SSL: CERTIFICATE_VERIFY_FAILED] certificate verify failed: Hostname mismatch, certificate is not valid for 'gamma-api.polymarket.com'. (_ssl.c:1032)")))
[warn] GET failed after retries: https://gamma-api.polymarket.com/markets params={'condition_ids': '0x24c61d77ad48518a1c3a865d65771c7c62526e633cd119d5dc8bc59ba8b6107d'} err=HTTPSConnectionPool(host='gamma-api.polymarket.com', port=443): Max retries exceeded with url: /markets?condition_ids=0x24c61d77ad48518a1c3a865d65771c7c62526e633cd119d5dc8bc59ba8b6107d (Caused by SSLError(SSLCertVerificationError(1, "[SSL: CERTIFICATE_VERIFY_FAILED] certificate verify failed: Hostname mismatch, certificate is not valid for 'gamma-api.polymarket.com'. (_ssl.c:1032)")))
[warn] GET failed after retries: https://gamma-api.polymarket.com/markets params={'condition_ids': '0x07cf19dc78b559bd9aef41b00839d9e5a5637a073e87eb0185ee417db4006447'} err=HTTPSConnectionPool(host='gamma-api.polymarket.com', port=443): Max retries exceeded with url: /markets?condition_ids=0x07cf19dc78b559bd9aef41b00839d9e5a5637a073e87eb0185ee417db4006447 (Caused by SSLError(SSLCertVerificationError(1, "[SSL: CERTIFICATE_VERIFY_FAILED] certificate verify failed: Hostname mismatch, certificate is not valid for 'gamma-api.polymarket.com'. (_ssl.c:1032)")))
[warn] GET failed after retries: https://gamma-api.polymarket.com/markets params={'condition_ids': '0x375409bc5eeeff961e82b479caeccc20f33d15738e5bce1186d628aa3d9dfb1f'} err=HTTPSConnectionPool(host='gamma-api.polymarket.com', port=443): Max retries exceeded with url: /markets?condition_ids=0x375409bc5eeeff961e82b479caeccc20f33d15738e5bce1186d628aa3d9dfb1f (Caused by SSLError(SSLCertVerificationError(1, "[SSL: CERTIFICATE_VERIFY_FAILED] certificate verify failed: Hostname mismatch, certificate is not valid for 'gamma-api.polymarket.com'. (_ssl.c:1032)")))
[warn] GET failed after retries: https://gamma-api.polymarket.com/markets params={'condition_ids': '0xbc0079f0872035a9eccf8920c3ceb807750685c25a5f5dcd8a8a235a34cd7bb0'} err=HTTPSConnectionPool(host='gamma-api.polymarket.com', port=443): Max retries exceeded with url: /markets?condition_ids=0xbc0079f0872035a9eccf8920c3ceb807750685c25a5f5dcd8a8a235a34cd7bb0 (Caused by SSLError(SSLCertVerificationError(1, "[SSL: CERTIFICATE_VERIFY_FAILED] certificate verify failed: Hostname mismatch, certificate is not valid for 'gamma-api.polymarket.com'. (_ssl.c:1032)")))
[warn] GET failed after retries: https://gamma-api.polymarket.com/markets params={'condition_ids': '0x903a1387e6414be5529efc8f7757e30371e6698de9d68fa4ce33252009db69ef'} err=HTTPSConnectionPool(host='gamma-api.polymarket.com', port=443): Max retries exceeded with url: /markets?condition_ids=0x903a1387e6414be5529efc8f7757e30371e6698de9d68fa4ce33252009db69ef (Caused by SSLError(SSLCertVerificationError(1, "[SSL: CERTIFICATE_VERIFY_FAILED] certificate verify failed: Hostname mismatch, certificate is not valid for 'gamma-api.polymarket.com'. (_ssl.c:1032)")))
[warn] GET failed after retries: https://gamma-api.polymarket.com/markets params={'condition_ids': '0x43c2a58c4c9d57017bd20fbaf8248920c3a50dcad5981aeb5f8fcf3e6edffb9f'} err=HTTPSConnectionPool(host='gamma-api.polymarket.com', port=443): Max retries exceeded with url: /markets?condition_ids=0x43c2a58c4c9d57017bd20fbaf8248920c3a50dcad5981aeb5f8fcf3e6edffb9f (Caused by SSLError(SSLCertVerificationError(1, "[SSL: CERTIFICATE_VERIFY_FAILED] certificate verify failed: Hostname mismatch, certificate is not valid for 'gamma-api.polymarket.com'. (_ssl.c:1032)")))
[warn] GET failed after retries: https://gamma-api.polymarket.com/markets params={'condition_ids': '0x4b84a8e08cb3376c9e5be5cc5a37f7073de05cdf0810d2ad3fe745c4760ef3e0'} err=HTTPSConnectionPool(host='gamma-api.polymarket.com', port=443): Max retries exceeded with url: /markets?condition_ids=0x4b84a8e08cb3376c9e5be5cc5a37f7073de05cdf0810d2ad3fe745c4760ef3e0 (Caused by SSLError(SSLCertVerificationError(1, "[SSL: CERTIFICATE_VERIFY_FAILED] certificate verify failed: Hostname mismatch, certificate is not valid for 'gamma-api.polymarket.com'. (_ssl.c:1032)")))
[warn] GET failed after retries: https://gamma-api.polymarket.com/markets params={'condition_ids': '0x00a98be91394689188f2979411d033b64ac94e86fd64c8cdec0e47a44b2b5f2a'} err=HTTPSConnectionPool(host='gamma-api.polymarket.com', port=443): Max retries exceeded with url: /markets?condition_ids=0x00a98be91394689188f2979411d033b64ac94e86fd64c8cdec0e47a44b2b5f2a (Caused by SSLError(SSLCertVerificationError(1, "[SSL: CERTIFICATE_VERIFY_FAILED] certificate verify failed: Hostname mismatch, certificate is not valid for 'gamma-api.polymarket.com'. (_ssl.c:1032)")))
[warn] GET failed after retries: https://gamma-api.polymarket.com/markets params={'condition_ids': '0x5a65916bffaf64914bdbfededab08b150d85648b53d1f6d03582cce3bd07b9c2'} err=HTTPSConnectionPool(host='gamma-api.polymarket.com', port=443): Max retries exceeded with url: /markets?condition_ids=0x5a65916bffaf64914bdbfededab08b150d85648b53d1f6d03582cce3bd07b9c2 (Caused by SSLError(SSLCertVerificationError(1, "[SSL: CERTIFICATE_VERIFY_FAILED] certificate verify failed: Hostname mismatch, certificate is not valid for 'gamma-api.polymarket.com'. (_ssl.c:1032)")))
[warn] GET failed after retries: https://gamma-api.polymarket.com/markets params={'condition_ids': '0xbe76d109a293ab750050261d7fa2ec77f17df9603e99f31973b07442baa8b273'} err=HTTPSConnectionPool(host='gamma-api.polymarket.com', port=443): Max retries exceeded with url: /markets?condition_ids=0xbe76d109a293ab750050261d7fa2ec77f17df9603e99f31973b07442baa8b273 (Caused by SSLError(SSLCertVerificationError(1, "[SSL: CERTIFICATE_VERIFY_FAILED] certificate verify failed: Hostname mismatch, certificate is not valid for 'gamma-api.polymarket.com'. (_ssl.c:1032)")))
[warn] GET failed after retries: https://gamma-api.polymarket.com/markets params={'condition_ids': '0x644a285bd58c399ab9c9fe8a6dcb35bc9d598d6ac4601b7c416019635f047e9e'} err=HTTPSConnectionPool(host='gamma-api.polymarket.com', port=443): Max retries exceeded with url: /markets?condition_ids=0x644a285bd58c399ab9c9fe8a6dcb35bc9d598d6ac4601b7c416019635f047e9e (Caused by SSLError(SSLCertVerificationError(1, "[SSL: CERTIFICATE_VERIFY_FAILED] certificate verify failed: Hostname mismatch, certificate is not valid for 'gamma-api.polymarket.com'. (_ssl.c:1032)")))
[warn] GET failed after retries: https://gamma-api.polymarket.com/markets params={'condition_ids': '0x508af22a38ad600b6b7526970e26be280e4183731954b575320050735d991fa8'} err=HTTPSConnectionPool(host='gamma-api.polymarket.com', port=443): Max retries exceeded with url: /markets?condition_ids=0x508af22a38ad600b6b7526970e26be280e4183731954b575320050735d991fa8 (Caused by SSLError(SSLCertVerificationError(1, "[SSL: CERTIFICATE_VERIFY_FAILED] certificate verify failed: Hostname mismatch, certificate is not valid for 'gamma-api.polymarket.com'. (_ssl.c:1032)")))
[warn] GET failed after retries: https://gamma-api.polymarket.com/markets params={'condition_ids': '0x0f5e01cf1cabb6c49e424f230ca77a2ccd3e1ac63b31ae03ef749ac2bde7fa0e'} err=HTTPSConnectionPool(host='gamma-api.polymarket.com', port=443): Max retries exceeded with url: /markets?condition_ids=0x0f5e01cf1cabb6c49e424f230ca77a2ccd3e1ac63b31ae03ef749ac2bde7fa0e (Caused by SSLError(SSLCertVerificationError(1, "[SSL: CERTIFICATE_VERIFY_FAILED] certificate verify failed: Hostname mismatch, certificate is not valid for 'gamma-api.polymarket.com'. (_ssl.c:1032)")))
[warn] GET failed after retries: https://gamma-api.polymarket.com/markets params={'condition_ids': '0xce879a93a2ec2e37b5da3ed2fb3d7d6e703256afa838ac193de14329bb8a8568'} err=HTTPSConnectionPool(host='gamma-api.polymarket.com', port=443): Max retries exceeded with url: /markets?condition_ids=0xce879a93a2ec2e37b5da3ed2fb3d7d6e703256afa838ac193de14329bb8a8568 (Caused by SSLError(SSLCertVerificationError(1, "[SSL: CERTIFICATE_VERIFY_FAILED] certificate verify failed: Hostname mismatch, certificate is not valid for 'gamma-api.polymarket.com'. (_ssl.c:1032)")))
[warn] GET failed after retries: https://gamma-api.polymarket.com/markets params={'condition_ids': '0xc0aed6d5d893988b4bef5a8242435bbc7c3b45b1e438bcffc9e9bf71d173ae46'} err=HTTPSConnectionPool(host='gamma-api.polymarket.com', port=443): Max retries exceeded with url: /markets?condition_ids=0xc0aed6d5d893988b4bef5a8242435bbc7c3b45b1e438bcffc9e9bf71d173ae46 (Caused by SSLError(SSLCertVerificationError(1, "[SSL: CERTIFICATE_VERIFY_FAILED] certificate verify failed: Hostname mismatch, certificate is not valid for 'gamma-api.polymarket.com'. (_ssl.c:1032)")))
[warn] GET failed after retries: https://gamma-api.polymarket.com/markets params={'condition_ids': '0xdbbbbd6ea71cad296d859aa629497400402ab253a51350bddd5d761dbbad1460'} err=HTTPSConnectionPool(host='gamma-api.polymarket.com', port=443): Max retries exceeded with url: /markets?condition_ids=0xdbbbbd6ea71cad296d859aa629497400402ab253a51350bddd5d761dbbad1460 (Caused by SSLError(SSLCertVerificationError(1, "[SSL: CERTIFICATE_VERIFY_FAILED] certificate verify failed: Hostname mismatch, certificate is not valid for 'gamma-api.polymarket.com'. (_ssl.c:1032)")))
[warn] GET failed after retries: https://gamma-api.polymarket.com/markets params={'condition_ids': '0xb7abfb57c5e753d61b3f938893096c07b047b6d42c16ee92b6e3b371919288b0'} err=HTTPSConnectionPool(host='gamma-api.polymarket.com', port=443): Max retries exceeded with url: /markets?condition_ids=0xb7abfb57c5e753d61b3f938893096c07b047b6d42c16ee92b6e3b371919288b0 (Caused by SSLError(SSLCertVerificationError(1, "[SSL: CERTIFICATE_VERIFY_FAILED] certificate verify failed: Hostname mismatch, certificate is not valid for 'gamma-api.polymarket.com'. (_ssl.c:1032)")))
[warn] GET failed after retries: https://gamma-api.polymarket.com/markets params={'condition_ids': '0x2f2928298f0b27749912d7a89fa39abda0c21e732724e6cfbb423e09aec8d420'} err=HTTPSConnectionPool(host='gamma-api.polymarket.com', port=443): Max retries exceeded with url: /markets?condition_ids=0x2f2928298f0b27749912d7a89fa39abda0c21e732724e6cfbb423e09aec8d420 (Caused by SSLError(SSLCertVerificationError(1, "[SSL: CERTIFICATE_VERIFY_FAILED] certificate verify failed: Hostname mismatch, certificate is not valid for 'gamma-api.polymarket.com'. (_ssl.c:1032)")))
[warn] GET failed after retries: https://gamma-api.polymarket.com/markets params={'condition_ids': '0x5cf1e28bbfee9ba6342813129b8544ee17ee9b6ecea1d3dc20795fe132e396ab'} err=HTTPSConnectionPool(host='gamma-api.polymarket.com', port=443): Max retries exceeded with url: /markets?condition_ids=0x5cf1e28bbfee9ba6342813129b8544ee17ee9b6ecea1d3dc20795fe132e396ab (Caused by SSLError(SSLCertVerificationError(1, "[SSL: CERTIFICATE_VERIFY_FAILED] certificate verify failed: Hostname mismatch, certificate is not valid for 'gamma-api.polymarket.com'. (_ssl.c:1032)")))
[warn] GET failed after retries: https://gamma-api.polymarket.com/markets params={'condition_ids': '0xe5522d598794604abed0c7c95a2b1c4b86337105574cdeeaacea5cca91f2c922'} err=HTTPSConnectionPool(host='gamma-api.polymarket.com', port=443): Max retries exceeded with url: /markets?condition_ids=0xe5522d598794604abed0c7c95a2b1c4b86337105574cdeeaacea5cca91f2c922 (Caused by SSLError(SSLCertVerificationError(1, "[SSL: CERTIFICATE_VERIFY_FAILED] certificate verify failed: Hostname mismatch, certificate is not valid for 'gamma-api.polymarket.com'. (_ssl.c:1032)")))
[warn] GET failed after retries: https://gamma-api.polymarket.com/markets params={'condition_ids': '0x191b1bc8f411f34678ba2aacb279b0a3fc1c5c1f6cc5432cd5d5e36aa433d514'} err=HTTPSConnectionPool(host='gamma-api.polymarket.com', port=443): Max retries exceeded with url: /markets?condition_ids=0x191b1bc8f411f34678ba2aacb279b0a3fc1c5c1f6cc5432cd5d5e36aa433d514 (Caused by SSLError(SSLCertVerificationError(1, "[SSL: CERTIFICATE_VERIFY_FAILED] certificate verify failed: Hostname mismatch, certificate is not valid for 'gamma-api.polymarket.com'. (_ssl.c:1032)")))
[warn] GET failed after retries: https://gamma-api.polymarket.com/markets params={'condition_ids': '0x136f4e242faeb42f66fa6baf4c192fbfa0b5788ed47a2bf1a3d3a2051b87715a'} err=HTTPSConnectionPool(host='gamma-api.polymarket.com', port=443): Max retries exceeded with url: /markets?condition_ids=0x136f4e242faeb42f66fa6baf4c192fbfa0b5788ed47a2bf1a3d3a2051b87715a (Caused by SSLError(SSLCertVerificationError(1, "[SSL: CERTIFICATE_VERIFY_FAILED] certificate verify failed: Hostname mismatch, certificate is not valid for 'gamma-api.polymarket.com'. (_ssl.c:1032)")))
[warn] GET failed after retries: https://gamma-api.polymarket.com/markets params={'condition_ids': '0x1e5564c1a2a6839cc2780a889437c63786a2c2ec5e95569b710ee659a3e8baa2'} err=HTTPSConnectionPool(host='gamma-api.polymarket.com', port=443): Max retries exceeded with url: /markets?condition_ids=0x1e5564c1a2a6839cc2780a889437c63786a2c2ec5e95569b710ee659a3e8baa2 (Caused by SSLError(SSLCertVerificationError(1, "[SSL: CERTIFICATE_VERIFY_FAILED] certificate verify failed: Hostname mismatch, certificate is not valid for 'gamma-api.polymarket.com'. (_ssl.c:1032)")))
[warn] GET failed after retries: https://gamma-api.polymarket.com/markets params={'condition_ids': '0x0891e4792a016a079765dd25029639cd731f7dc0bde3d65d6002b2b19dae2777'} err=HTTPSConnectionPool(host='gamma-api.polymarket.com', port=443): Max retries exceeded with url: /markets?condition_ids=0x0891e4792a016a079765dd25029639cd731f7dc0bde3d65d6002b2b19dae2777 (Caused by SSLError(SSLCertVerificationError(1, "[SSL: CERTIFICATE_VERIFY_FAILED] certificate verify failed: Hostname mismatch, certificate is not valid for 'gamma-api.polymarket.com'. (_ssl.c:1032)")))
[warn] GET failed after retries: https://gamma-api.polymarket.com/markets params={'condition_ids': '0x528663818f8f40350e20d63acd3dbae9955ddbdd03860019a752c699aa6e5f31'} err=HTTPSConnectionPool(host='gamma-api.polymarket.com', port=443): Max retries exceeded with url: /markets?condition_ids=0x528663818f8f40350e20d63acd3dbae9955ddbdd03860019a752c699aa6e5f31 (Caused by SSLError(SSLCertVerificationError(1, "[SSL: CERTIFICATE_VERIFY_FAILED] certificate verify failed: Hostname mismatch, certificate is not valid for 'gamma-api.polymarket.com'. (_ssl.c:1032)")))
[warn] GET failed after retries: https://gamma-api.polymarket.com/markets params={'condition_ids': '0xd5986eab83b310f42619111912d385f5cfdd8fb39c5dec43758ae2046b86aee4'} err=HTTPSConnectionPool(host='gamma-api.polymarket.com', port=443): Max retries exceeded with url: /markets?condition_ids=0xd5986eab83b310f42619111912d385f5cfdd8fb39c5dec43758ae2046b86aee4 (Caused by SSLError(SSLCertVerificationError(1, "[SSL: CERTIFICATE_VERIFY_FAILED] certificate verify failed: Hostname mismatch, certificate is not valid for 'gamma-api.polymarket.com'. (_ssl.c:1032)")))
[warn] GET failed after retries: https://gamma-api.polymarket.com/markets params={'condition_ids': '0x7b4ddec43a52faf68d507924e88d5cfa4b7c88ff3925410528a0541ae9d17129'} err=HTTPSConnectionPool(host='gamma-api.polymarket.com', port=443): Max retries exceeded with url: /markets?condition_ids=0x7b4ddec43a52faf68d507924e88d5cfa4b7c88ff3925410528a0541ae9d17129 (Caused by SSLError(SSLCertVerificationError(1, "[SSL: CERTIFICATE_VERIFY_FAILED] certificate verify failed: Hostname mismatch, certificate is not valid for 'gamma-api.polymarket.com'. (_ssl.c:1032)")))
[warn] GET failed after retries: https://gamma-api.polymarket.com/markets params={'condition_ids': '0x328583376667b725cc6848dc9b61b205579b1314ecdb4334ea245aec270d2c66'} err=HTTPSConnectionPool(host='gamma-api.polymarket.com', port=443): Max retries exceeded with url: /markets?condition_ids=0x328583376667b725cc6848dc9b61b205579b1314ecdb4334ea245aec270d2c66 (Caused by SSLError(SSLCertVerificationError(1, "[SSL: CERTIFICATE_VERIFY_FAILED] certificate verify failed: Hostname mismatch, certificate is not valid for 'gamma-api.polymarket.com'. (_ssl.c:1032)")))
[report] valid-resolved=1 (5 sub-48h excluded)  hit_rate=1.000  avg_entry_price=0.865  median_ret=+0.156
[report] 29 more valid resolved trades needed before verdict
[cycle] +0 entries, 0 closed, 60 still open
=== paper_trader 2026-07-14 (frozen strategy v1.1) ===
[scan] reading current positions of 116 roster traders...
[warn] GET failed after retries: https://data-api.polymarket.com/positions params={'user': '0x204f72f35326db932158cba6adff0b9a1da95e14', 'limit': 500, 'sizeThreshold': 1} err=HTTPSConnectionPool(host='data-api.polymarket.com', port=443): Max retries exceeded with url: /positions?user=0x204f72f35326db932158cba6adff0b9a1da95e14&limit=500&sizeThreshold=1 (Caused by SSLError(SSLCertVerificationError(1, "[SSL: CERTIFICATE_VERIFY_FAILED] certificate verify failed: Hostname mismatch, certificate is not valid for 'data-api.polymarket.com'. (_ssl.c:1032)")))
[warn] GET failed after retries: https://data-api.polymarket.com/positions params={'user': '0x1f2dd6d473f3e824cd2f8a89d9c69fb96f6ad0cf', 'limit': 500, 'sizeThreshold': 1} err=HTTPSConnectionPool(host='data-api.polymarket.com', port=443): Max retries exceeded with url: /positions?user=0x1f2dd6d473f3e824cd2f8a89d9c69fb96f6ad0cf&limit=500&sizeThreshold=1 (Caused by SSLError(SSLCertVerificationError(1, "[SSL: CERTIFICATE_VERIFY_FAILED] certificate verify failed: Hostname mismatch, certificate is not valid for 'data-api.polymarket.com'. (_ssl.c:1032)")))
[warn] GET failed after retries: https://data-api.polymarket.com/positions params={'user': '0x2c335066fe58fe9237c3d3dc7b275c2a034a0563', 'limit': 500, 'sizeThreshold': 1} err=HTTPSConnectionPool(host='data-api.polymarket.com', port=443): Max retries exceeded with url: /positions?user=0x2c335066fe58fe9237c3d3dc7b275c2a034a0563&limit=500&sizeThreshold=1 (Caused by SSLError(SSLCertVerificationError(1, "[SSL: CERTIFICATE_VERIFY_FAILED] certificate verify failed: Hostname mismatch, certificate is not valid for 'data-api.polymarket.com'. (_ssl.c:1032)")))
[warn] GET failed after retries: https://data-api.polymarket.com/positions params={'user': '0xdc876e6873772d38716fda7f2452a78d426d7ab6', 'limit': 500, 'sizeThreshold': 1} err=HTTPSConnectionPool(host='data-api.polymarket.com', port=443): Max retries exceeded with url: /positions?user=0xdc876e6873772d38716fda7f2452a78d426d7ab6&limit=500&sizeThreshold=1 (Caused by SSLError(SSLCertVerificationError(1, "[SSL: CERTIFICATE_VERIFY_FAILED] certificate verify failed: Hostname mismatch, certificate is not valid for 'data-api.polymarket.com'. (_ssl.c:1032)")))
[warn] GET failed after retries: https://data-api.polymarket.com/positions params={'user': '0x507e52ef684ca2dd91f90a9d26d149dd3288beae', 'limit': 500, 'sizeThreshold': 1} err=HTTPSConnectionPool(host='data-api.polymarket.com', port=443): Max retries exceeded with url: /positions?user=0x507e52ef684ca2dd91f90a9d26d149dd3288beae&limit=500&sizeThreshold=1 (Caused by NameResolutionError("<urllib3.connection.HTTPSConnection object at 0x10666b250>: Failed to resolve 'data-api.polymarket.com' ([Errno 8] nodename nor servname provided, or not known)"))
[warn] GET failed after retries: https://data-api.polymarket.com/positions params={'user': '0x2a2c53bd278c04da9962fcf96490e17f3dfb9bc1', 'limit': 500, 'sizeThreshold': 1} err=HTTPSConnectionPool(host='data-api.polymarket.com', port=443): Max retries exceeded with url: /positions?user=0x2a2c53bd278c04da9962fcf96490e17f3dfb9bc1&limit=500&sizeThreshold=1 (Caused by SSLError(SSLCertVerificationError(1, "[SSL: CERTIFICATE_VERIFY_FAILED] certificate verify failed: Hostname mismatch, certificate is not valid for 'data-api.polymarket.com'. (_ssl.c:1032)")))
[warn] GET failed after retries: https://data-api.polymarket.com/positions params={'user': '0xdb27bf2ac5d428a9c63dbc914611036855a6c56e', 'limit': 500, 'sizeThreshold': 1} err=HTTPSConnectionPool(host='data-api.polymarket.com', port=443): Max retries exceeded with url: /positions?user=0xdb27bf2ac5d428a9c63dbc914611036855a6c56e&limit=500&sizeThreshold=1 (Caused by SSLError(SSLCertVerificationError(1, "[SSL: CERTIFICATE_VERIFY_FAILED] certificate verify failed: Hostname mismatch, certificate is not valid for 'data-api.polymarket.com'. (_ssl.c:1032)")))
[warn] GET failed after retries: https://data-api.polymarket.com/positions params={'user': '0x16b29c50f2439faf627209b2ac0c7bbddaa8a881', 'limit': 500, 'sizeThreshold': 1} err=HTTPSConnectionPool(host='data-api.polymarket.com', port=443): Max retries exceeded with url: /positions?user=0x16b29c50f2439faf627209b2ac0c7bbddaa8a881&limit=500&sizeThreshold=1 (Caused by SSLError(SSLCertVerificationError(1, "[SSL: CERTIFICATE_VERIFY_FAILED] certificate verify failed: Hostname mismatch, certificate is not valid for 'data-api.polymarket.com'. (_ssl.c:1032)")))
[warn] GET failed after retries: https://data-api.polymarket.com/positions params={'user': '0x9d84ce0306f8551e02efef1680475fc0f1dc1344', 'limit': 500, 'sizeThreshold': 1} err=HTTPSConnectionPool(host='data-api.polymarket.com', port=443): Max retries exceeded with url: /positions?user=0x9d84ce0306f8551e02efef1680475fc0f1dc1344&limit=500&sizeThreshold=1 (Caused by SSLError(SSLCertVerificationError(1, "[SSL: CERTIFICATE_VERIFY_FAILED] certificate verify failed: Hostname mismatch, certificate is not valid for 'data-api.polymarket.com'. (_ssl.c:1032)")))
[warn] GET failed after retries: https://data-api.polymarket.com/positions params={'user': '0x17db3fcd93ba12d38382a0cade24b200185c5f6d', 'limit': 500, 'sizeThreshold': 1} err=HTTPSConnectionPool(host='data-api.polymarket.com', port=443): Max retries exceeded with url: /positions?user=0x17db3fcd93ba12d38382a0cade24b200185c5f6d&limit=500&sizeThreshold=1 (Caused by SSLError(SSLCertVerificationError(1, "[SSL: CERTIFICATE_VERIFY_FAILED] certificate verify failed: Hostname mismatch, certificate is not valid for 'data-api.polymarket.com'. (_ssl.c:1032)")))
[warn] GET failed after retries: https://data-api.polymarket.com/positions params={'user': '0x5966db1fe50763c9e3c014d756369bad07e1f804', 'limit': 500, 'sizeThreshold': 1} err=HTTPSConnectionPool(host='data-api.polymarket.com', port=443): Max retries exceeded with url: /positions?user=0x5966db1fe50763c9e3c014d756369bad07e1f804&limit=500&sizeThreshold=1 (Caused by SSLError(SSLCertVerificationError(1, "[SSL: CERTIFICATE_VERIFY_FAILED] certificate verify failed: Hostname mismatch, certificate is not valid for 'data-api.polymarket.com'. (_ssl.c:1032)")))
[warn] GET failed after retries: https://data-api.polymarket.com/positions params={'user': '0x9495425feeb0c250accb89275c97587011b19a27', 'limit': 500, 'sizeThreshold': 1} err=HTTPSConnectionPool(host='data-api.polymarket.com', port=443): Max retries exceeded with url: /positions?user=0x9495425feeb0c250accb89275c97587011b19a27&limit=500&sizeThreshold=1 (Caused by SSLError(SSLCertVerificationError(1, "[SSL: CERTIFICATE_VERIFY_FAILED] certificate verify failed: Hostname mismatch, certificate is not valid for 'data-api.polymarket.com'. (_ssl.c:1032)")))
[warn] GET failed after retries: https://data-api.polymarket.com/positions params={'user': '0xd38b71f3e8ed1af71983e5c309eac3dfa9b35029', 'limit': 500, 'sizeThreshold': 1} err=HTTPSConnectionPool(host='data-api.polymarket.com', port=443): Max retries exceeded with url: /positions?user=0xd38b71f3e8ed1af71983e5c309eac3dfa9b35029&limit=500&sizeThreshold=1 (Caused by SSLError(SSLCertVerificationError(1, "[SSL: CERTIFICATE_VERIFY_FAILED] certificate verify failed: Hostname mismatch, certificate is not valid for 'data-api.polymarket.com'. (_ssl.c:1032)")))
[warn] GET failed after retries: https://data-api.polymarket.com/positions params={'user': '0x343d4466dc323b850e5249394894c7381d91456e', 'limit': 500, 'sizeThreshold': 1} err=HTTPSConnectionPool(host='data-api.polymarket.com', port=443): Max retries exceeded with url: /positions?user=0x343d4466dc323b850e5249394894c7381d91456e&limit=500&sizeThreshold=1 (Caused by SSLError(SSLCertVerificationError(1, "[SSL: CERTIFICATE_VERIFY_FAILED] certificate verify failed: Hostname mismatch, certificate is not valid for 'data-api.polymarket.com'. (_ssl.c:1032)")))
[warn] GET failed after retries: https://data-api.polymarket.com/positions params={'user': '0x44c1dfe43260c94ed4f1d00de2e1f80fb113ebc1', 'limit': 500, 'sizeThreshold': 1} err=HTTPSConnectionPool(host='data-api.polymarket.com', port=443): Max retries exceeded with url: /positions?user=0x44c1dfe43260c94ed4f1d00de2e1f80fb113ebc1&limit=500&sizeThreshold=1 (Caused by SSLError(SSLCertVerificationError(1, "[SSL: CERTIFICATE_VERIFY_FAILED] certificate verify failed: Hostname mismatch, certificate is not valid for 'data-api.polymarket.com'. (_ssl.c:1032)")))
[warn] GET failed after retries: https://data-api.polymarket.com/positions params={'user': '0xbaa2bcb5439e985ce4ccf815b4700027d1b92c73', 'limit': 500, 'sizeThreshold': 1} err=HTTPSConnectionPool(host='data-api.polymarket.com', port=443): Max retries exceeded with url: /positions?user=0xbaa2bcb5439e985ce4ccf815b4700027d1b92c73&limit=500&sizeThreshold=1 (Caused by SSLError(SSLCertVerificationError(1, "[SSL: CERTIFICATE_VERIFY_FAILED] certificate verify failed: Hostname mismatch, certificate is not valid for 'data-api.polymarket.com'. (_ssl.c:1032)")))
[warn] GET failed after retries: https://data-api.polymarket.com/positions params={'user': '0xf0318c32136c2db7fec88b84869aee6a1106c80c', 'limit': 500, 'sizeThreshold': 1} err=HTTPSConnectionPool(host='data-api.polymarket.com', port=443): Max retries exceeded with url: /positions?user=0xf0318c32136c2db7fec88b84869aee6a1106c80c&limit=500&sizeThreshold=1 (Caused by SSLError(SSLCertVerificationError(1, "[SSL: CERTIFICATE_VERIFY_FAILED] certificate verify failed: Hostname mismatch, certificate is not valid for 'data-api.polymarket.com'. (_ssl.c:1032)")))
[warn] GET failed after retries: https://data-api.polymarket.com/positions params={'user': '0x7fb7ad0d194d7123e711e7db6c9d418fac14e33d', 'limit': 500, 'sizeThreshold': 1} err=HTTPSConnectionPool(host='data-api.polymarket.com', port=443): Max retries exceeded with url: /positions?user=0x7fb7ad0d194d7123e711e7db6c9d418fac14e33d&limit=500&sizeThreshold=1 (Caused by SSLError(SSLCertVerificationError(1, "[SSL: CERTIFICATE_VERIFY_FAILED] certificate verify failed: Hostname mismatch, certificate is not valid for 'data-api.polymarket.com'. (_ssl.c:1032)")))
[warn] GET failed after retries: https://data-api.polymarket.com/positions params={'user': '0xa9878e59934ab507f9039bcb917c1bae0451141d', 'limit': 500, 'sizeThreshold': 1} err=HTTPSConnectionPool(host='data-api.polymarket.com', port=443): Max retries exceeded with url: /positions?user=0xa9878e59934ab507f9039bcb917c1bae0451141d&limit=500&sizeThreshold=1 (Caused by SSLError(SSLCertVerificationError(1, "[SSL: CERTIFICATE_VERIFY_FAILED] certificate verify failed: Hostname mismatch, certificate is not valid for 'data-api.polymarket.com'. (_ssl.c:1032)")))
[warn] GET failed after retries: https://data-api.polymarket.com/positions params={'user': '0x0b9cae2b0dfe7a71c413e0604eaac1c352f87e44', 'limit': 500, 'sizeThreshold': 1} err=HTTPSConnectionPool(host='data-api.polymarket.com', port=443): Max retries exceeded with url: /positions?user=0x0b9cae2b0dfe7a71c413e0604eaac1c352f87e44&limit=500&sizeThreshold=1 (Caused by SSLError(SSLCertVerificationError(1, "[SSL: CERTIFICATE_VERIFY_FAILED] certificate verify failed: Hostname mismatch, certificate is not valid for 'data-api.polymarket.com'. (_ssl.c:1032)")))
    ...read 20/116 traders
[warn] GET failed after retries: https://data-api.polymarket.com/positions params={'user': '0x6db568e61e5e3de7d87f831431b673f38ce2e279', 'limit': 500, 'sizeThreshold': 1} err=HTTPSConnectionPool(host='data-api.polymarket.com', port=443): Max retries exceeded with url: /positions?user=0x6db568e61e5e3de7d87f831431b673f38ce2e279&limit=500&sizeThreshold=1 (Caused by SSLError(SSLCertVerificationError(1, "[SSL: CERTIFICATE_VERIFY_FAILED] certificate verify failed: Hostname mismatch, certificate is not valid for 'data-api.polymarket.com'. (_ssl.c:1032)")))
[warn] GET failed after retries: https://data-api.polymarket.com/positions params={'user': '0x0c0e270cf879583d6a0142fc817e05b768d0434e', 'limit': 500, 'sizeThreshold': 1} err=HTTPSConnectionPool(host='data-api.polymarket.com', port=443): Max retries exceeded with url: /positions?user=0x0c0e270cf879583d6a0142fc817e05b768d0434e&limit=500&sizeThreshold=1 (Caused by SSLError(SSLCertVerificationError(1, "[SSL: CERTIFICATE_VERIFY_FAILED] certificate verify failed: Hostname mismatch, certificate is not valid for 'data-api.polymarket.com'. (_ssl.c:1032)")))
[warn] GET failed after retries: https://data-api.polymarket.com/positions params={'user': '0x7c1ee865a785de4c00ee90ed86a38489fb8bbab3', 'limit': 500, 'sizeThreshold': 1} err=HTTPSConnectionPool(host='data-api.polymarket.com', port=443): Max retries exceeded with url: /positions?user=0x7c1ee865a785de4c00ee90ed86a38489fb8bbab3&limit=500&sizeThreshold=1 (Caused by SSLError(SSLCertVerificationError(1, "[SSL: CERTIFICATE_VERIFY_FAILED] certificate verify failed: Hostname mismatch, certificate is not valid for 'data-api.polymarket.com'. (_ssl.c:1032)")))
[warn] GET failed after retries: https://data-api.polymarket.com/positions params={'user': '0xed107a85a4585a381e48c7f7ca4144909e7dd2e5', 'limit': 500, 'sizeThreshold': 1} err=HTTPSConnectionPool(host='data-api.polymarket.com', port=443): Max retries exceeded with url: /positions?user=0xed107a85a4585a381e48c7f7ca4144909e7dd2e5&limit=500&sizeThreshold=1 (Caused by SSLError(SSLCertVerificationError(1, "[SSL: CERTIFICATE_VERIFY_FAILED] certificate verify failed: Hostname mismatch, certificate is not valid for 'data-api.polymarket.com'. (_ssl.c:1032)")))
[warn] GET failed after retries: https://data-api.polymarket.com/positions params={'user': '0x37c1874a60d348903594a96703e0507c518fc53a', 'limit': 500, 'sizeThreshold': 1} err=HTTPSConnectionPool(host='data-api.polymarket.com', port=443): Max retries exceeded with url: /positions?user=0x37c1874a60d348903594a96703e0507c518fc53a&limit=500&sizeThreshold=1 (Caused by SSLError(SSLCertVerificationError(1, "[SSL: CERTIFICATE_VERIFY_FAILED] certificate verify failed: Hostname mismatch, certificate is not valid for 'data-api.polymarket.com'. (_ssl.c:1032)")))
[warn] GET failed after retries: https://data-api.polymarket.com/positions params={'user': '0xcc500cbcc8b7cf5bd21975ebbea34f21b5644c82', 'limit': 500, 'sizeThreshold': 1} err=HTTPSConnectionPool(host='data-api.polymarket.com', port=443): Max retries exceeded with url: /positions?user=0xcc500cbcc8b7cf5bd21975ebbea34f21b5644c82&limit=500&sizeThreshold=1 (Caused by SSLError(SSLCertVerificationError(1, "[SSL: CERTIFICATE_VERIFY_FAILED] certificate verify failed: Hostname mismatch, certificate is not valid for 'data-api.polymarket.com'. (_ssl.c:1032)")))
[warn] GET failed after retries: https://data-api.polymarket.com/positions params={'user': '0x5c3a1a602848565bb16165fcd460b00c3d43020b', 'limit': 500, 'sizeThreshold': 1} err=HTTPSConnectionPool(host='data-api.polymarket.com', port=443): Max retries exceeded with url: /positions?user=0x5c3a1a602848565bb16165fcd460b00c3d43020b&limit=500&sizeThreshold=1 (Caused by SSLError(SSLCertVerificationError(1, "[SSL: CERTIFICATE_VERIFY_FAILED] certificate verify failed: Hostname mismatch, certificate is not valid for 'data-api.polymarket.com'. (_ssl.c:1032)")))
[warn] GET failed after retries: https://data-api.polymarket.com/positions params={'user': '0x212954857f5efc138748c33d032a93bf95974222', 'limit': 500, 'sizeThreshold': 1} err=HTTPSConnectionPool(host='data-api.polymarket.com', port=443): Max retries exceeded with url: /positions?user=0x212954857f5efc138748c33d032a93bf95974222&limit=500&sizeThreshold=1 (Caused by SSLError(SSLCertVerificationError(1, "[SSL: CERTIFICATE_VERIFY_FAILED] certificate verify failed: Hostname mismatch, certificate is not valid for 'data-api.polymarket.com'. (_ssl.c:1032)")))
[warn] GET failed after retries: https://data-api.polymarket.com/positions params={'user': '0x000d257d2dc7616feaef4ae0f14600fdf50a758e', 'limit': 500, 'sizeThreshold': 1} err=HTTPSConnectionPool(host='data-api.polymarket.com', port=443): Max retries exceeded with url: /positions?user=0x000d257d2dc7616feaef4ae0f14600fdf50a758e&limit=500&sizeThreshold=1 (Caused by SSLError(SSLCertVerificationError(1, "[SSL: CERTIFICATE_VERIFY_FAILED] certificate verify failed: Hostname mismatch, certificate is not valid for 'data-api.polymarket.com'. (_ssl.c:1032)")))
[warn] GET failed after retries: https://data-api.polymarket.com/positions params={'user': '0xb91aeb5accc33a5f9a8615b8ed6b2d352e913987', 'limit': 500, 'sizeThreshold': 1} err=HTTPSConnectionPool(host='data-api.polymarket.com', port=443): Max retries exceeded with url: /positions?user=0xb91aeb5accc33a5f9a8615b8ed6b2d352e913987&limit=500&sizeThreshold=1 (Caused by SSLError(SSLCertVerificationError(1, "[SSL: CERTIFICATE_VERIFY_FAILED] certificate verify failed: Hostname mismatch, certificate is not valid for 'data-api.polymarket.com'. (_ssl.c:1032)")))
[warn] GET failed after retries: https://data-api.polymarket.com/positions params={'user': '0xa6a856a8c8a7f14fd9be6ae11c367c7cbb755009', 'limit': 500, 'sizeThreshold': 1} err=HTTPSConnectionPool(host='data-api.polymarket.com', port=443): Max retries exceeded with url: /positions?user=0xa6a856a8c8a7f14fd9be6ae11c367c7cbb755009&limit=500&sizeThreshold=1 (Caused by SSLError(SSLCertVerificationError(1, "[SSL: CERTIFICATE_VERIFY_FAILED] certificate verify failed: Hostname mismatch, certificate is not valid for 'data-api.polymarket.com'. (_ssl.c:1032)")))
[warn] GET failed after retries: https://data-api.polymarket.com/positions params={'user': '0x26437896ed9dfeb2f69765edcafe8fdceaab39ae', 'limit': 500, 'sizeThreshold': 1} err=HTTPSConnectionPool(host='data-api.polymarket.com', port=443): Max retries exceeded with url: /positions?user=0x26437896ed9dfeb2f69765edcafe8fdceaab39ae&limit=500&sizeThreshold=1 (Caused by SSLError(SSLCertVerificationError(1, "[SSL: CERTIFICATE_VERIFY_FAILED] certificate verify failed: Hostname mismatch, certificate is not valid for 'data-api.polymarket.com'. (_ssl.c:1032)")))
[warn] GET failed after retries: https://data-api.polymarket.com/positions params={'user': '0x85f031d069de300055900c4055c1baeb6bde3f67', 'limit': 500, 'sizeThreshold': 1} err=HTTPSConnectionPool(host='data-api.polymarket.com', port=443): Max retries exceeded with url: /positions?user=0x85f031d069de300055900c4055c1baeb6bde3f67&limit=500&sizeThreshold=1 (Caused by SSLError(SSLCertVerificationError(1, "[SSL: CERTIFICATE_VERIFY_FAILED] certificate verify failed: Hostname mismatch, certificate is not valid for 'data-api.polymarket.com'. (_ssl.c:1032)")))
[warn] GET failed after retries: https://data-api.polymarket.com/positions params={'user': '0x876426b52898c295848f56760dd24b55eda2604a', 'limit': 500, 'sizeThreshold': 1} err=HTTPSConnectionPool(host='data-api.polymarket.com', port=443): Max retries exceeded with url: /positions?user=0x876426b52898c295848f56760dd24b55eda2604a&limit=500&sizeThreshold=1 (Caused by SSLError(SSLCertVerificationError(1, "[SSL: CERTIFICATE_VERIFY_FAILED] certificate verify failed: Hostname mismatch, certificate is not valid for 'data-api.polymarket.com'. (_ssl.c:1032)")))
[warn] GET failed after retries: https://data-api.polymarket.com/positions params={'user': '0x076daa87c4fe1a85402a9b6b8e0a866224388d4c', 'limit': 500, 'sizeThreshold': 1} err=HTTPSConnectionPool(host='data-api.polymarket.com', port=443): Max retries exceeded with url: /positions?user=0x076daa87c4fe1a85402a9b6b8e0a866224388d4c&limit=500&sizeThreshold=1 (Caused by SSLError(SSLCertVerificationError(1, "[SSL: CERTIFICATE_VERIFY_FAILED] certificate verify failed: Hostname mismatch, certificate is not valid for 'data-api.polymarket.com'. (_ssl.c:1032)")))
[warn] GET failed after retries: https://data-api.polymarket.com/positions params={'user': '0xde7be6d489bce070a959e0cb813128ae659b5f4b', 'limit': 500, 'sizeThreshold': 1} err=HTTPSConnectionPool(host='data-api.polymarket.com', port=443): Max retries exceeded with url: /positions?user=0xde7be6d489bce070a959e0cb813128ae659b5f4b&limit=500&sizeThreshold=1 (Caused by SSLError(SSLCertVerificationError(1, "[SSL: CERTIFICATE_VERIFY_FAILED] certificate verify failed: Hostname mismatch, certificate is not valid for 'data-api.polymarket.com'. (_ssl.c:1032)")))
[warn] GET failed after retries: https://data-api.polymarket.com/positions params={'user': '0xf2f6af4f27ec2dcf4072095ab804016e14cd5817', 'limit': 500, 'sizeThreshold': 1} err=HTTPSConnectionPool(host='data-api.polymarket.com', port=443): Max retries exceeded with url: /positions?user=0xf2f6af4f27ec2dcf4072095ab804016e14cd5817&limit=500&sizeThreshold=1 (Caused by SSLError(SSLCertVerificationError(1, "[SSL: CERTIFICATE_VERIFY_FAILED] certificate verify failed: Hostname mismatch, certificate is not valid for 'data-api.polymarket.com'. (_ssl.c:1032)")))
[warn] GET failed after retries: https://data-api.polymarket.com/positions params={'user': '0x32ed517a571c01b6e9adecf61ba81ca48ff2f960', 'limit': 500, 'sizeThreshold': 1} err=HTTPSConnectionPool(host='data-api.polymarket.com', port=443): Max retries exceeded with url: /positions?user=0x32ed517a571c01b6e9adecf61ba81ca48ff2f960&limit=500&sizeThreshold=1 (Caused by SSLError(SSLCertVerificationError(1, "[SSL: CERTIFICATE_VERIFY_FAILED] certificate verify failed: Hostname mismatch, certificate is not valid for 'data-api.polymarket.com'. (_ssl.c:1032)")))
[warn] GET failed after retries: https://data-api.polymarket.com/positions params={'user': '0xbddf61af533ff524d27154e589d2d7a81510c684', 'limit': 500, 'sizeThreshold': 1} err=HTTPSConnectionPool(host='data-api.polymarket.com', port=443): Max retries exceeded with url: /positions?user=0xbddf61af533ff524d27154e589d2d7a81510c684&limit=500&sizeThreshold=1 (Caused by SSLError(SSLCertVerificationError(1, "[SSL: CERTIFICATE_VERIFY_FAILED] certificate verify failed: Hostname mismatch, certificate is not valid for 'data-api.polymarket.com'. (_ssl.c:1032)")))
[warn] GET failed after retries: https://data-api.polymarket.com/positions params={'user': '0xd0b4c4c020abdc88ad9a884f999f3d8cff8ffed6', 'limit': 500, 'sizeThreshold': 1} err=HTTPSConnectionPool(host='data-api.polymarket.com', port=443): Max retries exceeded with url: /positions?user=0xd0b4c4c020abdc88ad9a884f999f3d8cff8ffed6&limit=500&sizeThreshold=1 (Caused by SSLError(SSLCertVerificationError(1, "[SSL: CERTIFICATE_VERIFY_FAILED] certificate verify failed: Hostname mismatch, certificate is not valid for 'data-api.polymarket.com'. (_ssl.c:1032)")))
    ...read 40/116 traders
[warn] GET failed after retries: https://data-api.polymarket.com/positions params={'user': '0x7c3db723f1d4d8cb9c550095203b686cb11e5c6b', 'limit': 500, 'sizeThreshold': 1} err=HTTPSConnectionPool(host='data-api.polymarket.com', port=443): Max retries exceeded with url: /positions?user=0x7c3db723f1d4d8cb9c550095203b686cb11e5c6b&limit=500&sizeThreshold=1 (Caused by SSLError(SSLCertVerificationError(1, "[SSL: CERTIFICATE_VERIFY_FAILED] certificate verify failed: Hostname mismatch, certificate is not valid for 'data-api.polymarket.com'. (_ssl.c:1032)")))
[warn] GET failed after retries: https://data-api.polymarket.com/positions params={'user': '0xfea31bc088000ff909be1dfd8d0e3f2c7ef2d227', 'limit': 500, 'sizeThreshold': 1} err=HTTPSConnectionPool(host='data-api.polymarket.com', port=443): Max retries exceeded with url: /positions?user=0xfea31bc088000ff909be1dfd8d0e3f2c7ef2d227&limit=500&sizeThreshold=1 (Caused by SSLError(SSLCertVerificationError(1, "[SSL: CERTIFICATE_VERIFY_FAILED] certificate verify failed: Hostname mismatch, certificate is not valid for 'data-api.polymarket.com'. (_ssl.c:1032)")))
[warn] GET failed after retries: https://data-api.polymarket.com/positions params={'user': '0x6bab41a0dc40d6dd4c1a915b8c01969479fd1292', 'limit': 500, 'sizeThreshold': 1} err=HTTPSConnectionPool(host='data-api.polymarket.com', port=443): Max retries exceeded with url: /positions?user=0x6bab41a0dc40d6dd4c1a915b8c01969479fd1292&limit=500&sizeThreshold=1 (Caused by SSLError(SSLCertVerificationError(1, "[SSL: CERTIFICATE_VERIFY_FAILED] certificate verify failed: Hostname mismatch, certificate is not valid for 'data-api.polymarket.com'. (_ssl.c:1032)")))
[warn] GET failed after retries: https://data-api.polymarket.com/positions params={'user': '0xd1acd3925d895de9aec98ff95f3a30c5279d08d5', 'limit': 500, 'sizeThreshold': 1} err=HTTPSConnectionPool(host='data-api.polymarket.com', port=443): Max retries exceeded with url: /positions?user=0xd1acd3925d895de9aec98ff95f3a30c5279d08d5&limit=500&sizeThreshold=1 (Caused by SSLError(SSLCertVerificationError(1, "[SSL: CERTIFICATE_VERIFY_FAILED] certificate verify failed: Hostname mismatch, certificate is not valid for 'data-api.polymarket.com'. (_ssl.c:1032)")))
[warn] GET failed after retries: https://data-api.polymarket.com/positions params={'user': '0x31519628fb5e5aa559d4ba27aa1248810b9f0977', 'limit': 500, 'sizeThreshold': 1} err=HTTPSConnectionPool(host='data-api.polymarket.com', port=443): Max retries exceeded with url: /positions?user=0x31519628fb5e5aa559d4ba27aa1248810b9f0977&limit=500&sizeThreshold=1 (Caused by SSLError(SSLCertVerificationError(1, "[SSL: CERTIFICATE_VERIFY_FAILED] certificate verify failed: Hostname mismatch, certificate is not valid for 'data-api.polymarket.com'. (_ssl.c:1032)")))
[warn] GET failed after retries: https://data-api.polymarket.com/positions params={'user': '0xe5c8026239919339b988fdb150a7ef4ea196d3e7', 'limit': 500, 'sizeThreshold': 1} err=HTTPSConnectionPool(host='data-api.polymarket.com', port=443): Max retries exceeded with url: /positions?user=0xe5c8026239919339b988fdb150a7ef4ea196d3e7&limit=500&sizeThreshold=1 (Caused by SSLError(SSLCertVerificationError(1, "[SSL: CERTIFICATE_VERIFY_FAILED] certificate verify failed: Hostname mismatch, certificate is not valid for 'data-api.polymarket.com'. (_ssl.c:1032)")))
[warn] GET failed after retries: https://data-api.polymarket.com/positions params={'user': '0x83255595ba1fadd2e734cb30a0fb8110301a19cc', 'limit': 500, 'sizeThreshold': 1} err=HTTPSConnectionPool(host='data-api.polymarket.com', port=443): Max retries exceeded with url: /positions?user=0x83255595ba1fadd2e734cb30a0fb8110301a19cc&limit=500&sizeThreshold=1 (Caused by SSLError(SSLCertVerificationError(1, "[SSL: CERTIFICATE_VERIFY_FAILED] certificate verify failed: Hostname mismatch, certificate is not valid for 'data-api.polymarket.com'. (_ssl.c:1032)")))
[warn] GET failed after retries: https://data-api.polymarket.com/positions params={'user': '0xe549581668a5751c1972d3ad2d1991d900bd2d54', 'limit': 500, 'sizeThreshold': 1} err=HTTPSConnectionPool(host='data-api.polymarket.com', port=443): Max retries exceeded with url: /positions?user=0xe549581668a5751c1972d3ad2d1991d900bd2d54&limit=500&sizeThreshold=1 (Caused by SSLError(SSLCertVerificationError(1, "[SSL: CERTIFICATE_VERIFY_FAILED] certificate verify failed: Hostname mismatch, certificate is not valid for 'data-api.polymarket.com'. (_ssl.c:1032)")))
[warn] GET failed after retries: https://data-api.polymarket.com/positions params={'user': '0x51393c00184b39182f09a8a62b8549642e69a8db', 'limit': 500, 'sizeThreshold': 1} err=HTTPSConnectionPool(host='data-api.polymarket.com', port=443): Max retries exceeded with url: /positions?user=0x51393c00184b39182f09a8a62b8549642e69a8db&limit=500&sizeThreshold=1 (Caused by SSLError(SSLCertVerificationError(1, "[SSL: CERTIFICATE_VERIFY_FAILED] certificate verify failed: Hostname mismatch, certificate is not valid for 'data-api.polymarket.com'. (_ssl.c:1032)")))
[warn] GET failed after retries: https://data-api.polymarket.com/positions params={'user': '0x7ee1b64be7016b0b0234ab6cabcaa689fd18dae8', 'limit': 500, 'sizeThreshold': 1} err=HTTPSConnectionPool(host='data-api.polymarket.com', port=443): Max retries exceeded with url: /positions?user=0x7ee1b64be7016b0b0234ab6cabcaa689fd18dae8&limit=500&sizeThreshold=1 (Caused by SSLError(SSLCertVerificationError(1, "[SSL: CERTIFICATE_VERIFY_FAILED] certificate verify failed: Hostname mismatch, certificate is not valid for 'data-api.polymarket.com'. (_ssl.c:1032)")))
[warn] GET failed after retries: https://data-api.polymarket.com/positions params={'user': '0x55be7aa03ecfbe37aa5460db791205f7ac9ddca3', 'limit': 500, 'sizeThreshold': 1} err=HTTPSConnectionPool(host='data-api.polymarket.com', port=443): Max retries exceeded with url: /positions?user=0x55be7aa03ecfbe37aa5460db791205f7ac9ddca3&limit=500&sizeThreshold=1 (Caused by SSLError(SSLCertVerificationError(1, "[SSL: CERTIFICATE_VERIFY_FAILED] certificate verify failed: Hostname mismatch, certificate is not valid for 'data-api.polymarket.com'. (_ssl.c:1032)")))
[warn] GET failed after retries: https://data-api.polymarket.com/positions params={'user': '0x1ff26f9f8a048d4f6fb2e4283f32f6ca64d2dbbd', 'limit': 500, 'sizeThreshold': 1} err=HTTPSConnectionPool(host='data-api.polymarket.com', port=443): Max retries exceeded with url: /positions?user=0x1ff26f9f8a048d4f6fb2e4283f32f6ca64d2dbbd&limit=500&sizeThreshold=1 (Caused by SSLError(SSLCertVerificationError(1, "[SSL: CERTIFICATE_VERIFY_FAILED] certificate verify failed: Hostname mismatch, certificate is not valid for 'data-api.polymarket.com'. (_ssl.c:1032)")))
[warn] GET failed after retries: https://data-api.polymarket.com/positions params={'user': '0x1cc16713196d456f86fa9c7387dd326a7f73b8df', 'limit': 500, 'sizeThreshold': 1} err=HTTPSConnectionPool(host='data-api.polymarket.com', port=443): Max retries exceeded with url: /positions?user=0x1cc16713196d456f86fa9c7387dd326a7f73b8df&limit=500&sizeThreshold=1 (Caused by SSLError(SSLCertVerificationError(1, "[SSL: CERTIFICATE_VERIFY_FAILED] certificate verify failed: Hostname mismatch, certificate is not valid for 'data-api.polymarket.com'. (_ssl.c:1032)")))
[warn] GET failed after retries: https://data-api.polymarket.com/positions params={'user': '0x1d8a377c5020f612ce63a0a151970df64baae842', 'limit': 500, 'sizeThreshold': 1} err=HTTPSConnectionPool(host='data-api.polymarket.com', port=443): Max retries exceeded with url: /positions?user=0x1d8a377c5020f612ce63a0a151970df64baae842&limit=500&sizeThreshold=1 (Caused by SSLError(SSLCertVerificationError(1, "[SSL: CERTIFICATE_VERIFY_FAILED] certificate verify failed: Hostname mismatch, certificate is not valid for 'data-api.polymarket.com'. (_ssl.c:1032)")))
[warn] GET failed after retries: https://data-api.polymarket.com/positions params={'user': '0x9703676286b93c2eca71ca96e8757104519a69c2', 'limit': 500, 'sizeThreshold': 1} err=HTTPSConnectionPool(host='data-api.polymarket.com', port=443): Max retries exceeded with url: /positions?user=0x9703676286b93c2eca71ca96e8757104519a69c2&limit=500&sizeThreshold=1 (Caused by SSLError(SSLCertVerificationError(1, "[SSL: CERTIFICATE_VERIFY_FAILED] certificate verify failed: Hostname mismatch, certificate is not valid for 'data-api.polymarket.com'. (_ssl.c:1032)")))
[warn] GET failed after retries: https://data-api.polymarket.com/positions params={'user': '0xf195721ad850377c96cd634457c70cd9e8308057', 'limit': 500, 'sizeThreshold': 1} err=HTTPSConnectionPool(host='data-api.polymarket.com', port=443): Max retries exceeded with url: /positions?user=0xf195721ad850377c96cd634457c70cd9e8308057&limit=500&sizeThreshold=1 (Caused by SSLError(SSLCertVerificationError(1, "[SSL: CERTIFICATE_VERIFY_FAILED] certificate verify failed: Hostname mismatch, certificate is not valid for 'data-api.polymarket.com'. (_ssl.c:1032)")))
[warn] GET failed after retries: https://data-api.polymarket.com/positions params={'user': '0x6e82b93eb57b01a63027bd0c6d2f3f04934a752c', 'limit': 500, 'sizeThreshold': 1} err=HTTPSConnectionPool(host='data-api.polymarket.com', port=443): Max retries exceeded with url: /positions?user=0x6e82b93eb57b01a63027bd0c6d2f3f04934a752c&limit=500&sizeThreshold=1 (Caused by SSLError(SSLCertVerificationError(1, "[SSL: CERTIFICATE_VERIFY_FAILED] certificate verify failed: Hostname mismatch, certificate is not valid for 'data-api.polymarket.com'. (_ssl.c:1032)")))
[warn] GET failed after retries: https://data-api.polymarket.com/positions params={'user': '0x9b3dcd99eec7fe11602e6534e6302c0f318d7422', 'limit': 500, 'sizeThreshold': 1} err=HTTPSConnectionPool(host='data-api.polymarket.com', port=443): Max retries exceeded with url: /positions?user=0x9b3dcd99eec7fe11602e6534e6302c0f318d7422&limit=500&sizeThreshold=1 (Caused by SSLError(SSLCertVerificationError(1, "[SSL: CERTIFICATE_VERIFY_FAILED] certificate verify failed: Hostname mismatch, certificate is not valid for 'data-api.polymarket.com'. (_ssl.c:1032)")))
[warn] GET failed after retries: https://data-api.polymarket.com/positions params={'user': '0x8a4c788f043023b8b28a762216d037e9f148532b', 'limit': 500, 'sizeThreshold': 1} err=HTTPSConnectionPool(host='data-api.polymarket.com', port=443): Max retries exceeded with url: /positions?user=0x8a4c788f043023b8b28a762216d037e9f148532b&limit=500&sizeThreshold=1 (Caused by SSLError(SSLCertVerificationError(1, "[SSL: CERTIFICATE_VERIFY_FAILED] certificate verify failed: Hostname mismatch, certificate is not valid for 'data-api.polymarket.com'. (_ssl.c:1032)")))
[warn] GET failed after retries: https://data-api.polymarket.com/positions params={'user': '0x67542c3219b37fd1610aad290676ff91cdbfe3bc', 'limit': 500, 'sizeThreshold': 1} err=HTTPSConnectionPool(host='data-api.polymarket.com', port=443): Max retries exceeded with url: /positions?user=0x67542c3219b37fd1610aad290676ff91cdbfe3bc&limit=500&sizeThreshold=1 (Caused by SSLError(SSLCertVerificationError(1, "[SSL: CERTIFICATE_VERIFY_FAILED] certificate verify failed: Hostname mismatch, certificate is not valid for 'data-api.polymarket.com'. (_ssl.c:1032)")))
    ...read 60/116 traders
[warn] GET failed after retries: https://data-api.polymarket.com/positions params={'user': '0x83720820a8aa6c3f20ad71850e7a1a17d16c5223', 'limit': 500, 'sizeThreshold': 1} err=HTTPSConnectionPool(host='data-api.polymarket.com', port=443): Max retries exceeded with url: /positions?user=0x83720820a8aa6c3f20ad71850e7a1a17d16c5223&limit=500&sizeThreshold=1 (Caused by SSLError(SSLCertVerificationError(1, "[SSL: CERTIFICATE_VERIFY_FAILED] certificate verify failed: Hostname mismatch, certificate is not valid for 'data-api.polymarket.com'. (_ssl.c:1032)")))
[warn] GET failed after retries: https://data-api.polymarket.com/positions params={'user': '0x924379a79c64b77ad5816ad362122a5f6228658e', 'limit': 500, 'sizeThreshold': 1} err=HTTPSConnectionPool(host='data-api.polymarket.com', port=443): Max retries exceeded with url: /positions?user=0x924379a79c64b77ad5816ad362122a5f6228658e&limit=500&sizeThreshold=1 (Caused by SSLError(SSLCertVerificationError(1, "[SSL: CERTIFICATE_VERIFY_FAILED] certificate verify failed: Hostname mismatch, certificate is not valid for 'data-api.polymarket.com'. (_ssl.c:1032)")))
[warn] GET failed after retries: https://data-api.polymarket.com/positions params={'user': '0xbc1b1e935cf5a06f9378fe2b249338649dc29d59', 'limit': 500, 'sizeThreshold': 1} err=HTTPSConnectionPool(host='data-api.polymarket.com', port=443): Max retries exceeded with url: /positions?user=0xbc1b1e935cf5a06f9378fe2b249338649dc29d59&limit=500&sizeThreshold=1 (Caused by SSLError(SSLCertVerificationError(1, "[SSL: CERTIFICATE_VERIFY_FAILED] certificate verify failed: Hostname mismatch, certificate is not valid for 'data-api.polymarket.com'. (_ssl.c:1032)")))
[warn] GET failed after retries: https://data-api.polymarket.com/positions params={'user': '0x9b89ef1f344d3e17b37ccdff3bccf62d04f04244', 'limit': 500, 'sizeThreshold': 1} err=HTTPSConnectionPool(host='data-api.polymarket.com', port=443): Max retries exceeded with url: /positions?user=0x9b89ef1f344d3e17b37ccdff3bccf62d04f04244&limit=500&sizeThreshold=1 (Caused by SSLError(SSLCertVerificationError(1, "[SSL: CERTIFICATE_VERIFY_FAILED] certificate verify failed: Hostname mismatch, certificate is not valid for 'data-api.polymarket.com'. (_ssl.c:1032)")))
[warn] GET failed after retries: https://data-api.polymarket.com/positions params={'user': '0xe9a6ed2e4d4ee8ce47cd47cac834746dc4cf627b', 'limit': 500, 'sizeThreshold': 1} err=HTTPSConnectionPool(host='data-api.polymarket.com', port=443): Max retries exceeded with url: /positions?user=0xe9a6ed2e4d4ee8ce47cd47cac834746dc4cf627b&limit=500&sizeThreshold=1 (Caused by SSLError(SSLCertVerificationError(1, "[SSL: CERTIFICATE_VERIFY_FAILED] certificate verify failed: Hostname mismatch, certificate is not valid for 'data-api.polymarket.com'. (_ssl.c:1032)")))
[warn] GET failed after retries: https://data-api.polymarket.com/positions params={'user': '0x545129ec7719de8599872cc52850f9f19462616c', 'limit': 500, 'sizeThreshold': 1} err=HTTPSConnectionPool(host='data-api.polymarket.com', port=443): Max retries exceeded with url: /positions?user=0x545129ec7719de8599872cc52850f9f19462616c&limit=500&sizeThreshold=1 (Caused by SSLError(SSLCertVerificationError(1, "[SSL: CERTIFICATE_VERIFY_FAILED] certificate verify failed: Hostname mismatch, certificate is not valid for 'data-api.polymarket.com'. (_ssl.c:1032)")))
[warn] GET failed after retries: https://data-api.polymarket.com/positions params={'user': '0x65018f9fc473f6e920b8929a375d39c26a461220', 'limit': 500, 'sizeThreshold': 1} err=HTTPSConnectionPool(host='data-api.polymarket.com', port=443): Max retries exceeded with url: /positions?user=0x65018f9fc473f6e920b8929a375d39c26a461220&limit=500&sizeThreshold=1 (Caused by SSLError(SSLCertVerificationError(1, "[SSL: CERTIFICATE_VERIFY_FAILED] certificate verify failed: Hostname mismatch, certificate is not valid for 'data-api.polymarket.com'. (_ssl.c:1032)")))
[warn] GET failed after retries: https://data-api.polymarket.com/positions params={'user': '0xa49becb692927d455924583b5e3e5788246f4c40', 'limit': 500, 'sizeThreshold': 1} err=HTTPSConnectionPool(host='data-api.polymarket.com', port=443): Max retries exceeded with url: /positions?user=0xa49becb692927d455924583b5e3e5788246f4c40&limit=500&sizeThreshold=1 (Caused by SSLError(SSLCertVerificationError(1, "[SSL: CERTIFICATE_VERIFY_FAILED] certificate verify failed: Hostname mismatch, certificate is not valid for 'data-api.polymarket.com'. (_ssl.c:1032)")))
[warn] GET failed after retries: https://data-api.polymarket.com/positions params={'user': '0xa6d188fb70c2e2e9ad411c42c02379ed3020286a', 'limit': 500, 'sizeThreshold': 1} err=HTTPSConnectionPool(host='data-api.polymarket.com', port=443): Max retries exceeded with url: /positions?user=0xa6d188fb70c2e2e9ad411c42c02379ed3020286a&limit=500&sizeThreshold=1 (Caused by SSLError(SSLCertVerificationError(1, "[SSL: CERTIFICATE_VERIFY_FAILED] certificate verify failed: Hostname mismatch, certificate is not valid for 'data-api.polymarket.com'. (_ssl.c:1032)")))
[warn] GET failed after retries: https://data-api.polymarket.com/positions params={'user': '0x7d787c72c8317046fda90814a93c87fc192529a5', 'limit': 500, 'sizeThreshold': 1} err=HTTPSConnectionPool(host='data-api.polymarket.com', port=443): Max retries exceeded with url: /positions?user=0x7d787c72c8317046fda90814a93c87fc192529a5&limit=500&sizeThreshold=1 (Caused by SSLError(SSLCertVerificationError(1, "[SSL: CERTIFICATE_VERIFY_FAILED] certificate verify failed: Hostname mismatch, certificate is not valid for 'data-api.polymarket.com'. (_ssl.c:1032)")))
[warn] GET failed after retries: https://data-api.polymarket.com/positions params={'user': '0xfaa2b54347bd9a9f62d6e4bfb2d3180da53de80a', 'limit': 500, 'sizeThreshold': 1} err=HTTPSConnectionPool(host='data-api.polymarket.com', port=443): Max retries exceeded with url: /positions?user=0xfaa2b54347bd9a9f62d6e4bfb2d3180da53de80a&limit=500&sizeThreshold=1 (Caused by SSLError(SSLCertVerificationError(1, "[SSL: CERTIFICATE_VERIFY_FAILED] certificate verify failed: Hostname mismatch, certificate is not valid for 'data-api.polymarket.com'. (_ssl.c:1032)")))
[warn] GET failed after retries: https://data-api.polymarket.com/positions params={'user': '0xc41d736bded9ed1accd6a44235039266219774fd', 'limit': 500, 'sizeThreshold': 1} err=HTTPSConnectionPool(host='data-api.polymarket.com', port=443): Max retries exceeded with url: /positions?user=0xc41d736bded9ed1accd6a44235039266219774fd&limit=500&sizeThreshold=1 (Caused by SSLError(SSLCertVerificationError(1, "[SSL: CERTIFICATE_VERIFY_FAILED] certificate verify failed: Hostname mismatch, certificate is not valid for 'data-api.polymarket.com'. (_ssl.c:1032)")))
[warn] GET failed after retries: https://data-api.polymarket.com/positions params={'user': '0xa6cd8300ff70129ced69975180609e40a12b2f2c', 'limit': 500, 'sizeThreshold': 1} err=HTTPSConnectionPool(host='data-api.polymarket.com', port=443): Max retries exceeded with url: /positions?user=0xa6cd8300ff70129ced69975180609e40a12b2f2c&limit=500&sizeThreshold=1 (Caused by SSLError(SSLCertVerificationError(1, "[SSL: CERTIFICATE_VERIFY_FAILED] certificate verify failed: Hostname mismatch, certificate is not valid for 'data-api.polymarket.com'. (_ssl.c:1032)")))
[warn] GET failed after retries: https://data-api.polymarket.com/positions params={'user': '0xf1528f12e645462c344799b62b1b421a6a4c64aa', 'limit': 500, 'sizeThreshold': 1} err=HTTPSConnectionPool(host='data-api.polymarket.com', port=443): Max retries exceeded with url: /positions?user=0xf1528f12e645462c344799b62b1b421a6a4c64aa&limit=500&sizeThreshold=1 (Caused by SSLError(SSLCertVerificationError(1, "[SSL: CERTIFICATE_VERIFY_FAILED] certificate verify failed: Hostname mismatch, certificate is not valid for 'data-api.polymarket.com'. (_ssl.c:1032)")))
[warn] GET failed after retries: https://data-api.polymarket.com/positions params={'user': '0x547f2917d51f2e63ab382dcf641d4e0240162937', 'limit': 500, 'sizeThreshold': 1} err=HTTPSConnectionPool(host='data-api.polymarket.com', port=443): Max retries exceeded with url: /positions?user=0x547f2917d51f2e63ab382dcf641d4e0240162937&limit=500&sizeThreshold=1 (Caused by SSLError(SSLCertVerificationError(1, "[SSL: CERTIFICATE_VERIFY_FAILED] certificate verify failed: Hostname mismatch, certificate is not valid for 'data-api.polymarket.com'. (_ssl.c:1032)")))
[warn] GET failed after retries: https://data-api.polymarket.com/positions params={'user': '0x73bcd24d510ff4e4d5feac6aec763c5511e246ce', 'limit': 500, 'sizeThreshold': 1} err=HTTPSConnectionPool(host='data-api.polymarket.com', port=443): Max retries exceeded with url: /positions?user=0x73bcd24d510ff4e4d5feac6aec763c5511e246ce&limit=500&sizeThreshold=1 (Caused by SSLError(SSLCertVerificationError(1, "[SSL: CERTIFICATE_VERIFY_FAILED] certificate verify failed: Hostname mismatch, certificate is not valid for 'data-api.polymarket.com'. (_ssl.c:1032)")))
[warn] GET failed after retries: https://data-api.polymarket.com/positions params={'user': '0x37e053beabee77acc15e641dfe8e395b2b2d024e', 'limit': 500, 'sizeThreshold': 1} err=HTTPSConnectionPool(host='data-api.polymarket.com', port=443): Max retries exceeded with url: /positions?user=0x37e053beabee77acc15e641dfe8e395b2b2d024e&limit=500&sizeThreshold=1 (Caused by SSLError(SSLCertVerificationError(1, "[SSL: CERTIFICATE_VERIFY_FAILED] certificate verify failed: Hostname mismatch, certificate is not valid for 'data-api.polymarket.com'. (_ssl.c:1032)")))
[warn] GET failed after retries: https://data-api.polymarket.com/positions params={'user': '0x1465b79bff7992bc703e1aafb3683b1089647072', 'limit': 500, 'sizeThreshold': 1} err=HTTPSConnectionPool(host='data-api.polymarket.com', port=443): Max retries exceeded with url: /positions?user=0x1465b79bff7992bc703e1aafb3683b1089647072&limit=500&sizeThreshold=1 (Caused by SSLError(SSLCertVerificationError(1, "[SSL: CERTIFICATE_VERIFY_FAILED] certificate verify failed: Hostname mismatch, certificate is not valid for 'data-api.polymarket.com'. (_ssl.c:1032)")))
[warn] GET failed after retries: https://data-api.polymarket.com/positions params={'user': '0xcf6c5492124794394dd9eac46498a8babbe47e66', 'limit': 500, 'sizeThreshold': 1} err=HTTPSConnectionPool(host='data-api.polymarket.com', port=443): Max retries exceeded with url: /positions?user=0xcf6c5492124794394dd9eac46498a8babbe47e66&limit=500&sizeThreshold=1 (Caused by SSLError(SSLCertVerificationError(1, "[SSL: CERTIFICATE_VERIFY_FAILED] certificate verify failed: Hostname mismatch, certificate is not valid for 'data-api.polymarket.com'. (_ssl.c:1032)")))
[warn] GET failed after retries: https://data-api.polymarket.com/positions params={'user': '0xe0ac9addc56c19e771a0524f5d172af4d7a476ff', 'limit': 500, 'sizeThreshold': 1} err=HTTPSConnectionPool(host='data-api.polymarket.com', port=443): Max retries exceeded with url: /positions?user=0xe0ac9addc56c19e771a0524f5d172af4d7a476ff&limit=500&sizeThreshold=1 (Caused by SSLError(SSLCertVerificationError(1, "[SSL: CERTIFICATE_VERIFY_FAILED] certificate verify failed: Hostname mismatch, certificate is not valid for 'data-api.polymarket.com'. (_ssl.c:1032)")))
    ...read 80/116 traders
[warn] GET failed after retries: https://data-api.polymarket.com/positions params={'user': '0x2a69660046d7acc4ab204d7cc5ba78b0776cd2f7', 'limit': 500, 'sizeThreshold': 1} err=HTTPSConnectionPool(host='data-api.polymarket.com', port=443): Max retries exceeded with url: /positions?user=0x2a69660046d7acc4ab204d7cc5ba78b0776cd2f7&limit=500&sizeThreshold=1 (Caused by SSLError(SSLCertVerificationError(1, "[SSL: CERTIFICATE_VERIFY_FAILED] certificate verify failed: Hostname mismatch, certificate is not valid for 'data-api.polymarket.com'. (_ssl.c:1032)")))
[warn] GET failed after retries: https://data-api.polymarket.com/positions params={'user': '0x10a6fadcbacd66330862206f6199b197e3ad4d8b', 'limit': 500, 'sizeThreshold': 1} err=HTTPSConnectionPool(host='data-api.polymarket.com', port=443): Max retries exceeded with url: /positions?user=0x10a6fadcbacd66330862206f6199b197e3ad4d8b&limit=500&sizeThreshold=1 (Caused by SSLError(SSLCertVerificationError(1, "[SSL: CERTIFICATE_VERIFY_FAILED] certificate verify failed: Hostname mismatch, certificate is not valid for 'data-api.polymarket.com'. (_ssl.c:1032)")))
[warn] GET failed after retries: https://data-api.polymarket.com/positions params={'user': '0x2dc13c6bda81b202281e796953a7323de675b33c', 'limit': 500, 'sizeThreshold': 1} err=HTTPSConnectionPool(host='data-api.polymarket.com', port=443): Max retries exceeded with url: /positions?user=0x2dc13c6bda81b202281e796953a7323de675b33c&limit=500&sizeThreshold=1 (Caused by SSLError(SSLCertVerificationError(1, "[SSL: CERTIFICATE_VERIFY_FAILED] certificate verify failed: Hostname mismatch, certificate is not valid for 'data-api.polymarket.com'. (_ssl.c:1032)")))
[warn] GET failed after retries: https://data-api.polymarket.com/positions params={'user': '0xca97f5464912ba0308bd40c095bea215980849f6', 'limit': 500, 'sizeThreshold': 1} err=HTTPSConnectionPool(host='data-api.polymarket.com', port=443): Max retries exceeded with url: /positions?user=0xca97f5464912ba0308bd40c095bea215980849f6&limit=500&sizeThreshold=1 (Caused by SSLError(SSLCertVerificationError(1, "[SSL: CERTIFICATE_VERIFY_FAILED] certificate verify failed: Hostname mismatch, certificate is not valid for 'data-api.polymarket.com'. (_ssl.c:1032)")))
[warn] GET failed after retries: https://data-api.polymarket.com/positions params={'user': '0x73c5701afdefba2814193168448b2992306b2f80', 'limit': 500, 'sizeThreshold': 1} err=HTTPSConnectionPool(host='data-api.polymarket.com', port=443): Max retries exceeded with url: /positions?user=0x73c5701afdefba2814193168448b2992306b2f80&limit=500&sizeThreshold=1 (Caused by SSLError(SSLCertVerificationError(1, "[SSL: CERTIFICATE_VERIFY_FAILED] certificate verify failed: Hostname mismatch, certificate is not valid for 'data-api.polymarket.com'. (_ssl.c:1032)")))
[warn] GET failed after retries: https://data-api.polymarket.com/positions params={'user': '0x0224bb9eb0a5c9fd261ac9123a72cbdd5748292a', 'limit': 500, 'sizeThreshold': 1} err=HTTPSConnectionPool(host='data-api.polymarket.com', port=443): Max retries exceeded with url: /positions?user=0x0224bb9eb0a5c9fd261ac9123a72cbdd5748292a&limit=500&sizeThreshold=1 (Caused by SSLError(SSLCertVerificationError(1, "[SSL: CERTIFICATE_VERIFY_FAILED] certificate verify failed: Hostname mismatch, certificate is not valid for 'data-api.polymarket.com'. (_ssl.c:1032)")))
[warn] GET failed after retries: https://data-api.polymarket.com/positions params={'user': '0xf0726b6a29afdfd3c193aa5540df16b0175d467a', 'limit': 500, 'sizeThreshold': 1} err=HTTPSConnectionPool(host='data-api.polymarket.com', port=443): Max retries exceeded with url: /positions?user=0xf0726b6a29afdfd3c193aa5540df16b0175d467a&limit=500&sizeThreshold=1 (Caused by SSLError(SSLCertVerificationError(1, "[SSL: CERTIFICATE_VERIFY_FAILED] certificate verify failed: Hostname mismatch, certificate is not valid for 'data-api.polymarket.com'. (_ssl.c:1032)")))
[warn] GET failed after retries: https://data-api.polymarket.com/positions params={'user': '0xc660ae71765d0d9eaf5fa8328c1c959841d2bd28', 'limit': 500, 'sizeThreshold': 1} err=HTTPSConnectionPool(host='data-api.polymarket.com', port=443): Max retries exceeded with url: /positions?user=0xc660ae71765d0d9eaf5fa8328c1c959841d2bd28&limit=500&sizeThreshold=1 (Caused by SSLError(SSLCertVerificationError(1, "[SSL: CERTIFICATE_VERIFY_FAILED] certificate verify failed: Hostname mismatch, certificate is not valid for 'data-api.polymarket.com'. (_ssl.c:1032)")))
[warn] GET failed after retries: https://data-api.polymarket.com/positions params={'user': '0x162ca4c5249987872fea1e15c846d7fe80316c47', 'limit': 500, 'sizeThreshold': 1} err=HTTPSConnectionPool(host='data-api.polymarket.com', port=443): Max retries exceeded with url: /positions?user=0x162ca4c5249987872fea1e15c846d7fe80316c47&limit=500&sizeThreshold=1 (Caused by SSLError(SSLCertVerificationError(1, "[SSL: CERTIFICATE_VERIFY_FAILED] certificate verify failed: Hostname mismatch, certificate is not valid for 'data-api.polymarket.com'. (_ssl.c:1032)")))
[warn] GET failed after retries: https://data-api.polymarket.com/positions params={'user': '0x7650e94d9c2decc455d7e2b9f8af0c0aa319fac1', 'limit': 500, 'sizeThreshold': 1} err=HTTPSConnectionPool(host='data-api.polymarket.com', port=443): Max retries exceeded with url: /positions?user=0x7650e94d9c2decc455d7e2b9f8af0c0aa319fac1&limit=500&sizeThreshold=1 (Caused by SSLError(SSLCertVerificationError(1, "[SSL: CERTIFICATE_VERIFY_FAILED] certificate verify failed: Hostname mismatch, certificate is not valid for 'data-api.polymarket.com'. (_ssl.c:1032)")))
[warn] GET failed after retries: https://data-api.polymarket.com/positions params={'user': '0x8a269634753d90783f52c58e5ae9a8b9679e937e', 'limit': 500, 'sizeThreshold': 1} err=HTTPSConnectionPool(host='data-api.polymarket.com', port=443): Max retries exceeded with url: /positions?user=0x8a269634753d90783f52c58e5ae9a8b9679e937e&limit=500&sizeThreshold=1 (Caused by SSLError(SSLCertVerificationError(1, "[SSL: CERTIFICATE_VERIFY_FAILED] certificate verify failed: Hostname mismatch, certificate is not valid for 'data-api.polymarket.com'. (_ssl.c:1032)")))
[warn] GET failed after retries: https://data-api.polymarket.com/positions params={'user': '0x336bf6f91a4619d54f0711a20fe468adf4d71233', 'limit': 500, 'sizeThreshold': 1} err=HTTPSConnectionPool(host='data-api.polymarket.com', port=443): Max retries exceeded with url: /positions?user=0x336bf6f91a4619d54f0711a20fe468adf4d71233&limit=500&sizeThreshold=1 (Caused by SSLError(SSLCertVerificationError(1, "[SSL: CERTIFICATE_VERIFY_FAILED] certificate verify failed: Hostname mismatch, certificate is not valid for 'data-api.polymarket.com'. (_ssl.c:1032)")))
[warn] GET failed after retries: https://data-api.polymarket.com/positions params={'user': '0x8806a6f1a847ba4360599ce0f54ce96167712e83', 'limit': 500, 'sizeThreshold': 1} err=HTTPSConnectionPool(host='data-api.polymarket.com', port=443): Max retries exceeded with url: /positions?user=0x8806a6f1a847ba4360599ce0f54ce96167712e83&limit=500&sizeThreshold=1 (Caused by SSLError(SSLCertVerificationError(1, "[SSL: CERTIFICATE_VERIFY_FAILED] certificate verify failed: Hostname mismatch, certificate is not valid for 'data-api.polymarket.com'. (_ssl.c:1032)")))
[warn] GET failed after retries: https://data-api.polymarket.com/positions params={'user': '0xdbdd45150249e229eb4ca8aa48a30dca21faa5de', 'limit': 500, 'sizeThreshold': 1} err=HTTPSConnectionPool(host='data-api.polymarket.com', port=443): Max retries exceeded with url: /positions?user=0xdbdd45150249e229eb4ca8aa48a30dca21faa5de&limit=500&sizeThreshold=1 (Caused by SSLError(SSLCertVerificationError(1, "[SSL: CERTIFICATE_VERIFY_FAILED] certificate verify failed: Hostname mismatch, certificate is not valid for 'data-api.polymarket.com'. (_ssl.c:1032)")))
[warn] GET failed after retries: https://data-api.polymarket.com/positions params={'user': '0x36a74fda8204b1e1680b8512613b0b520f7eb6e9', 'limit': 500, 'sizeThreshold': 1} err=HTTPSConnectionPool(host='data-api.polymarket.com', port=443): Max retries exceeded with url: /positions?user=0x36a74fda8204b1e1680b8512613b0b520f7eb6e9&limit=500&sizeThreshold=1 (Caused by SSLError(SSLCertVerificationError(1, "[SSL: CERTIFICATE_VERIFY_FAILED] certificate verify failed: Hostname mismatch, certificate is not valid for 'data-api.polymarket.com'. (_ssl.c:1032)")))
[warn] GET failed after retries: https://data-api.polymarket.com/positions params={'user': '0xe548376f231af12b4d56aff55a7503a88892a9fe', 'limit': 500, 'sizeThreshold': 1} err=HTTPSConnectionPool(host='data-api.polymarket.com', port=443): Max retries exceeded with url: /positions?user=0xe548376f231af12b4d56aff55a7503a88892a9fe&limit=500&sizeThreshold=1 (Caused by SSLError(SSLCertVerificationError(1, "[SSL: CERTIFICATE_VERIFY_FAILED] certificate verify failed: Hostname mismatch, certificate is not valid for 'data-api.polymarket.com'. (_ssl.c:1032)")))
[warn] GET failed after retries: https://data-api.polymarket.com/positions params={'user': '0x45721362269008ac5988bec2e5c22ca463af5e86', 'limit': 500, 'sizeThreshold': 1} err=HTTPSConnectionPool(host='data-api.polymarket.com', port=443): Max retries exceeded with url: /positions?user=0x45721362269008ac5988bec2e5c22ca463af5e86&limit=500&sizeThreshold=1 (Caused by SSLError(SSLCertVerificationError(1, "[SSL: CERTIFICATE_VERIFY_FAILED] certificate verify failed: Hostname mismatch, certificate is not valid for 'data-api.polymarket.com'. (_ssl.c:1032)")))
[warn] GET failed after retries: https://data-api.polymarket.com/positions params={'user': '0xc29198ad764bd6adaf7bb971a3757a689ece5d74', 'limit': 500, 'sizeThreshold': 1} err=HTTPSConnectionPool(host='data-api.polymarket.com', port=443): Max retries exceeded with url: /positions?user=0xc29198ad764bd6adaf7bb971a3757a689ece5d74&limit=500&sizeThreshold=1 (Caused by SSLError(SSLCertVerificationError(1, "[SSL: CERTIFICATE_VERIFY_FAILED] certificate verify failed: Hostname mismatch, certificate is not valid for 'data-api.polymarket.com'. (_ssl.c:1032)")))
[warn] GET failed after retries: https://data-api.polymarket.com/positions params={'user': '0xc57f19fd86e4531560980d1cd73310c9fbfbc909', 'limit': 500, 'sizeThreshold': 1} err=HTTPSConnectionPool(host='data-api.polymarket.com', port=443): Max retries exceeded with url: /positions?user=0xc57f19fd86e4531560980d1cd73310c9fbfbc909&limit=500&sizeThreshold=1 (Caused by SSLError(SSLCertVerificationError(1, "[SSL: CERTIFICATE_VERIFY_FAILED] certificate verify failed: Hostname mismatch, certificate is not valid for 'data-api.polymarket.com'. (_ssl.c:1032)")))
[warn] GET failed after retries: https://data-api.polymarket.com/positions params={'user': '0x1a2f67124f12eaa88be0f6683a95abede555647a', 'limit': 500, 'sizeThreshold': 1} err=HTTPSConnectionPool(host='data-api.polymarket.com', port=443): Max retries exceeded with url: /positions?user=0x1a2f67124f12eaa88be0f6683a95abede555647a&limit=500&sizeThreshold=1 (Caused by SSLError(SSLCertVerificationError(1, "[SSL: CERTIFICATE_VERIFY_FAILED] certificate verify failed: Hostname mismatch, certificate is not valid for 'data-api.polymarket.com'. (_ssl.c:1032)")))
    ...read 100/116 traders
[warn] GET failed after retries: https://data-api.polymarket.com/positions params={'user': '0xd81e5bc01e4a98d0af93d82dc2c542a4c0f9e3d0', 'limit': 500, 'sizeThreshold': 1} err=HTTPSConnectionPool(host='data-api.polymarket.com', port=443): Max retries exceeded with url: /positions?user=0xd81e5bc01e4a98d0af93d82dc2c542a4c0f9e3d0&limit=500&sizeThreshold=1 (Caused by SSLError(SSLCertVerificationError(1, "[SSL: CERTIFICATE_VERIFY_FAILED] certificate verify failed: Hostname mismatch, certificate is not valid for 'data-api.polymarket.com'. (_ssl.c:1032)")))
[warn] GET failed after retries: https://data-api.polymarket.com/positions params={'user': '0x122b758a408246a180efeb5ba654e21b553fac59', 'limit': 500, 'sizeThreshold': 1} err=HTTPSConnectionPool(host='data-api.polymarket.com', port=443): Max retries exceeded with url: /positions?user=0x122b758a408246a180efeb5ba654e21b553fac59&limit=500&sizeThreshold=1 (Caused by SSLError(SSLCertVerificationError(1, "[SSL: CERTIFICATE_VERIFY_FAILED] certificate verify failed: Hostname mismatch, certificate is not valid for 'data-api.polymarket.com'. (_ssl.c:1032)")))
[warn] GET failed after retries: https://data-api.polymarket.com/positions params={'user': '0x325f0e5b5afc66ff54102d850f67f0c621304511', 'limit': 500, 'sizeThreshold': 1} err=HTTPSConnectionPool(host='data-api.polymarket.com', port=443): Max retries exceeded with url: /positions?user=0x325f0e5b5afc66ff54102d850f67f0c621304511&limit=500&sizeThreshold=1 (Caused by SSLError(SSLCertVerificationError(1, "[SSL: CERTIFICATE_VERIFY_FAILED] certificate verify failed: Hostname mismatch, certificate is not valid for 'data-api.polymarket.com'. (_ssl.c:1032)")))
[warn] GET failed after retries: https://data-api.polymarket.com/positions params={'user': '0xc8075693f48668a264b9fa313b47f52712fcc12b', 'limit': 500, 'sizeThreshold': 1} err=HTTPSConnectionPool(host='data-api.polymarket.com', port=443): Max retries exceeded with url: /positions?user=0xc8075693f48668a264b9fa313b47f52712fcc12b&limit=500&sizeThreshold=1 (Caused by SSLError(SSLCertVerificationError(1, "[SSL: CERTIFICATE_VERIFY_FAILED] certificate verify failed: Hostname mismatch, certificate is not valid for 'data-api.polymarket.com'. (_ssl.c:1032)")))
[warn] GET failed after retries: https://data-api.polymarket.com/positions params={'user': '0x9e86ad1cb29ab0ff1e00c89bf68b8db98d926dfb', 'limit': 500, 'sizeThreshold': 1} err=HTTPSConnectionPool(host='data-api.polymarket.com', port=443): Max retries exceeded with url: /positions?user=0x9e86ad1cb29ab0ff1e00c89bf68b8db98d926dfb&limit=500&sizeThreshold=1 (Caused by SSLError(SSLCertVerificationError(1, "[SSL: CERTIFICATE_VERIFY_FAILED] certificate verify failed: Hostname mismatch, certificate is not valid for 'data-api.polymarket.com'. (_ssl.c:1032)")))
[warn] GET failed after retries: https://data-api.polymarket.com/positions params={'user': '0xf3c73f43afd680a35b4c65af727ebf7a495dc83b', 'limit': 500, 'sizeThreshold': 1} err=HTTPSConnectionPool(host='data-api.polymarket.com', port=443): Max retries exceeded with url: /positions?user=0xf3c73f43afd680a35b4c65af727ebf7a495dc83b&limit=500&sizeThreshold=1 (Caused by SSLError(SSLCertVerificationError(1, "[SSL: CERTIFICATE_VERIFY_FAILED] certificate verify failed: Hostname mismatch, certificate is not valid for 'data-api.polymarket.com'. (_ssl.c:1032)")))
[warn] GET failed after retries: https://data-api.polymarket.com/positions params={'user': '0x67ac9e1ad7d7e74ef0215d14fc8edb538e4fedf1', 'limit': 500, 'sizeThreshold': 1} err=HTTPSConnectionPool(host='data-api.polymarket.com', port=443): Max retries exceeded with url: /positions?user=0x67ac9e1ad7d7e74ef0215d14fc8edb538e4fedf1&limit=500&sizeThreshold=1 (Caused by SSLError(SSLCertVerificationError(1, "[SSL: CERTIFICATE_VERIFY_FAILED] certificate verify failed: Hostname mismatch, certificate is not valid for 'data-api.polymarket.com'. (_ssl.c:1032)")))
[warn] GET failed after retries: https://data-api.polymarket.com/positions params={'user': '0x5b6331e7ff0831a3fe2ed12004747db1a9c911a4', 'limit': 500, 'sizeThreshold': 1} err=HTTPSConnectionPool(host='data-api.polymarket.com', port=443): Max retries exceeded with url: /positions?user=0x5b6331e7ff0831a3fe2ed12004747db1a9c911a4&limit=500&sizeThreshold=1 (Caused by SSLError(SSLCertVerificationError(1, "[SSL: CERTIFICATE_VERIFY_FAILED] certificate verify failed: Hostname mismatch, certificate is not valid for 'data-api.polymarket.com'. (_ssl.c:1032)")))
[warn] GET failed after retries: https://data-api.polymarket.com/positions params={'user': '0x55f544a537f6b9f50a8d27e662c250e93418e2a0', 'limit': 500, 'sizeThreshold': 1} err=HTTPSConnectionPool(host='data-api.polymarket.com', port=443): Max retries exceeded with url: /positions?user=0x55f544a537f6b9f50a8d27e662c250e93418e2a0&limit=500&sizeThreshold=1 (Caused by SSLError(SSLCertVerificationError(1, "[SSL: CERTIFICATE_VERIFY_FAILED] certificate verify failed: Hostname mismatch, certificate is not valid for 'data-api.polymarket.com'. (_ssl.c:1032)")))
[warn] GET failed after retries: https://data-api.polymarket.com/positions params={'user': '0x39932ca2b7a1b8ab6cbf0b8f7419261b950ccded', 'limit': 500, 'sizeThreshold': 1} err=HTTPSConnectionPool(host='data-api.polymarket.com', port=443): Max retries exceeded with url: /positions?user=0x39932ca2b7a1b8ab6cbf0b8f7419261b950ccded&limit=500&sizeThreshold=1 (Caused by SSLError(SSLCertVerificationError(1, "[SSL: CERTIFICATE_VERIFY_FAILED] certificate verify failed: Hostname mismatch, certificate is not valid for 'data-api.polymarket.com'. (_ssl.c:1032)")))
[warn] GET failed after retries: https://data-api.polymarket.com/positions params={'user': '0x6100acd1f9ebe426750cb5cf7bc89e262beaed95', 'limit': 500, 'sizeThreshold': 1} err=HTTPSConnectionPool(host='data-api.polymarket.com', port=443): Max retries exceeded with url: /positions?user=0x6100acd1f9ebe426750cb5cf7bc89e262beaed95&limit=500&sizeThreshold=1 (Caused by SSLError(SSLCertVerificationError(1, "[SSL: CERTIFICATE_VERIFY_FAILED] certificate verify failed: Hostname mismatch, certificate is not valid for 'data-api.polymarket.com'. (_ssl.c:1032)")))
[warn] GET failed after retries: https://data-api.polymarket.com/positions params={'user': '0x2e78d7a77df765928de65f17196671fa83f2067e', 'limit': 500, 'sizeThreshold': 1} err=HTTPSConnectionPool(host='data-api.polymarket.com', port=443): Max retries exceeded with url: /positions?user=0x2e78d7a77df765928de65f17196671fa83f2067e&limit=500&sizeThreshold=1 (Caused by SSLError(SSLCertVerificationError(1, "[SSL: CERTIFICATE_VERIFY_FAILED] certificate verify failed: Hostname mismatch, certificate is not valid for 'data-api.polymarket.com'. (_ssl.c:1032)")))
[warn] GET failed after retries: https://data-api.polymarket.com/positions params={'user': '0x87da2f16cf98af9b3e2f6ba6d9c4c470815b53d1', 'limit': 500, 'sizeThreshold': 1} err=HTTPSConnectionPool(host='data-api.polymarket.com', port=443): Max retries exceeded with url: /positions?user=0x87da2f16cf98af9b3e2f6ba6d9c4c470815b53d1&limit=500&sizeThreshold=1 (Caused by SSLError(SSLCertVerificationError(1, "[SSL: CERTIFICATE_VERIFY_FAILED] certificate verify failed: Hostname mismatch, certificate is not valid for 'data-api.polymarket.com'. (_ssl.c:1032)")))
[warn] GET failed after retries: https://data-api.polymarket.com/positions params={'user': '0x3d85d47d2f366dc0f2a21e95404428233bba197f', 'limit': 500, 'sizeThreshold': 1} err=HTTPSConnectionPool(host='data-api.polymarket.com', port=443): Max retries exceeded with url: /positions?user=0x3d85d47d2f366dc0f2a21e95404428233bba197f&limit=500&sizeThreshold=1 (Caused by SSLError(SSLCertVerificationError(1, "[SSL: CERTIFICATE_VERIFY_FAILED] certificate verify failed: Hostname mismatch, certificate is not valid for 'data-api.polymarket.com'. (_ssl.c:1032)")))
[warn] GET failed after retries: https://data-api.polymarket.com/positions params={'user': '0x54525ee78bd513b0bf75f94e560158f6fc35d448', 'limit': 500, 'sizeThreshold': 1} err=HTTPSConnectionPool(host='data-api.polymarket.com', port=443): Max retries exceeded with url: /positions?user=0x54525ee78bd513b0bf75f94e560158f6fc35d448&limit=500&sizeThreshold=1 (Caused by SSLError(SSLCertVerificationError(1, "[SSL: CERTIFICATE_VERIFY_FAILED] certificate verify failed: Hostname mismatch, certificate is not valid for 'data-api.polymarket.com'. (_ssl.c:1032)")))
[warn] GET failed after retries: https://data-api.polymarket.com/positions params={'user': '0xdb83e85ffd22faa4009273034770f96ffc5b1e50', 'limit': 500, 'sizeThreshold': 1} err=HTTPSConnectionPool(host='data-api.polymarket.com', port=443): Max retries exceeded with url: /positions?user=0xdb83e85ffd22faa4009273034770f96ffc5b1e50&limit=500&sizeThreshold=1 (Caused by SSLError(SSLCertVerificationError(1, "[SSL: CERTIFICATE_VERIFY_FAILED] certificate verify failed: Hostname mismatch, certificate is not valid for 'data-api.polymarket.com'. (_ssl.c:1032)")))
[warn] GET failed after retries: https://gamma-api.polymarket.com/markets params={'condition_ids': '0xa1cb668f44322a8975bdd12276b7c43bd7705b47298cc6d869858e62ead1435c'} err=HTTPSConnectionPool(host='gamma-api.polymarket.com', port=443): Max retries exceeded with url: /markets?condition_ids=0xa1cb668f44322a8975bdd12276b7c43bd7705b47298cc6d869858e62ead1435c (Caused by SSLError(SSLCertVerificationError(1, "[SSL: CERTIFICATE_VERIFY_FAILED] certificate verify failed: Hostname mismatch, certificate is not valid for 'gamma-api.polymarket.com'. (_ssl.c:1032)")))
[warn] GET failed after retries: https://gamma-api.polymarket.com/markets params={'condition_ids': '0x84f698ac4e21f27dfa51803083f5c115933c13611259e2968e4b2ba06f854912'} err=HTTPSConnectionPool(host='gamma-api.polymarket.com', port=443): Max retries exceeded with url: /markets?condition_ids=0x84f698ac4e21f27dfa51803083f5c115933c13611259e2968e4b2ba06f854912 (Caused by SSLError(SSLCertVerificationError(1, "[SSL: CERTIFICATE_VERIFY_FAILED] certificate verify failed: Hostname mismatch, certificate is not valid for 'gamma-api.polymarket.com'. (_ssl.c:1032)")))
[warn] GET failed after retries: https://gamma-api.polymarket.com/markets params={'condition_ids': '0x7976b8dbacf9077eb1453a62bcefd6ab2df199acd28aad276ff0d920d6992892'} err=HTTPSConnectionPool(host='gamma-api.polymarket.com', port=443): Max retries exceeded with url: /markets?condition_ids=0x7976b8dbacf9077eb1453a62bcefd6ab2df199acd28aad276ff0d920d6992892 (Caused by SSLError(SSLCertVerificationError(1, "[SSL: CERTIFICATE_VERIFY_FAILED] certificate verify failed: Hostname mismatch, certificate is not valid for 'gamma-api.polymarket.com'. (_ssl.c:1032)")))
[warn] GET failed after retries: https://gamma-api.polymarket.com/markets params={'condition_ids': '0x2745c38ff0617cb345c1d2df19b4f74ea777508e07411e88eeb6ab3affcda2a2'} err=HTTPSConnectionPool(host='gamma-api.polymarket.com', port=443): Max retries exceeded with url: /markets?condition_ids=0x2745c38ff0617cb345c1d2df19b4f74ea777508e07411e88eeb6ab3affcda2a2 (Caused by SSLError(SSLCertVerificationError(1, "[SSL: CERTIFICATE_VERIFY_FAILED] certificate verify failed: Hostname mismatch, certificate is not valid for 'gamma-api.polymarket.com'. (_ssl.c:1032)")))
[warn] GET failed after retries: https://gamma-api.polymarket.com/markets params={'condition_ids': '0xa01d48a973e40770719dab42faf1aeae5da4376d9eca46e77265c7551d1be0f7'} err=HTTPSConnectionPool(host='gamma-api.polymarket.com', port=443): Max retries exceeded with url: /markets?condition_ids=0xa01d48a973e40770719dab42faf1aeae5da4376d9eca46e77265c7551d1be0f7 (Caused by SSLError(SSLCertVerificationError(1, "[SSL: CERTIFICATE_VERIFY_FAILED] certificate verify failed: Hostname mismatch, certificate is not valid for 'gamma-api.polymarket.com'. (_ssl.c:1032)")))
[warn] GET failed after retries: https://gamma-api.polymarket.com/markets params={'condition_ids': '0x5e082f0b57f47a29044aa35b4c5658393122e659d5feae521c06b57cdd7f905c'} err=HTTPSConnectionPool(host='gamma-api.polymarket.com', port=443): Max retries exceeded with url: /markets?condition_ids=0x5e082f0b57f47a29044aa35b4c5658393122e659d5feae521c06b57cdd7f905c (Caused by SSLError(SSLCertVerificationError(1, "[SSL: CERTIFICATE_VERIFY_FAILED] certificate verify failed: Hostname mismatch, certificate is not valid for 'gamma-api.polymarket.com'. (_ssl.c:1032)")))
[warn] GET failed after retries: https://gamma-api.polymarket.com/markets params={'condition_ids': '0xd1796c09d0d6f876f8580086ae9808ec991784e3a74b25a1830a25de71a78c96'} err=HTTPSConnectionPool(host='gamma-api.polymarket.com', port=443): Max retries exceeded with url: /markets?condition_ids=0xd1796c09d0d6f876f8580086ae9808ec991784e3a74b25a1830a25de71a78c96 (Caused by SSLError(SSLCertVerificationError(1, "[SSL: CERTIFICATE_VERIFY_FAILED] certificate verify failed: Hostname mismatch, certificate is not valid for 'gamma-api.polymarket.com'. (_ssl.c:1032)")))
[warn] GET failed after retries: https://gamma-api.polymarket.com/markets params={'condition_ids': '0x6522024c060166830e53a48b0db1cab9296601a8539ab005124db5e4bf50a303'} err=HTTPSConnectionPool(host='gamma-api.polymarket.com', port=443): Max retries exceeded with url: /markets?condition_ids=0x6522024c060166830e53a48b0db1cab9296601a8539ab005124db5e4bf50a303 (Caused by SSLError(SSLCertVerificationError(1, "[SSL: CERTIFICATE_VERIFY_FAILED] certificate verify failed: Hostname mismatch, certificate is not valid for 'gamma-api.polymarket.com'. (_ssl.c:1032)")))
[warn] GET failed after retries: https://gamma-api.polymarket.com/markets params={'condition_ids': '0x4167e22670f31e5f93d132f78108f3fae809bd15cadf78983eff096845ed1415'} err=HTTPSConnectionPool(host='gamma-api.polymarket.com', port=443): Max retries exceeded with url: /markets?condition_ids=0x4167e22670f31e5f93d132f78108f3fae809bd15cadf78983eff096845ed1415 (Caused by SSLError(SSLCertVerificationError(1, "[SSL: CERTIFICATE_VERIFY_FAILED] certificate verify failed: Hostname mismatch, certificate is not valid for 'gamma-api.polymarket.com'. (_ssl.c:1032)")))
[warn] GET failed after retries: https://gamma-api.polymarket.com/markets params={'condition_ids': '0x533aab0d99851ea6dccf14861b8b7bb5026a40a15718769f8cc519d93380b391'} err=HTTPSConnectionPool(host='gamma-api.polymarket.com', port=443): Max retries exceeded with url: /markets?condition_ids=0x533aab0d99851ea6dccf14861b8b7bb5026a40a15718769f8cc519d93380b391 (Caused by SSLError(SSLCertVerificationError(1, "[SSL: CERTIFICATE_VERIFY_FAILED] certificate verify failed: Hostname mismatch, certificate is not valid for 'gamma-api.polymarket.com'. (_ssl.c:1032)")))
[warn] GET failed after retries: https://gamma-api.polymarket.com/markets params={'condition_ids': '0xff68b32e6543ae8b44ccb520604b6ea224a1bac071a186fb65f6f40949a758df'} err=HTTPSConnectionPool(host='gamma-api.polymarket.com', port=443): Max retries exceeded with url: /markets?condition_ids=0xff68b32e6543ae8b44ccb520604b6ea224a1bac071a186fb65f6f40949a758df (Caused by SSLError(SSLCertVerificationError(1, "[SSL: CERTIFICATE_VERIFY_FAILED] certificate verify failed: Hostname mismatch, certificate is not valid for 'gamma-api.polymarket.com'. (_ssl.c:1032)")))
[warn] GET failed after retries: https://gamma-api.polymarket.com/markets params={'condition_ids': '0x32e869cb0f7316273417ec79aa94c8a139f8c390ebff8a24150a18753d257f8e'} err=HTTPSConnectionPool(host='gamma-api.polymarket.com', port=443): Max retries exceeded with url: /markets?condition_ids=0x32e869cb0f7316273417ec79aa94c8a139f8c390ebff8a24150a18753d257f8e (Caused by SSLError(SSLCertVerificationError(1, "[SSL: CERTIFICATE_VERIFY_FAILED] certificate verify failed: Hostname mismatch, certificate is not valid for 'gamma-api.polymarket.com'. (_ssl.c:1032)")))
[warn] GET failed after retries: https://gamma-api.polymarket.com/markets params={'condition_ids': '0x4dc5c13eb9646b10da7d5f079f77ef2480ec5466861ce1cfbc910fabed3d7d0d'} err=HTTPSConnectionPool(host='gamma-api.polymarket.com', port=443): Max retries exceeded with url: /markets?condition_ids=0x4dc5c13eb9646b10da7d5f079f77ef2480ec5466861ce1cfbc910fabed3d7d0d (Caused by SSLError(SSLCertVerificationError(1, "[SSL: CERTIFICATE_VERIFY_FAILED] certificate verify failed: Hostname mismatch, certificate is not valid for 'gamma-api.polymarket.com'. (_ssl.c:1032)")))
[warn] GET failed after retries: https://gamma-api.polymarket.com/markets params={'condition_ids': '0xca0329cd4392d91e39df0702949229573d2415ae4a37b0103d0c6e9d03b8dd44'} err=HTTPSConnectionPool(host='gamma-api.polymarket.com', port=443): Max retries exceeded with url: /markets?condition_ids=0xca0329cd4392d91e39df0702949229573d2415ae4a37b0103d0c6e9d03b8dd44 (Caused by SSLError(SSLCertVerificationError(1, "[SSL: CERTIFICATE_VERIFY_FAILED] certificate verify failed: Hostname mismatch, certificate is not valid for 'gamma-api.polymarket.com'. (_ssl.c:1032)")))
[warn] GET failed after retries: https://gamma-api.polymarket.com/markets params={'condition_ids': '0x1a01bf78f56a507fcb666d564d8c8b91b0750679163ed6e96746102c9b7d285d'} err=HTTPSConnectionPool(host='gamma-api.polymarket.com', port=443): Max retries exceeded with url: /markets?condition_ids=0x1a01bf78f56a507fcb666d564d8c8b91b0750679163ed6e96746102c9b7d285d (Caused by SSLError(SSLCertVerificationError(1, "[SSL: CERTIFICATE_VERIFY_FAILED] certificate verify failed: Hostname mismatch, certificate is not valid for 'gamma-api.polymarket.com'. (_ssl.c:1032)")))
[warn] GET failed after retries: https://gamma-api.polymarket.com/markets params={'condition_ids': '0xb8e6d129a06d0ccb21d7b32eb529ea455eddba3cf29bfa097112202cbdf5bf21'} err=HTTPSConnectionPool(host='gamma-api.polymarket.com', port=443): Max retries exceeded with url: /markets?condition_ids=0xb8e6d129a06d0ccb21d7b32eb529ea455eddba3cf29bfa097112202cbdf5bf21 (Caused by SSLError(SSLCertVerificationError(1, "[SSL: CERTIFICATE_VERIFY_FAILED] certificate verify failed: Hostname mismatch, certificate is not valid for 'gamma-api.polymarket.com'. (_ssl.c:1032)")))
[warn] GET failed after retries: https://gamma-api.polymarket.com/markets params={'condition_ids': '0xc5eae79d1ffe716572353962eb926b1e3964c500a4880a7a94f58408218ee76b'} err=HTTPSConnectionPool(host='gamma-api.polymarket.com', port=443): Max retries exceeded with url: /markets?condition_ids=0xc5eae79d1ffe716572353962eb926b1e3964c500a4880a7a94f58408218ee76b (Caused by SSLError(SSLCertVerificationError(1, "[SSL: CERTIFICATE_VERIFY_FAILED] certificate verify failed: Hostname mismatch, certificate is not valid for 'gamma-api.polymarket.com'. (_ssl.c:1032)")))
[warn] GET failed after retries: https://gamma-api.polymarket.com/markets params={'condition_ids': '0x024b68f77bfc019341ee3db8f57c103334e4b9430bba4746d8c94aafd8b36fee'} err=HTTPSConnectionPool(host='gamma-api.polymarket.com', port=443): Max retries exceeded with url: /markets?condition_ids=0x024b68f77bfc019341ee3db8f57c103334e4b9430bba4746d8c94aafd8b36fee (Caused by SSLError(SSLCertVerificationError(1, "[SSL: CERTIFICATE_VERIFY_FAILED] certificate verify failed: Hostname mismatch, certificate is not valid for 'gamma-api.polymarket.com'. (_ssl.c:1032)")))
[warn] GET failed after retries: https://gamma-api.polymarket.com/markets params={'condition_ids': '0x752fa61c93f16c4b15e85b0bd438d9c684176b0ea7b319a84c8aca34616e8a8c'} err=HTTPSConnectionPool(host='gamma-api.polymarket.com', port=443): Max retries exceeded with url: /markets?condition_ids=0x752fa61c93f16c4b15e85b0bd438d9c684176b0ea7b319a84c8aca34616e8a8c (Caused by SSLError(SSLCertVerificationError(1, "[SSL: CERTIFICATE_VERIFY_FAILED] certificate verify failed: Hostname mismatch, certificate is not valid for 'gamma-api.polymarket.com'. (_ssl.c:1032)")))
[warn] GET failed after retries: https://gamma-api.polymarket.com/markets params={'condition_ids': '0xce3c54c3e773e8b3bf73e4c12af93205b21195d03b9c386e22f274b9acfc2c56'} err=HTTPSConnectionPool(host='gamma-api.polymarket.com', port=443): Max retries exceeded with url: /markets?condition_ids=0xce3c54c3e773e8b3bf73e4c12af93205b21195d03b9c386e22f274b9acfc2c56 (Caused by SSLError(SSLCertVerificationError(1, "[SSL: CERTIFICATE_VERIFY_FAILED] certificate verify failed: Hostname mismatch, certificate is not valid for 'gamma-api.polymarket.com'. (_ssl.c:1032)")))
[warn] GET failed after retries: https://gamma-api.polymarket.com/markets params={'condition_ids': '0xdaa4866bae18be58c5a79d2aeeffd035ec78f1bb49dbd88f72993997778a990f'} err=HTTPSConnectionPool(host='gamma-api.polymarket.com', port=443): Max retries exceeded with url: /markets?condition_ids=0xdaa4866bae18be58c5a79d2aeeffd035ec78f1bb49dbd88f72993997778a990f (Caused by SSLError(SSLCertVerificationError(1, "[SSL: CERTIFICATE_VERIFY_FAILED] certificate verify failed: Hostname mismatch, certificate is not valid for 'gamma-api.polymarket.com'. (_ssl.c:1032)")))
[warn] GET failed after retries: https://gamma-api.polymarket.com/markets params={'condition_ids': '0xd5d9fc47718bd553592d126b1fa5e87183d27f3936975b0c04cc0f2dec1f1bb4'} err=HTTPSConnectionPool(host='gamma-api.polymarket.com', port=443): Max retries exceeded with url: /markets?condition_ids=0xd5d9fc47718bd553592d126b1fa5e87183d27f3936975b0c04cc0f2dec1f1bb4 (Caused by SSLError(SSLCertVerificationError(1, "[SSL: CERTIFICATE_VERIFY_FAILED] certificate verify failed: Hostname mismatch, certificate is not valid for 'gamma-api.polymarket.com'. (_ssl.c:1032)")))
[warn] GET failed after retries: https://gamma-api.polymarket.com/markets params={'condition_ids': '0x4567b275e6b667a6217f5cb4f06a797d3a1eaf1d0281fb5bc8c75e2046ae7e57'} err=HTTPSConnectionPool(host='gamma-api.polymarket.com', port=443): Max retries exceeded with url: /markets?condition_ids=0x4567b275e6b667a6217f5cb4f06a797d3a1eaf1d0281fb5bc8c75e2046ae7e57 (Caused by SSLError(SSLCertVerificationError(1, "[SSL: CERTIFICATE_VERIFY_FAILED] certificate verify failed: Hostname mismatch, certificate is not valid for 'gamma-api.polymarket.com'. (_ssl.c:1032)")))
[warn] GET failed after retries: https://gamma-api.polymarket.com/markets params={'condition_ids': '0xccd02457c87dc4d3d5a1e6d5ec71bdd21f3ef922b61e326f270d6ff0382a7eec'} err=HTTPSConnectionPool(host='gamma-api.polymarket.com', port=443): Max retries exceeded with url: /markets?condition_ids=0xccd02457c87dc4d3d5a1e6d5ec71bdd21f3ef922b61e326f270d6ff0382a7eec (Caused by SSLError(SSLCertVerificationError(1, "[SSL: CERTIFICATE_VERIFY_FAILED] certificate verify failed: Hostname mismatch, certificate is not valid for 'gamma-api.polymarket.com'. (_ssl.c:1032)")))
[warn] GET failed after retries: https://gamma-api.polymarket.com/markets params={'condition_ids': '0x16c63b7cc37f012b9f59ee164ec03877914c701d06d48291ae8d6fc08a088b0d'} err=HTTPSConnectionPool(host='gamma-api.polymarket.com', port=443): Max retries exceeded with url: /markets?condition_ids=0x16c63b7cc37f012b9f59ee164ec03877914c701d06d48291ae8d6fc08a088b0d (Caused by SSLError(SSLCertVerificationError(1, "[SSL: CERTIFICATE_VERIFY_FAILED] certificate verify failed: Hostname mismatch, certificate is not valid for 'gamma-api.polymarket.com'. (_ssl.c:1032)")))
[warn] GET failed after retries: https://gamma-api.polymarket.com/markets params={'condition_ids': '0x502a94e5c525766d5ee7f16c6568131ba1b2cbadb69c703af05a6ef00336ed64'} err=HTTPSConnectionPool(host='gamma-api.polymarket.com', port=443): Max retries exceeded with url: /markets?condition_ids=0x502a94e5c525766d5ee7f16c6568131ba1b2cbadb69c703af05a6ef00336ed64 (Caused by SSLError(SSLCertVerificationError(1, "[SSL: CERTIFICATE_VERIFY_FAILED] certificate verify failed: Hostname mismatch, certificate is not valid for 'gamma-api.polymarket.com'. (_ssl.c:1032)")))
[warn] GET failed after retries: https://gamma-api.polymarket.com/markets params={'condition_ids': '0x2bf419aa66753cd95324dfe102ad2d0d5bdb0205cf52735a389134b78f2b2139'} err=HTTPSConnectionPool(host='gamma-api.polymarket.com', port=443): Max retries exceeded with url: /markets?condition_ids=0x2bf419aa66753cd95324dfe102ad2d0d5bdb0205cf52735a389134b78f2b2139 (Caused by SSLError(SSLCertVerificationError(1, "[SSL: CERTIFICATE_VERIFY_FAILED] certificate verify failed: Hostname mismatch, certificate is not valid for 'gamma-api.polymarket.com'. (_ssl.c:1032)")))
[warn] GET failed after retries: https://gamma-api.polymarket.com/markets params={'condition_ids': '0x4e4f77e7dbf4cab666e9a1943674d7ae66348e862df03ea6f44b11eb95731928'} err=HTTPSConnectionPool(host='gamma-api.polymarket.com', port=443): Max retries exceeded with url: /markets?condition_ids=0x4e4f77e7dbf4cab666e9a1943674d7ae66348e862df03ea6f44b11eb95731928 (Caused by SSLError(SSLCertVerificationError(1, "[SSL: CERTIFICATE_VERIFY_FAILED] certificate verify failed: Hostname mismatch, certificate is not valid for 'gamma-api.polymarket.com'. (_ssl.c:1032)")))
[warn] GET failed after retries: https://gamma-api.polymarket.com/markets params={'condition_ids': '0xcf25ccc8360f3952139fb5e3f14cb9bb0636cb53d0e30e947321ceccab7e9780'} err=HTTPSConnectionPool(host='gamma-api.polymarket.com', port=443): Max retries exceeded with url: /markets?condition_ids=0xcf25ccc8360f3952139fb5e3f14cb9bb0636cb53d0e30e947321ceccab7e9780 (Caused by SSLError(SSLCertVerificationError(1, "[SSL: CERTIFICATE_VERIFY_FAILED] certificate verify failed: Hostname mismatch, certificate is not valid for 'gamma-api.polymarket.com'. (_ssl.c:1032)")))
[warn] GET failed after retries: https://gamma-api.polymarket.com/markets params={'condition_ids': '0x80b3af88cb991980e8da1ce86b9794a0957f96ec98c29319dd7ba65e9744d82b'} err=HTTPSConnectionPool(host='gamma-api.polymarket.com', port=443): Max retries exceeded with url: /markets?condition_ids=0x80b3af88cb991980e8da1ce86b9794a0957f96ec98c29319dd7ba65e9744d82b (Caused by SSLError(SSLCertVerificationError(1, "[SSL: CERTIFICATE_VERIFY_FAILED] certificate verify failed: Hostname mismatch, certificate is not valid for 'gamma-api.polymarket.com'. (_ssl.c:1032)")))
[warn] GET failed after retries: https://gamma-api.polymarket.com/markets params={'condition_ids': '0xcf8482eb154c9e79b6b7ec3f698164448432494bc532037069bb1f5f8f3d140f'} err=HTTPSConnectionPool(host='gamma-api.polymarket.com', port=443): Max retries exceeded with url: /markets?condition_ids=0xcf8482eb154c9e79b6b7ec3f698164448432494bc532037069bb1f5f8f3d140f (Caused by SSLError(SSLCertVerificationError(1, "[SSL: CERTIFICATE_VERIFY_FAILED] certificate verify failed: Hostname mismatch, certificate is not valid for 'gamma-api.polymarket.com'. (_ssl.c:1032)")))
[warn] GET failed after retries: https://gamma-api.polymarket.com/markets params={'condition_ids': '0x13063378354efc19bd137751a04fb78e0a7b21dbc1636dcb028d52838f08ae11'} err=HTTPSConnectionPool(host='gamma-api.polymarket.com', port=443): Max retries exceeded with url: /markets?condition_ids=0x13063378354efc19bd137751a04fb78e0a7b21dbc1636dcb028d52838f08ae11 (Caused by SSLError(SSLCertVerificationError(1, "[SSL: CERTIFICATE_VERIFY_FAILED] certificate verify failed: Hostname mismatch, certificate is not valid for 'gamma-api.polymarket.com'. (_ssl.c:1032)")))
[warn] GET failed after retries: https://gamma-api.polymarket.com/markets params={'condition_ids': '0x24c61d77ad48518a1c3a865d65771c7c62526e633cd119d5dc8bc59ba8b6107d'} err=HTTPSConnectionPool(host='gamma-api.polymarket.com', port=443): Max retries exceeded with url: /markets?condition_ids=0x24c61d77ad48518a1c3a865d65771c7c62526e633cd119d5dc8bc59ba8b6107d (Caused by SSLError(SSLCertVerificationError(1, "[SSL: CERTIFICATE_VERIFY_FAILED] certificate verify failed: Hostname mismatch, certificate is not valid for 'gamma-api.polymarket.com'. (_ssl.c:1032)")))
[warn] GET failed after retries: https://gamma-api.polymarket.com/markets params={'condition_ids': '0x07cf19dc78b559bd9aef41b00839d9e5a5637a073e87eb0185ee417db4006447'} err=HTTPSConnectionPool(host='gamma-api.polymarket.com', port=443): Max retries exceeded with url: /markets?condition_ids=0x07cf19dc78b559bd9aef41b00839d9e5a5637a073e87eb0185ee417db4006447 (Caused by SSLError(SSLCertVerificationError(1, "[SSL: CERTIFICATE_VERIFY_FAILED] certificate verify failed: Hostname mismatch, certificate is not valid for 'gamma-api.polymarket.com'. (_ssl.c:1032)")))
[warn] GET failed after retries: https://gamma-api.polymarket.com/markets params={'condition_ids': '0x375409bc5eeeff961e82b479caeccc20f33d15738e5bce1186d628aa3d9dfb1f'} err=HTTPSConnectionPool(host='gamma-api.polymarket.com', port=443): Max retries exceeded with url: /markets?condition_ids=0x375409bc5eeeff961e82b479caeccc20f33d15738e5bce1186d628aa3d9dfb1f (Caused by SSLError(SSLCertVerificationError(1, "[SSL: CERTIFICATE_VERIFY_FAILED] certificate verify failed: Hostname mismatch, certificate is not valid for 'gamma-api.polymarket.com'. (_ssl.c:1032)")))
[warn] GET failed after retries: https://gamma-api.polymarket.com/markets params={'condition_ids': '0xbc0079f0872035a9eccf8920c3ceb807750685c25a5f5dcd8a8a235a34cd7bb0'} err=HTTPSConnectionPool(host='gamma-api.polymarket.com', port=443): Max retries exceeded with url: /markets?condition_ids=0xbc0079f0872035a9eccf8920c3ceb807750685c25a5f5dcd8a8a235a34cd7bb0 (Caused by SSLError(SSLCertVerificationError(1, "[SSL: CERTIFICATE_VERIFY_FAILED] certificate verify failed: Hostname mismatch, certificate is not valid for 'gamma-api.polymarket.com'. (_ssl.c:1032)")))
[warn] GET failed after retries: https://gamma-api.polymarket.com/markets params={'condition_ids': '0x903a1387e6414be5529efc8f7757e30371e6698de9d68fa4ce33252009db69ef'} err=HTTPSConnectionPool(host='gamma-api.polymarket.com', port=443): Max retries exceeded with url: /markets?condition_ids=0x903a1387e6414be5529efc8f7757e30371e6698de9d68fa4ce33252009db69ef (Caused by SSLError(SSLCertVerificationError(1, "[SSL: CERTIFICATE_VERIFY_FAILED] certificate verify failed: Hostname mismatch, certificate is not valid for 'gamma-api.polymarket.com'. (_ssl.c:1032)")))
[warn] GET failed after retries: https://gamma-api.polymarket.com/markets params={'condition_ids': '0x43c2a58c4c9d57017bd20fbaf8248920c3a50dcad5981aeb5f8fcf3e6edffb9f'} err=HTTPSConnectionPool(host='gamma-api.polymarket.com', port=443): Max retries exceeded with url: /markets?condition_ids=0x43c2a58c4c9d57017bd20fbaf8248920c3a50dcad5981aeb5f8fcf3e6edffb9f (Caused by SSLError(SSLCertVerificationError(1, "[SSL: CERTIFICATE_VERIFY_FAILED] certificate verify failed: Hostname mismatch, certificate is not valid for 'gamma-api.polymarket.com'. (_ssl.c:1032)")))
[warn] GET failed after retries: https://gamma-api.polymarket.com/markets params={'condition_ids': '0x4b84a8e08cb3376c9e5be5cc5a37f7073de05cdf0810d2ad3fe745c4760ef3e0'} err=HTTPSConnectionPool(host='gamma-api.polymarket.com', port=443): Max retries exceeded with url: /markets?condition_ids=0x4b84a8e08cb3376c9e5be5cc5a37f7073de05cdf0810d2ad3fe745c4760ef3e0 (Caused by SSLError(SSLCertVerificationError(1, "[SSL: CERTIFICATE_VERIFY_FAILED] certificate verify failed: Hostname mismatch, certificate is not valid for 'gamma-api.polymarket.com'. (_ssl.c:1032)")))
[warn] GET failed after retries: https://gamma-api.polymarket.com/markets params={'condition_ids': '0x00a98be91394689188f2979411d033b64ac94e86fd64c8cdec0e47a44b2b5f2a'} err=HTTPSConnectionPool(host='gamma-api.polymarket.com', port=443): Max retries exceeded with url: /markets?condition_ids=0x00a98be91394689188f2979411d033b64ac94e86fd64c8cdec0e47a44b2b5f2a (Caused by SSLError(SSLCertVerificationError(1, "[SSL: CERTIFICATE_VERIFY_FAILED] certificate verify failed: Hostname mismatch, certificate is not valid for 'gamma-api.polymarket.com'. (_ssl.c:1032)")))
[warn] GET failed after retries: https://gamma-api.polymarket.com/markets params={'condition_ids': '0x5a65916bffaf64914bdbfededab08b150d85648b53d1f6d03582cce3bd07b9c2'} err=HTTPSConnectionPool(host='gamma-api.polymarket.com', port=443): Max retries exceeded with url: /markets?condition_ids=0x5a65916bffaf64914bdbfededab08b150d85648b53d1f6d03582cce3bd07b9c2 (Caused by SSLError(SSLCertVerificationError(1, "[SSL: CERTIFICATE_VERIFY_FAILED] certificate verify failed: Hostname mismatch, certificate is not valid for 'gamma-api.polymarket.com'. (_ssl.c:1032)")))
[warn] GET failed after retries: https://gamma-api.polymarket.com/markets params={'condition_ids': '0xbe76d109a293ab750050261d7fa2ec77f17df9603e99f31973b07442baa8b273'} err=HTTPSConnectionPool(host='gamma-api.polymarket.com', port=443): Max retries exceeded with url: /markets?condition_ids=0xbe76d109a293ab750050261d7fa2ec77f17df9603e99f31973b07442baa8b273 (Caused by SSLError(SSLCertVerificationError(1, "[SSL: CERTIFICATE_VERIFY_FAILED] certificate verify failed: Hostname mismatch, certificate is not valid for 'gamma-api.polymarket.com'. (_ssl.c:1032)")))
[warn] GET failed after retries: https://gamma-api.polymarket.com/markets params={'condition_ids': '0x644a285bd58c399ab9c9fe8a6dcb35bc9d598d6ac4601b7c416019635f047e9e'} err=HTTPSConnectionPool(host='gamma-api.polymarket.com', port=443): Max retries exceeded with url: /markets?condition_ids=0x644a285bd58c399ab9c9fe8a6dcb35bc9d598d6ac4601b7c416019635f047e9e (Caused by SSLError(SSLCertVerificationError(1, "[SSL: CERTIFICATE_VERIFY_FAILED] certificate verify failed: Hostname mismatch, certificate is not valid for 'gamma-api.polymarket.com'. (_ssl.c:1032)")))
[warn] GET failed after retries: https://gamma-api.polymarket.com/markets params={'condition_ids': '0x508af22a38ad600b6b7526970e26be280e4183731954b575320050735d991fa8'} err=HTTPSConnectionPool(host='gamma-api.polymarket.com', port=443): Max retries exceeded with url: /markets?condition_ids=0x508af22a38ad600b6b7526970e26be280e4183731954b575320050735d991fa8 (Caused by SSLError(SSLCertVerificationError(1, "[SSL: CERTIFICATE_VERIFY_FAILED] certificate verify failed: Hostname mismatch, certificate is not valid for 'gamma-api.polymarket.com'. (_ssl.c:1032)")))
[warn] GET failed after retries: https://gamma-api.polymarket.com/markets params={'condition_ids': '0x0f5e01cf1cabb6c49e424f230ca77a2ccd3e1ac63b31ae03ef749ac2bde7fa0e'} err=HTTPSConnectionPool(host='gamma-api.polymarket.com', port=443): Max retries exceeded with url: /markets?condition_ids=0x0f5e01cf1cabb6c49e424f230ca77a2ccd3e1ac63b31ae03ef749ac2bde7fa0e (Caused by SSLError(SSLCertVerificationError(1, "[SSL: CERTIFICATE_VERIFY_FAILED] certificate verify failed: Hostname mismatch, certificate is not valid for 'gamma-api.polymarket.com'. (_ssl.c:1032)")))
[warn] GET failed after retries: https://gamma-api.polymarket.com/markets params={'condition_ids': '0xce879a93a2ec2e37b5da3ed2fb3d7d6e703256afa838ac193de14329bb8a8568'} err=HTTPSConnectionPool(host='gamma-api.polymarket.com', port=443): Max retries exceeded with url: /markets?condition_ids=0xce879a93a2ec2e37b5da3ed2fb3d7d6e703256afa838ac193de14329bb8a8568 (Caused by SSLError(SSLCertVerificationError(1, "[SSL: CERTIFICATE_VERIFY_FAILED] certificate verify failed: Hostname mismatch, certificate is not valid for 'gamma-api.polymarket.com'. (_ssl.c:1032)")))
[warn] GET failed after retries: https://gamma-api.polymarket.com/markets params={'condition_ids': '0xc0aed6d5d893988b4bef5a8242435bbc7c3b45b1e438bcffc9e9bf71d173ae46'} err=HTTPSConnectionPool(host='gamma-api.polymarket.com', port=443): Max retries exceeded with url: /markets?condition_ids=0xc0aed6d5d893988b4bef5a8242435bbc7c3b45b1e438bcffc9e9bf71d173ae46 (Caused by SSLError(SSLCertVerificationError(1, "[SSL: CERTIFICATE_VERIFY_FAILED] certificate verify failed: Hostname mismatch, certificate is not valid for 'gamma-api.polymarket.com'. (_ssl.c:1032)")))
[warn] GET failed after retries: https://gamma-api.polymarket.com/markets params={'condition_ids': '0xdbbbbd6ea71cad296d859aa629497400402ab253a51350bddd5d761dbbad1460'} err=HTTPSConnectionPool(host='gamma-api.polymarket.com', port=443): Max retries exceeded with url: /markets?condition_ids=0xdbbbbd6ea71cad296d859aa629497400402ab253a51350bddd5d761dbbad1460 (Caused by SSLError(SSLCertVerificationError(1, "[SSL: CERTIFICATE_VERIFY_FAILED] certificate verify failed: Hostname mismatch, certificate is not valid for 'gamma-api.polymarket.com'. (_ssl.c:1032)")))
[warn] GET failed after retries: https://gamma-api.polymarket.com/markets params={'condition_ids': '0xb7abfb57c5e753d61b3f938893096c07b047b6d42c16ee92b6e3b371919288b0'} err=HTTPSConnectionPool(host='gamma-api.polymarket.com', port=443): Max retries exceeded with url: /markets?condition_ids=0xb7abfb57c5e753d61b3f938893096c07b047b6d42c16ee92b6e3b371919288b0 (Caused by SSLError(SSLCertVerificationError(1, "[SSL: CERTIFICATE_VERIFY_FAILED] certificate verify failed: Hostname mismatch, certificate is not valid for 'gamma-api.polymarket.com'. (_ssl.c:1032)")))
[warn] GET failed after retries: https://gamma-api.polymarket.com/markets params={'condition_ids': '0x2f2928298f0b27749912d7a89fa39abda0c21e732724e6cfbb423e09aec8d420'} err=HTTPSConnectionPool(host='gamma-api.polymarket.com', port=443): Max retries exceeded with url: /markets?condition_ids=0x2f2928298f0b27749912d7a89fa39abda0c21e732724e6cfbb423e09aec8d420 (Caused by SSLError(SSLCertVerificationError(1, "[SSL: CERTIFICATE_VERIFY_FAILED] certificate verify failed: Hostname mismatch, certificate is not valid for 'gamma-api.polymarket.com'. (_ssl.c:1032)")))
[warn] GET failed after retries: https://gamma-api.polymarket.com/markets params={'condition_ids': '0x5cf1e28bbfee9ba6342813129b8544ee17ee9b6ecea1d3dc20795fe132e396ab'} err=HTTPSConnectionPool(host='gamma-api.polymarket.com', port=443): Max retries exceeded with url: /markets?condition_ids=0x5cf1e28bbfee9ba6342813129b8544ee17ee9b6ecea1d3dc20795fe132e396ab (Caused by SSLError(SSLCertVerificationError(1, "[SSL: CERTIFICATE_VERIFY_FAILED] certificate verify failed: Hostname mismatch, certificate is not valid for 'gamma-api.polymarket.com'. (_ssl.c:1032)")))
[warn] GET failed after retries: https://gamma-api.polymarket.com/markets params={'condition_ids': '0xe5522d598794604abed0c7c95a2b1c4b86337105574cdeeaacea5cca91f2c922'} err=HTTPSConnectionPool(host='gamma-api.polymarket.com', port=443): Max retries exceeded with url: /markets?condition_ids=0xe5522d598794604abed0c7c95a2b1c4b86337105574cdeeaacea5cca91f2c922 (Caused by SSLError(SSLCertVerificationError(1, "[SSL: CERTIFICATE_VERIFY_FAILED] certificate verify failed: Hostname mismatch, certificate is not valid for 'gamma-api.polymarket.com'. (_ssl.c:1032)")))
[warn] GET failed after retries: https://gamma-api.polymarket.com/markets params={'condition_ids': '0x191b1bc8f411f34678ba2aacb279b0a3fc1c5c1f6cc5432cd5d5e36aa433d514'} err=HTTPSConnectionPool(host='gamma-api.polymarket.com', port=443): Max retries exceeded with url: /markets?condition_ids=0x191b1bc8f411f34678ba2aacb279b0a3fc1c5c1f6cc5432cd5d5e36aa433d514 (Caused by SSLError(SSLCertVerificationError(1, "[SSL: CERTIFICATE_VERIFY_FAILED] certificate verify failed: Hostname mismatch, certificate is not valid for 'gamma-api.polymarket.com'. (_ssl.c:1032)")))
[warn] GET failed after retries: https://gamma-api.polymarket.com/markets params={'condition_ids': '0x136f4e242faeb42f66fa6baf4c192fbfa0b5788ed47a2bf1a3d3a2051b87715a'} err=HTTPSConnectionPool(host='gamma-api.polymarket.com', port=443): Max retries exceeded with url: /markets?condition_ids=0x136f4e242faeb42f66fa6baf4c192fbfa0b5788ed47a2bf1a3d3a2051b87715a (Caused by SSLError(SSLCertVerificationError(1, "[SSL: CERTIFICATE_VERIFY_FAILED] certificate verify failed: Hostname mismatch, certificate is not valid for 'gamma-api.polymarket.com'. (_ssl.c:1032)")))
[warn] GET failed after retries: https://gamma-api.polymarket.com/markets params={'condition_ids': '0x1e5564c1a2a6839cc2780a889437c63786a2c2ec5e95569b710ee659a3e8baa2'} err=HTTPSConnectionPool(host='gamma-api.polymarket.com', port=443): Max retries exceeded with url: /markets?condition_ids=0x1e5564c1a2a6839cc2780a889437c63786a2c2ec5e95569b710ee659a3e8baa2 (Caused by SSLError(SSLCertVerificationError(1, "[SSL: CERTIFICATE_VERIFY_FAILED] certificate verify failed: Hostname mismatch, certificate is not valid for 'gamma-api.polymarket.com'. (_ssl.c:1032)")))
[warn] GET failed after retries: https://gamma-api.polymarket.com/markets params={'condition_ids': '0x0891e4792a016a079765dd25029639cd731f7dc0bde3d65d6002b2b19dae2777'} err=HTTPSConnectionPool(host='gamma-api.polymarket.com', port=443): Max retries exceeded with url: /markets?condition_ids=0x0891e4792a016a079765dd25029639cd731f7dc0bde3d65d6002b2b19dae2777 (Caused by SSLError(SSLCertVerificationError(1, "[SSL: CERTIFICATE_VERIFY_FAILED] certificate verify failed: Hostname mismatch, certificate is not valid for 'gamma-api.polymarket.com'. (_ssl.c:1032)")))
[warn] GET failed after retries: https://gamma-api.polymarket.com/markets params={'condition_ids': '0x528663818f8f40350e20d63acd3dbae9955ddbdd03860019a752c699aa6e5f31'} err=HTTPSConnectionPool(host='gamma-api.polymarket.com', port=443): Max retries exceeded with url: /markets?condition_ids=0x528663818f8f40350e20d63acd3dbae9955ddbdd03860019a752c699aa6e5f31 (Caused by SSLError(SSLCertVerificationError(1, "[SSL: CERTIFICATE_VERIFY_FAILED] certificate verify failed: Hostname mismatch, certificate is not valid for 'gamma-api.polymarket.com'. (_ssl.c:1032)")))
[warn] GET failed after retries: https://gamma-api.polymarket.com/markets params={'condition_ids': '0xd5986eab83b310f42619111912d385f5cfdd8fb39c5dec43758ae2046b86aee4'} err=HTTPSConnectionPool(host='gamma-api.polymarket.com', port=443): Max retries exceeded with url: /markets?condition_ids=0xd5986eab83b310f42619111912d385f5cfdd8fb39c5dec43758ae2046b86aee4 (Caused by SSLError(SSLCertVerificationError(1, "[SSL: CERTIFICATE_VERIFY_FAILED] certificate verify failed: Hostname mismatch, certificate is not valid for 'gamma-api.polymarket.com'. (_ssl.c:1032)")))
[warn] GET failed after retries: https://gamma-api.polymarket.com/markets params={'condition_ids': '0x7b4ddec43a52faf68d507924e88d5cfa4b7c88ff3925410528a0541ae9d17129'} err=HTTPSConnectionPool(host='gamma-api.polymarket.com', port=443): Max retries exceeded with url: /markets?condition_ids=0x7b4ddec43a52faf68d507924e88d5cfa4b7c88ff3925410528a0541ae9d17129 (Caused by SSLError(SSLCertVerificationError(1, "[SSL: CERTIFICATE_VERIFY_FAILED] certificate verify failed: Hostname mismatch, certificate is not valid for 'gamma-api.polymarket.com'. (_ssl.c:1032)")))
[warn] GET failed after retries: https://gamma-api.polymarket.com/markets params={'condition_ids': '0x328583376667b725cc6848dc9b61b205579b1314ecdb4334ea245aec270d2c66'} err=HTTPSConnectionPool(host='gamma-api.polymarket.com', port=443): Max retries exceeded with url: /markets?condition_ids=0x328583376667b725cc6848dc9b61b205579b1314ecdb4334ea245aec270d2c66 (Caused by SSLError(SSLCertVerificationError(1, "[SSL: CERTIFICATE_VERIFY_FAILED] certificate verify failed: Hostname mismatch, certificate is not valid for 'gamma-api.polymarket.com'. (_ssl.c:1032)")))
[report] valid-resolved=1 (5 sub-48h excluded)  hit_rate=1.000  avg_entry_price=0.865  median_ret=+0.156
[report] 29 more valid resolved trades needed before verdict
[cycle] +0 entries, 0 closed, 60 still open
=== paper_trader 2026-07-15 (frozen strategy v1.1) ===
[scan] reading current positions of 116 roster traders...
    ...read 20/116 traders
    ...read 40/116 traders
    ...read 60/116 traders
    ...read 80/116 traders
    ...read 100/116 traders
[ENTRY]    No @ 0.845  x2  Will the US announce withdrawal from MOU negotiati
[report] valid-resolved=8 (5 sub-48h excluded)  hit_rate=0.375  avg_entry_price=0.496  median_ret=-1.000
[report] 22 more valid resolved trades needed before verdict
[cycle] +1 entries, 0 closed, 57 still open
=== paper_trader 2026-07-16 (frozen strategy v1.1) ===
[scan] reading current positions of 116 roster traders...
    ...read 20/116 traders
    ...read 40/116 traders
    ...read 60/116 traders
    ...read 80/116 traders
    ...read 100/116 traders
[ENTRY] Paula Badosa @ 0.855  x2  Iasi Open: Alevtina Ibragimova vs Paula Badosa
[ENTRY] Panna Udvardy @ 0.545  x2  Iasi Open: Panna Udvardy vs Katarzyna Kawa
[ENTRY] Daniel Merida Aguilar @ 0.605  x2  Croatia Open: Daniel Merida Aguilar vs Titouan Dro
[ENTRY]    No @ 0.775  x7  Will the U.S. invade Iran before 2027?
[ENTRY]   Yes @ 0.155  x2  Will the U.S. invade Cuba in 2026?
[ENTRY]   Yes @ 0.325  x2  US strike on Cuba by December 31?
[EXIT]     No sharps left, entry 0.505 -> 0.665  ret 0.3168
[RESOLVE]   Yes entry 0.150 -> 0  ret -1.0
[EXIT]     No sharps left, entry 0.765 -> 0.845  ret 0.1046
[report] valid-resolved=9 (5 sub-48h excluded)  hit_rate=0.333  avg_entry_price=0.457  median_ret=-1.000
[report] 21 more valid resolved trades needed before verdict
[cycle] +6 entries, 3 closed, 60 still open
=== paper_trader 2026-07-17 (frozen strategy v1.1) ===
[scan] reading current positions of 116 roster traders...
    ...read 20/116 traders
    ...read 40/116 traders
    ...read 60/116 traders
    ...read 80/116 traders
    ...read 100/116 traders
[ENTRY] Raphael Collignon @ 0.575  x2  Swiss Open: Raphael Collignon vs Valentin Vacherot
[ENTRY] Quentin Halys @ 0.311  x6  Swiss Open: Alexander Bublik vs Quentin Halys
[ENTRY] Luciano Darderi @ 0.575  x2  Swedish Open: Nuno Borges vs Luciano Darderi
[RESOLVE]    No entry 0.740 -> 1  ret 0.3514
[report] valid-resolved=10 (5 sub-48h excluded)  hit_rate=0.400  avg_entry_price=0.486  median_ret=-1.000
[report] 20 more valid resolved trades needed before verdict
[cycle] +3 entries, 1 closed, 62 still open
=== paper_trader 2026-07-18 (frozen strategy v1.1) ===
[scan] reading current positions of 116 roster traders...
    ...read 20/116 traders
    ...read 40/116 traders
    ...read 60/116 traders
    ...read 80/116 traders
    ...read 100/116 traders
[ENTRY] Raphael Collignon @ 0.560  x2  Swiss Open: Raphael Collignon vs Juan Manuel Cerun
[ENTRY] Luciano Darderi @ 0.695  x2  Swedish Open: Adolfo Vallejo vs Luciano Darderi
[ENTRY]   Yes @ 0.225  x2  Will Bitcoin dip to $45,000 by December 31, 2026?
[EXIT]     No sharps left, entry 0.645 -> 0.775  ret 0.2016
[report] valid-resolved=10 (5 sub-48h excluded)  hit_rate=0.400  avg_entry_price=0.486  median_ret=-1.000
[report] 20 more valid resolved trades needed before verdict
[cycle] +3 entries, 1 closed, 64 still open
=== paper_trader 2026-07-19 (frozen strategy v1.1) ===
[scan] reading current positions of 116 roster traders...
    ...read 20/116 traders
    ...read 40/116 traders
    ...read 60/116 traders
    ...read 80/116 traders
    ...read 100/116 traders
[ENTRY] August Holmgren @ 0.325  x2  Granby: Aleksandar Vukic vs August Holmgren
[RESOLVE] Kamaru Usman entry 0.315 -> 0  ret -1.0
[RESOLVE]    No entry 0.265 -> 0  ret -1.0
[report] valid-resolved=12 (5 sub-48h excluded)  hit_rate=0.333  avg_entry_price=0.453  median_ret=-1.000
[report] 18 more valid resolved trades needed before verdict
[cycle] +1 entries, 2 closed, 63 still open
=== paper_trader 2026-07-20 (frozen strategy v1.1) ===
[scan] reading current positions of 116 roster traders...
    ...read 20/116 traders
    ...read 40/116 traders
    ...read 60/116 traders
    ...read 80/116 traders
    ...read 100/116 traders
[ENTRY]   Yes @ 0.345  x2  Will Bitcoin dip to $50,000 by December 31, 2026?
[EXIT]    Yes sharps left, entry 0.225 -> 0.215  ret -0.0444
[RESOLVE] August Holmgren entry 0.325 -> 0  ret -1.0
[report] valid-resolved=12 (6 sub-48h excluded)  hit_rate=0.333  avg_entry_price=0.453  median_ret=-1.000
[report] 18 more valid resolved trades needed before verdict
[cycle] +1 entries, 2 closed, 62 still open
=== paper_trader 2026-07-21 (frozen strategy v1.1) ===
[scan] reading current positions of 116 roster traders...
    ...read 20/116 traders
    ...read 40/116 traders
    ...read 60/116 traders
    ...read 80/116 traders
    ...read 100/116 traders
[ENTRY] Paula Badosa @ 0.605  x3  Hamburg European Open: Katarzyna Kawa vs Paula Bad
[ENTRY] Rio Noguchi @ 0.606  x2  Winnipeg: Rio Noguchi vs Braden Shick
[ENTRY] Nikola Bartunkova @ 0.755  x2  Livesport Prague Open: Nikola Bartunkova vs Yue Yu
[EXIT]    Yes sharps left, entry 0.135 -> 0.035  ret -0.737
[EXIT]     No sharps left, entry 0.845 -> 0.915  ret 0.0828
[report] valid-resolved=12 (6 sub-48h excluded)  hit_rate=0.333  avg_entry_price=0.453  median_ret=-1.000
[report] 18 more valid resolved trades needed before verdict
[cycle] +3 entries, 2 closed, 63 still open
=== paper_trader 2026-07-22 (frozen strategy v1.1) ===
[scan] reading current positions of 116 roster traders...
    ...read 20/116 traders
    ...read 40/116 traders
    ...read 60/116 traders
    ...read 80/116 traders
    ...read 100/116 traders
[ENTRY] Tessa Brockmann @ 0.395  x3  Hamburg European Open: Tessa Brockmann vs Elsa Jac
[ENTRY] Marie Bouzkova @ 0.845  x2  Livesport Prague Open: Marie Bouzkova vs Carol You
[ENTRY] Boston Red Sox @ 0.575  x5  Baltimore Orioles vs. Boston Red Sox
[ENTRY]   Yes @ 0.195  x2  US x Iran Effective Ceasefire by July 31?
[EXIT]    Yes sharps left, entry 0.345 -> 0.305  ret -0.1159
[report] valid-resolved=12 (6 sub-48h excluded)  hit_rate=0.333  avg_entry_price=0.453  median_ret=-1.000
[report] 18 more valid resolved trades needed before verdict
[cycle] +4 entries, 1 closed, 66 still open
=== paper_trader 2026-07-23 (frozen strategy v1.1) ===
[scan] reading current positions of 116 roster traders...
    ...read 20/116 traders
    ...read 40/116 traders
    ...read 60/116 traders
    ...read 80/116 traders
    ...read 100/116 traders
[ENTRY] Philadelphia Phillies @ 0.485  x3  Los Angeles Dodgers vs. Philadelphia Phillies
[ENTRY] Toronto Blue Jays @ 0.588  x2  Tampa Bay Rays vs. Toronto Blue Jays
[ENTRY] Chicago Cubs @ 0.585  x4  Detroit Tigers vs. Chicago Cubs
[ENTRY]   Yes @ 0.389  x2  Will Nithya Raman win the 2026 Los Angeles mayoral
[ENTRY]   Yes @ 0.140  x2  US announces end of Iranian blockade by July 31, 2
[EXIT]  NC Dinos sharps left, entry 0.515 -> 0.196  ret -0.6204
[RESOLVE] Paula Badosa entry 0.605 -> 1  ret 0.6529
[RESOLVE] Rio Noguchi entry 0.606 -> 1  ret 0.6502
[RESOLVE] Nikola Bartunkova entry 0.755 -> 1  ret 0.3245
[RESOLVE] Tessa Brockmann entry 0.395 -> 0  ret -1.0
[RESOLVE] Marie Bouzkova entry 0.845 -> 1  ret 0.1834
[RESOLVE] Boston Red Sox entry 0.575 -> 1  ret 0.7394
[report] valid-resolved=45 (9 sub-48h excluded)  hit_rate=0.756  avg_entry_price=0.544  median_ret=+0.448
[VERDICT] SUCCESS (median>0 AND hit_rate>price) ✅
[cycle] +5 entries, 7 closed, 34 still open
[check_stuck] clean — every open position is being refreshed.
=== paper_trader 2026-07-23 (frozen strategy v1.1) ===
[scan] reading current positions of 116 roster traders...
    ...read 20/116 traders
    ...read 40/116 traders
    ...read 60/116 traders
    ...read 80/116 traders
    ...read 100/116 traders
[ENTRY] Tampa Bay Rays @ 0.495  x3  Tampa Bay Rays vs. Toronto Blue Jays
[ENTRY] Jaime Faria @ 0.835  x2  Estoril Open: Jaime Faria vs Gonzalo Bueno
[ENTRY]    No @ 0.665  x2  Billionaire one-time wealth tax passes in Californ
[RESOLVE] Philadelphia Phillies entry 0.485 -> 0  ret -1.0
[RESOLVE] Toronto Blue Jays entry 0.588 -> 0  ret -1.0
[RESOLVE] Chicago Cubs entry 0.585 -> 0  ret -1.0
[report] valid-resolved=45 (12 sub-48h excluded)  hit_rate=0.756  avg_entry_price=0.544  median_ret=+0.448
[VERDICT] SUCCESS (median>0 AND hit_rate>price) ✅
[cycle] +3 entries, 3 closed, 34 still open
[check_stuck] clean — every open position is being refreshed.
=== paper_trader 2026-07-24 (frozen strategy v1.1) ===
[scan] reading current positions of 116 roster traders...
    ...read 20/116 traders
    ...read 40/116 traders
    ...read 60/116 traders
    ...read 80/116 traders
    ...read 100/116 traders
[RESOLVE] Tampa Bay Rays entry 0.495 -> 0  ret -1.0
[RESOLVE] Jaime Faria entry 0.835 -> 1  ret 0.1976
[report] valid-resolved=45 (14 sub-48h excluded)  hit_rate=0.756  avg_entry_price=0.544  median_ret=+0.448
[VERDICT] SUCCESS (median>0 AND hit_rate>price) ✅
[cycle] +0 entries, 2 closed, 32 still open
[check_stuck] clean — every open position is being refreshed.
=== paper_trader 2026-07-26 (frozen strategy v1.1) ===
[scan] reading current positions of 116 roster traders...
    ...read 20/116 traders
    ...read 40/116 traders
    ...read 60/116 traders
    ...read 80/116 traders
    ...read 100/116 traders
[ENTRY]   Yes @ 0.565  x2  Strait of Hormuz traffic returns to normal by Dece
[ENTRY]   Yes @ 0.208  x2  Will the Fed increase interest rates by 25 bps aft
[report] valid-resolved=45 (14 sub-48h excluded)  hit_rate=0.756  avg_entry_price=0.544  median_ret=+0.448
[VERDICT] SUCCESS (median>0 AND hit_rate>price) ✅
[cycle] +2 entries, 0 closed, 34 still open
[check_stuck] clean — every open position is being refreshed.
=== paper_trader 2026-07-27 (frozen strategy v1.1) ===
[scan] reading current positions of 116 roster traders...
[warn] GET failed after retries: https://data-api.polymarket.com/positions params={'user': '0x204f72f35326db932158cba6adff0b9a1da95e14', 'limit': 500, 'sizeThreshold': 1} err=HTTPSConnectionPool(host='data-api.polymarket.com', port=443): Max retries exceeded with url: /positions?user=0x204f72f35326db932158cba6adff0b9a1da95e14&limit=500&sizeThreshold=1 (Caused by NameResolutionError("<urllib3.connection.HTTPSConnection object at 0x102bc47d0>: Failed to resolve 'data-api.polymarket.com' ([Errno 8] nodename nor servname provided, or not known)"))
[warn] GET failed after retries: https://data-api.polymarket.com/positions params={'user': '0x1f2dd6d473f3e824cd2f8a89d9c69fb96f6ad0cf', 'limit': 500, 'sizeThreshold': 1} err=HTTPSConnectionPool(host='data-api.polymarket.com', port=443): Max retries exceeded with url: /positions?user=0x1f2dd6d473f3e824cd2f8a89d9c69fb96f6ad0cf&limit=500&sizeThreshold=1 (Caused by NameResolutionError("<urllib3.connection.HTTPSConnection object at 0x102bc5310>: Failed to resolve 'data-api.polymarket.com' ([Errno 8] nodename nor servname provided, or not known)"))
[warn] GET failed after retries: https://data-api.polymarket.com/positions params={'user': '0x2c335066fe58fe9237c3d3dc7b275c2a034a0563', 'limit': 500, 'sizeThreshold': 1} err=HTTPSConnectionPool(host='data-api.polymarket.com', port=443): Max retries exceeded with url: /positions?user=0x2c335066fe58fe9237c3d3dc7b275c2a034a0563&limit=500&sizeThreshold=1 (Caused by NameResolutionError("<urllib3.connection.HTTPSConnection object at 0x102bc5e50>: Failed to resolve 'data-api.polymarket.com' ([Errno 8] nodename nor servname provided, or not known)"))
    ...read 20/116 traders
    ...read 40/116 traders
    ...read 60/116 traders
    ...read 80/116 traders
    ...read 100/116 traders
[ENTRY] Tallon Griekspoor @ 0.590  x2  Mubadala Citi DC Open: Alejandro Tabilo vs Tallon 
[ENTRY] Jan Kumstat @ 0.560  x2  Liberec: Zdenek Kolar vs Jan Kumstat
[ENTRY]   Yes @ 0.464  x2  Will Harry Kane win the 2026 Ballon d'Or?
[EXIT]     No sharps left, entry 0.885 -> 0.875  ret -0.0113
[EXIT]    Yes sharps left, entry 0.140 -> 0.085  ret -0.3929
[report] valid-resolved=45 (14 sub-48h excluded)  hit_rate=0.756  avg_entry_price=0.544  median_ret=+0.448
[VERDICT] SUCCESS (median>0 AND hit_rate>price) ✅
[cycle] +3 entries, 2 closed, 35 still open
[check_stuck] clean — every open position is being refreshed.
=== paper_trader 2026-07-28 (frozen strategy v1.1) ===
[scan] reading current positions of 116 roster traders...
[warn] GET failed after retries: https://data-api.polymarket.com/positions params={'user': '0x204f72f35326db932158cba6adff0b9a1da95e14', 'limit': 500, 'sizeThreshold': 1} err=HTTPSConnectionPool(host='data-api.polymarket.com', port=443): Max retries exceeded with url: /positions?user=0x204f72f35326db932158cba6adff0b9a1da95e14&limit=500&sizeThreshold=1 (Caused by NameResolutionError("<urllib3.connection.HTTPSConnection object at 0x102d107d0>: Failed to resolve 'data-api.polymarket.com' ([Errno 8] nodename nor servname provided, or not known)"))
[warn] GET failed after retries: https://data-api.polymarket.com/positions params={'user': '0x1f2dd6d473f3e824cd2f8a89d9c69fb96f6ad0cf', 'limit': 500, 'sizeThreshold': 1} err=HTTPSConnectionPool(host='data-api.polymarket.com', port=443): Max retries exceeded with url: /positions?user=0x1f2dd6d473f3e824cd2f8a89d9c69fb96f6ad0cf&limit=500&sizeThreshold=1 (Caused by NameResolutionError("<urllib3.connection.HTTPSConnection object at 0x102d11310>: Failed to resolve 'data-api.polymarket.com' ([Errno 8] nodename nor servname provided, or not known)"))
[warn] GET failed after retries: https://data-api.polymarket.com/positions params={'user': '0x2c335066fe58fe9237c3d3dc7b275c2a034a0563', 'limit': 500, 'sizeThreshold': 1} err=HTTPSConnectionPool(host='data-api.polymarket.com', port=443): Max retries exceeded with url: /positions?user=0x2c335066fe58fe9237c3d3dc7b275c2a034a0563&limit=500&sizeThreshold=1 (Caused by NameResolutionError("<urllib3.connection.HTTPSConnection object at 0x102d11e50>: Failed to resolve 'data-api.polymarket.com' ([Errno 8] nodename nor servname provided, or not known)"))
[warn] GET failed after retries: https://data-api.polymarket.com/positions params={'user': '0xdc876e6873772d38716fda7f2452a78d426d7ab6', 'limit': 500, 'sizeThreshold': 1} err=HTTPSConnectionPool(host='data-api.polymarket.com', port=443): Max retries exceeded with url: /positions?user=0xdc876e6873772d38716fda7f2452a78d426d7ab6&limit=500&sizeThreshold=1 (Caused by NameResolutionError("<urllib3.connection.HTTPSConnection object at 0x102d12990>: Failed to resolve 'data-api.polymarket.com' ([Errno 8] nodename nor servname provided, or not known)"))
[warn] GET failed after retries: https://data-api.polymarket.com/positions params={'user': '0x507e52ef684ca2dd91f90a9d26d149dd3288beae', 'limit': 500, 'sizeThreshold': 1} err=HTTPSConnectionPool(host='data-api.polymarket.com', port=443): Max retries exceeded with url: /positions?user=0x507e52ef684ca2dd91f90a9d26d149dd3288beae&limit=500&sizeThreshold=1 (Caused by NameResolutionError("<urllib3.connection.HTTPSConnection object at 0x102d134d0>: Failed to resolve 'data-api.polymarket.com' ([Errno 8] nodename nor servname provided, or not known)"))
[warn] GET failed after retries: https://data-api.polymarket.com/positions params={'user': '0x2a2c53bd278c04da9962fcf96490e17f3dfb9bc1', 'limit': 500, 'sizeThreshold': 1} err=HTTPSConnectionPool(host='data-api.polymarket.com', port=443): Max retries exceeded with url: /positions?user=0x2a2c53bd278c04da9962fcf96490e17f3dfb9bc1&limit=500&sizeThreshold=1 (Caused by NameResolutionError("<urllib3.connection.HTTPSConnection object at 0x102d50050>: Failed to resolve 'data-api.polymarket.com' ([Errno 8] nodename nor servname provided, or not known)"))
[warn] GET failed after retries: https://data-api.polymarket.com/positions params={'user': '0xdb27bf2ac5d428a9c63dbc914611036855a6c56e', 'limit': 500, 'sizeThreshold': 1} err=HTTPSConnectionPool(host='data-api.polymarket.com', port=443): Max retries exceeded with url: /positions?user=0xdb27bf2ac5d428a9c63dbc914611036855a6c56e&limit=500&sizeThreshold=1 (Caused by NameResolutionError("<urllib3.connection.HTTPSConnection object at 0x102d50b90>: Failed to resolve 'data-api.polymarket.com' ([Errno 8] nodename nor servname provided, or not known)"))
[warn] GET failed after retries: https://data-api.polymarket.com/positions params={'user': '0x16b29c50f2439faf627209b2ac0c7bbddaa8a881', 'limit': 500, 'sizeThreshold': 1} err=HTTPSConnectionPool(host='data-api.polymarket.com', port=443): Max retries exceeded with url: /positions?user=0x16b29c50f2439faf627209b2ac0c7bbddaa8a881&limit=500&sizeThreshold=1 (Caused by NameResolutionError("<urllib3.connection.HTTPSConnection object at 0x102d516d0>: Failed to resolve 'data-api.polymarket.com' ([Errno 8] nodename nor servname provided, or not known)"))
[warn] GET failed after retries: https://data-api.polymarket.com/positions params={'user': '0x9d84ce0306f8551e02efef1680475fc0f1dc1344', 'limit': 500, 'sizeThreshold': 1} err=HTTPSConnectionPool(host='data-api.polymarket.com', port=443): Max retries exceeded with url: /positions?user=0x9d84ce0306f8551e02efef1680475fc0f1dc1344&limit=500&sizeThreshold=1 (Caused by NameResolutionError("<urllib3.connection.HTTPSConnection object at 0x102c33890>: Failed to resolve 'data-api.polymarket.com' ([Errno 8] nodename nor servname provided, or not known)"))
[warn] GET failed after retries: https://data-api.polymarket.com/positions params={'user': '0x17db3fcd93ba12d38382a0cade24b200185c5f6d', 'limit': 500, 'sizeThreshold': 1} err=HTTPSConnectionPool(host='data-api.polymarket.com', port=443): Max retries exceeded with url: /positions?user=0x17db3fcd93ba12d38382a0cade24b200185c5f6d&limit=500&sizeThreshold=1 (Caused by NameResolutionError("<urllib3.connection.HTTPSConnection object at 0x102d14910>: Failed to resolve 'data-api.polymarket.com' ([Errno 8] nodename nor servname provided, or not known)"))
[warn] GET failed after retries: https://data-api.polymarket.com/positions params={'user': '0x5966db1fe50763c9e3c014d756369bad07e1f804', 'limit': 500, 'sizeThreshold': 1} err=HTTPSConnectionPool(host='data-api.polymarket.com', port=443): Max retries exceeded with url: /positions?user=0x5966db1fe50763c9e3c014d756369bad07e1f804&limit=500&sizeThreshold=1 (Caused by NameResolutionError("<urllib3.connection.HTTPSConnection object at 0x102d15450>: Failed to resolve 'data-api.polymarket.com' ([Errno 8] nodename nor servname provided, or not known)"))
[warn] GET failed after retries: https://data-api.polymarket.com/positions params={'user': '0x9495425feeb0c250accb89275c97587011b19a27', 'limit': 500, 'sizeThreshold': 1} err=HTTPSConnectionPool(host='data-api.polymarket.com', port=443): Max retries exceeded with url: /positions?user=0x9495425feeb0c250accb89275c97587011b19a27&limit=500&sizeThreshold=1 (Caused by NameResolutionError("<urllib3.connection.HTTPSConnection object at 0x102d15f90>: Failed to resolve 'data-api.polymarket.com' ([Errno 8] nodename nor servname provided, or not known)"))
[warn] GET failed after retries: https://data-api.polymarket.com/positions params={'user': '0xd38b71f3e8ed1af71983e5c309eac3dfa9b35029', 'limit': 500, 'sizeThreshold': 1} err=HTTPSConnectionPool(host='data-api.polymarket.com', port=443): Max retries exceeded with url: /positions?user=0xd38b71f3e8ed1af71983e5c309eac3dfa9b35029&limit=500&sizeThreshold=1 (Caused by NameResolutionError("<urllib3.connection.HTTPSConnection object at 0x102d16ad0>: Failed to resolve 'data-api.polymarket.com' ([Errno 8] nodename nor servname provided, or not known)"))
[warn] GET failed after retries: https://data-api.polymarket.com/positions params={'user': '0x343d4466dc323b850e5249394894c7381d91456e', 'limit': 500, 'sizeThreshold': 1} err=HTTPSConnectionPool(host='data-api.polymarket.com', port=443): Max retries exceeded with url: /positions?user=0x343d4466dc323b850e5249394894c7381d91456e&limit=500&sizeThreshold=1 (Caused by NameResolutionError("<urllib3.connection.HTTPSConnection object at 0x102d17610>: Failed to resolve 'data-api.polymarket.com' ([Errno 8] nodename nor servname provided, or not known)"))
[warn] GET failed after retries: https://data-api.polymarket.com/positions params={'user': '0x44c1dfe43260c94ed4f1d00de2e1f80fb113ebc1', 'limit': 500, 'sizeThreshold': 1} err=HTTPSConnectionPool(host='data-api.polymarket.com', port=443): Max retries exceeded with url: /positions?user=0x44c1dfe43260c94ed4f1d00de2e1f80fb113ebc1&limit=500&sizeThreshold=1 (Caused by NameResolutionError("<urllib3.connection.HTTPSConnection object at 0x102d3c190>: Failed to resolve 'data-api.polymarket.com' ([Errno 8] nodename nor servname provided, or not known)"))
[warn] GET failed after retries: https://data-api.polymarket.com/positions params={'user': '0xbaa2bcb5439e985ce4ccf815b4700027d1b92c73', 'limit': 500, 'sizeThreshold': 1} err=HTTPSConnectionPool(host='data-api.polymarket.com', port=443): Max retries exceeded with url: /positions?user=0xbaa2bcb5439e985ce4ccf815b4700027d1b92c73&limit=500&sizeThreshold=1 (Caused by NameResolutionError("<urllib3.connection.HTTPSConnection object at 0x102d3ccd0>: Failed to resolve 'data-api.polymarket.com' ([Errno 8] nodename nor servname provided, or not known)"))
[warn] GET failed after retries: https://data-api.polymarket.com/positions params={'user': '0xf0318c32136c2db7fec88b84869aee6a1106c80c', 'limit': 500, 'sizeThreshold': 1} err=HTTPSConnectionPool(host='data-api.polymarket.com', port=443): Max retries exceeded with url: /positions?user=0xf0318c32136c2db7fec88b84869aee6a1106c80c&limit=500&sizeThreshold=1 (Caused by NameResolutionError("<urllib3.connection.HTTPSConnection object at 0x102d3d810>: Failed to resolve 'data-api.polymarket.com' ([Errno 8] nodename nor servname provided, or not known)"))
[warn] GET failed after retries: https://data-api.polymarket.com/positions params={'user': '0x7fb7ad0d194d7123e711e7db6c9d418fac14e33d', 'limit': 500, 'sizeThreshold': 1} err=HTTPSConnectionPool(host='data-api.polymarket.com', port=443): Max retries exceeded with url: /positions?user=0x7fb7ad0d194d7123e711e7db6c9d418fac14e33d&limit=500&sizeThreshold=1 (Caused by NameResolutionError("<urllib3.connection.HTTPSConnection object at 0x102d3e350>: Failed to resolve 'data-api.polymarket.com' ([Errno 8] nodename nor servname provided, or not known)"))
[warn] GET failed after retries: https://data-api.polymarket.com/positions params={'user': '0xa9878e59934ab507f9039bcb917c1bae0451141d', 'limit': 500, 'sizeThreshold': 1} err=HTTPSConnectionPool(host='data-api.polymarket.com', port=443): Max retries exceeded with url: /positions?user=0xa9878e59934ab507f9039bcb917c1bae0451141d&limit=500&sizeThreshold=1 (Caused by NameResolutionError("<urllib3.connection.HTTPSConnection object at 0x102c33c50>: Failed to resolve 'data-api.polymarket.com' ([Errno 8] nodename nor servname provided, or not known)"))
[warn] GET failed after retries: https://data-api.polymarket.com/positions params={'user': '0x0b9cae2b0dfe7a71c413e0604eaac1c352f87e44', 'limit': 500, 'sizeThreshold': 1} err=HTTPSConnectionPool(host='data-api.polymarket.com', port=443): Max retries exceeded with url: /positions?user=0x0b9cae2b0dfe7a71c413e0604eaac1c352f87e44&limit=500&sizeThreshold=1 (Caused by NameResolutionError("<urllib3.connection.HTTPSConnection object at 0x102d3e0d0>: Failed to resolve 'data-api.polymarket.com' ([Errno 8] nodename nor servname provided, or not known)"))
    ...read 20/116 traders
[warn] GET failed after retries: https://data-api.polymarket.com/positions params={'user': '0x6db568e61e5e3de7d87f831431b673f38ce2e279', 'limit': 500, 'sizeThreshold': 1} err=HTTPSConnectionPool(host='data-api.polymarket.com', port=443): Max retries exceeded with url: /positions?user=0x6db568e61e5e3de7d87f831431b673f38ce2e279&limit=500&sizeThreshold=1 (Caused by NameResolutionError("<urllib3.connection.HTTPSConnection object at 0x102d3d590>: Failed to resolve 'data-api.polymarket.com' ([Errno 8] nodename nor servname provided, or not known)"))
[warn] GET failed after retries: https://data-api.polymarket.com/positions params={'user': '0x0c0e270cf879583d6a0142fc817e05b768d0434e', 'limit': 500, 'sizeThreshold': 1} err=HTTPSConnectionPool(host='data-api.polymarket.com', port=443): Max retries exceeded with url: /positions?user=0x0c0e270cf879583d6a0142fc817e05b768d0434e&limit=500&sizeThreshold=1 (Caused by NameResolutionError("<urllib3.connection.HTTPSConnection object at 0x102d3ca50>: Failed to resolve 'data-api.polymarket.com' ([Errno 8] nodename nor servname provided, or not known)"))
[warn] GET failed after retries: https://data-api.polymarket.com/positions params={'user': '0x7c1ee865a785de4c00ee90ed86a38489fb8bbab3', 'limit': 500, 'sizeThreshold': 1} err=HTTPSConnectionPool(host='data-api.polymarket.com', port=443): Max retries exceeded with url: /positions?user=0x7c1ee865a785de4c00ee90ed86a38489fb8bbab3&limit=500&sizeThreshold=1 (Caused by NameResolutionError("<urllib3.connection.HTTPSConnection object at 0x102d3ead0>: Failed to resolve 'data-api.polymarket.com' ([Errno 8] nodename nor servname provided, or not known)"))
[warn] GET failed after retries: https://data-api.polymarket.com/positions params={'user': '0xed107a85a4585a381e48c7f7ca4144909e7dd2e5', 'limit': 500, 'sizeThreshold': 1} err=HTTPSConnectionPool(host='data-api.polymarket.com', port=443): Max retries exceeded with url: /positions?user=0xed107a85a4585a381e48c7f7ca4144909e7dd2e5&limit=500&sizeThreshold=1 (Caused by NameResolutionError("<urllib3.connection.HTTPSConnection object at 0x102d3f610>: Failed to resolve 'data-api.polymarket.com' ([Errno 8] nodename nor servname provided, or not known)"))
[warn] GET failed after retries: https://data-api.polymarket.com/positions params={'user': '0x37c1874a60d348903594a96703e0507c518fc53a', 'limit': 500, 'sizeThreshold': 1} err=HTTPSConnectionPool(host='data-api.polymarket.com', port=443): Max retries exceeded with url: /positions?user=0x37c1874a60d348903594a96703e0507c518fc53a&limit=500&sizeThreshold=1 (Caused by NameResolutionError("<urllib3.connection.HTTPSConnection object at 0x102d17ed0>: Failed to resolve 'data-api.polymarket.com' ([Errno 8] nodename nor servname provided, or not known)"))
[warn] GET failed after retries: https://data-api.polymarket.com/positions params={'user': '0xcc500cbcc8b7cf5bd21975ebbea34f21b5644c82', 'limit': 500, 'sizeThreshold': 1} err=HTTPSConnectionPool(host='data-api.polymarket.com', port=443): Max retries exceeded with url: /positions?user=0xcc500cbcc8b7cf5bd21975ebbea34f21b5644c82&limit=500&sizeThreshold=1 (Caused by NameResolutionError("<urllib3.connection.HTTPSConnection object at 0x102d17390>: Failed to resolve 'data-api.polymarket.com' ([Errno 8] nodename nor servname provided, or not known)"))
[warn] GET failed after retries: https://data-api.polymarket.com/positions params={'user': '0x5c3a1a602848565bb16165fcd460b00c3d43020b', 'limit': 500, 'sizeThreshold': 1} err=HTTPSConnectionPool(host='data-api.polymarket.com', port=443): Max retries exceeded with url: /positions?user=0x5c3a1a602848565bb16165fcd460b00c3d43020b&limit=500&sizeThreshold=1 (Caused by NameResolutionError("<urllib3.connection.HTTPSConnection object at 0x102d16850>: Failed to resolve 'data-api.polymarket.com' ([Errno 8] nodename nor servname provided, or not known)"))
[warn] GET failed after retries: https://data-api.polymarket.com/positions params={'user': '0x212954857f5efc138748c33d032a93bf95974222', 'limit': 500, 'sizeThreshold': 1} err=HTTPSConnectionPool(host='data-api.polymarket.com', port=443): Max retries exceeded with url: /positions?user=0x212954857f5efc138748c33d032a93bf95974222&limit=500&sizeThreshold=1 (Caused by NameResolutionError("<urllib3.connection.HTTPSConnection object at 0x102d15d10>: Failed to resolve 'data-api.polymarket.com' ([Errno 8] nodename nor servname provided, or not known)"))
[warn] GET failed after retries: https://data-api.polymarket.com/positions params={'user': '0x000d257d2dc7616feaef4ae0f14600fdf50a758e', 'limit': 500, 'sizeThreshold': 1} err=HTTPSConnectionPool(host='data-api.polymarket.com', port=443): Max retries exceeded with url: /positions?user=0x000d257d2dc7616feaef4ae0f14600fdf50a758e&limit=500&sizeThreshold=1 (Caused by NameResolutionError("<urllib3.connection.HTTPSConnection object at 0x102d151d0>: Failed to resolve 'data-api.polymarket.com' ([Errno 8] nodename nor servname provided, or not known)"))
[warn] GET failed after retries: https://data-api.polymarket.com/positions params={'user': '0xb91aeb5accc33a5f9a8615b8ed6b2d352e913987', 'limit': 500, 'sizeThreshold': 1} err=HTTPSConnectionPool(host='data-api.polymarket.com', port=443): Max retries exceeded with url: /positions?user=0xb91aeb5accc33a5f9a8615b8ed6b2d352e913987&limit=500&sizeThreshold=1 (Caused by NameResolutionError("<urllib3.connection.HTTPSConnection object at 0x102c33890>: Failed to resolve 'data-api.polymarket.com' ([Errno 8] nodename nor servname provided, or not known)"))
[warn] GET failed after retries: https://data-api.polymarket.com/positions params={'user': '0xa6a856a8c8a7f14fd9be6ae11c367c7cbb755009', 'limit': 500, 'sizeThreshold': 1} err=HTTPSConnectionPool(host='data-api.polymarket.com', port=443): Max retries exceeded with url: /positions?user=0xa6a856a8c8a7f14fd9be6ae11c367c7cbb755009&limit=500&sizeThreshold=1 (Caused by NameResolutionError("<urllib3.connection.HTTPSConnection object at 0x102d15e50>: Failed to resolve 'data-api.polymarket.com' ([Errno 8] nodename nor servname provided, or not known)"))
    ...read 40/116 traders
    ...read 60/116 traders
    ...read 80/116 traders
    ...read 100/116 traders
[ENTRY] Cleveland Guardians @ 0.425  x2  Cleveland Guardians vs. Cincinnati Reds
[ENTRY]   Yes @ 0.137  x2  Will Alexandria Ocasio-Cortez win the 2028 Democra
[ENTRY] Kristina Liutova @ 0.175  x2  The Memphis Classic: Ekaterina Alexandrova vs Kris
[EXIT]    Yes sharps left, entry 0.145 -> 0.085  ret -0.4138
[EXIT]    Yes sharps left, entry 0.155 -> 0.085  ret -0.4516
[EXIT]     No sharps left, entry 0.550 -> 0.615  ret 0.1182
[EXIT]     No sharps left, entry 0.265 -> 0.280  ret 0.0566
[EXIT]    Yes sharps left, entry 0.225 -> 0.205  ret -0.0889
[EXIT]    Yes sharps left, entry 0.245 -> 0.205  ret -0.1633
[EXIT]    Yes sharps left, entry 0.285 -> 0.240  ret -0.1579
[EXIT]    Yes sharps left, entry 0.135 -> 0.125  ret -0.0741
[EXIT]    Yes sharps left, entry 0.430 -> 0.305  ret -0.2907
[EXIT]     No sharps left, entry 0.145 -> 0.220  ret 0.5172
[EXIT]    Yes sharps left, entry 0.233 -> 0.229  ret -0.0193
[EXIT]    Yes sharps left, entry 0.115 -> 0.085  ret -0.2609
[EXIT]     No sharps left, entry 0.845 -> 0.935  ret 0.1065
[EXIT]     No sharps left, entry 0.905 -> 0.905  ret 0.0
[EXIT]    Yes sharps left, entry 0.345 -> 0.600  ret 0.7391
[EXIT]    Yes sharps left, entry 0.535 -> 0.515  ret -0.0374
[EXIT]    Yes sharps left, entry 0.155 -> 0.115  ret -0.2581
[EXIT]    Yes sharps left, entry 0.325 -> 0.295  ret -0.0923
[EXIT]    Yes sharps left, entry 0.195 -> 0.575  ret 1.9487
[EXIT]    Yes sharps left, entry 0.389 -> 0.366  ret -0.0566
[EXIT]     No sharps left, entry 0.665 -> 0.655  ret -0.015
[EXIT]    Yes sharps left, entry 0.565 -> 0.555  ret -0.0177
[RESOLVE] Tallon Griekspoor entry 0.590 -> 0  ret -1.0
[RESOLVE] Jan Kumstat entry 0.560 -> 1  ret 0.7857
[report] valid-resolved=45 (16 sub-48h excluded)  hit_rate=0.756  avg_entry_price=0.544  median_ret=+0.448
[VERDICT] SUCCESS (median>0 AND hit_rate>price) ✅
[cycle] +3 entries, 24 closed, 14 still open
[check_stuck] clean — every open position is being refreshed.
=== paper_trader 2026-07-29 (frozen strategy v1.1) ===
[scan] reading current positions of 116 roster traders...
[warn] GET failed after retries: https://data-api.polymarket.com/positions params={'user': '0x204f72f35326db932158cba6adff0b9a1da95e14', 'limit': 500, 'sizeThreshold': 1} err=HTTPSConnectionPool(host='data-api.polymarket.com', port=443): Max retries exceeded with url: /positions?user=0x204f72f35326db932158cba6adff0b9a1da95e14&limit=500&sizeThreshold=1 (Caused by NameResolutionError("<urllib3.connection.HTTPSConnection object at 0x104c6c7d0>: Failed to resolve 'data-api.polymarket.com' ([Errno 8] nodename nor servname provided, or not known)"))
[warn] GET failed after retries: https://data-api.polymarket.com/positions params={'user': '0x1f2dd6d473f3e824cd2f8a89d9c69fb96f6ad0cf', 'limit': 500, 'sizeThreshold': 1} err=HTTPSConnectionPool(host='data-api.polymarket.com', port=443): Max retries exceeded with url: /positions?user=0x1f2dd6d473f3e824cd2f8a89d9c69fb96f6ad0cf&limit=500&sizeThreshold=1 (Caused by NameResolutionError("<urllib3.connection.HTTPSConnection object at 0x104c6d310>: Failed to resolve 'data-api.polymarket.com' ([Errno 8] nodename nor servname provided, or not known)"))
[warn] GET failed after retries: https://data-api.polymarket.com/positions params={'user': '0x2c335066fe58fe9237c3d3dc7b275c2a034a0563', 'limit': 500, 'sizeThreshold': 1} err=HTTPSConnectionPool(host='data-api.polymarket.com', port=443): Max retries exceeded with url: /positions?user=0x2c335066fe58fe9237c3d3dc7b275c2a034a0563&limit=500&sizeThreshold=1 (Caused by NameResolutionError("<urllib3.connection.HTTPSConnection object at 0x104c6de50>: Failed to resolve 'data-api.polymarket.com' ([Errno 8] nodename nor servname provided, or not known)"))
[warn] GET failed after retries: https://data-api.polymarket.com/positions params={'user': '0xdc876e6873772d38716fda7f2452a78d426d7ab6', 'limit': 500, 'sizeThreshold': 1} err=HTTPSConnectionPool(host='data-api.polymarket.com', port=443): Max retries exceeded with url: /positions?user=0xdc876e6873772d38716fda7f2452a78d426d7ab6&limit=500&sizeThreshold=1 (Caused by NameResolutionError("<urllib3.connection.HTTPSConnection object at 0x104c6e990>: Failed to resolve 'data-api.polymarket.com' ([Errno 8] nodename nor servname provided, or not known)"))
[warn] GET failed after retries: https://data-api.polymarket.com/positions params={'user': '0x507e52ef684ca2dd91f90a9d26d149dd3288beae', 'limit': 500, 'sizeThreshold': 1} err=HTTPSConnectionPool(host='data-api.polymarket.com', port=443): Max retries exceeded with url: /positions?user=0x507e52ef684ca2dd91f90a9d26d149dd3288beae&limit=500&sizeThreshold=1 (Caused by NameResolutionError("<urllib3.connection.HTTPSConnection object at 0x104c6f4d0>: Failed to resolve 'data-api.polymarket.com' ([Errno 8] nodename nor servname provided, or not known)"))
[warn] GET failed after retries: https://data-api.polymarket.com/positions params={'user': '0x2a2c53bd278c04da9962fcf96490e17f3dfb9bc1', 'limit': 500, 'sizeThreshold': 1} err=HTTPSConnectionPool(host='data-api.polymarket.com', port=443): Max retries exceeded with url: /positions?user=0x2a2c53bd278c04da9962fcf96490e17f3dfb9bc1&limit=500&sizeThreshold=1 (Caused by NameResolutionError("<urllib3.connection.HTTPSConnection object at 0x104cac050>: Failed to resolve 'data-api.polymarket.com' ([Errno 8] nodename nor servname provided, or not known)"))
[warn] GET failed after retries: https://data-api.polymarket.com/positions params={'user': '0xdb27bf2ac5d428a9c63dbc914611036855a6c56e', 'limit': 500, 'sizeThreshold': 1} err=HTTPSConnectionPool(host='data-api.polymarket.com', port=443): Max retries exceeded with url: /positions?user=0xdb27bf2ac5d428a9c63dbc914611036855a6c56e&limit=500&sizeThreshold=1 (Caused by NameResolutionError("<urllib3.connection.HTTPSConnection object at 0x104cacb90>: Failed to resolve 'data-api.polymarket.com' ([Errno 8] nodename nor servname provided, or not known)"))
[warn] GET failed after retries: https://data-api.polymarket.com/positions params={'user': '0x16b29c50f2439faf627209b2ac0c7bbddaa8a881', 'limit': 500, 'sizeThreshold': 1} err=HTTPSConnectionPool(host='data-api.polymarket.com', port=443): Max retries exceeded with url: /positions?user=0x16b29c50f2439faf627209b2ac0c7bbddaa8a881&limit=500&sizeThreshold=1 (Caused by NameResolutionError("<urllib3.connection.HTTPSConnection object at 0x104cad6d0>: Failed to resolve 'data-api.polymarket.com' ([Errno 8] nodename nor servname provided, or not known)"))
[warn] GET failed after retries: https://data-api.polymarket.com/positions params={'user': '0x9d84ce0306f8551e02efef1680475fc0f1dc1344', 'limit': 500, 'sizeThreshold': 1} err=HTTPSConnectionPool(host='data-api.polymarket.com', port=443): Max retries exceeded with url: /positions?user=0x9d84ce0306f8551e02efef1680475fc0f1dc1344&limit=500&sizeThreshold=1 (Caused by NameResolutionError("<urllib3.connection.HTTPSConnection object at 0x104b8f890>: Failed to resolve 'data-api.polymarket.com' ([Errno 8] nodename nor servname provided, or not known)"))
[warn] GET failed after retries: https://data-api.polymarket.com/positions params={'user': '0x17db3fcd93ba12d38382a0cade24b200185c5f6d', 'limit': 500, 'sizeThreshold': 1} err=HTTPSConnectionPool(host='data-api.polymarket.com', port=443): Max retries exceeded with url: /positions?user=0x17db3fcd93ba12d38382a0cade24b200185c5f6d&limit=500&sizeThreshold=1 (Caused by NameResolutionError("<urllib3.connection.HTTPSConnection object at 0x104c70910>: Failed to resolve 'data-api.polymarket.com' ([Errno 8] nodename nor servname provided, or not known)"))
[warn] GET failed after retries: https://data-api.polymarket.com/positions params={'user': '0x5966db1fe50763c9e3c014d756369bad07e1f804', 'limit': 500, 'sizeThreshold': 1} err=HTTPSConnectionPool(host='data-api.polymarket.com', port=443): Max retries exceeded with url: /positions?user=0x5966db1fe50763c9e3c014d756369bad07e1f804&limit=500&sizeThreshold=1 (Caused by NameResolutionError("<urllib3.connection.HTTPSConnection object at 0x104c71450>: Failed to resolve 'data-api.polymarket.com' ([Errno 8] nodename nor servname provided, or not known)"))
[warn] GET failed after retries: https://data-api.polymarket.com/positions params={'user': '0x9495425feeb0c250accb89275c97587011b19a27', 'limit': 500, 'sizeThreshold': 1} err=HTTPSConnectionPool(host='data-api.polymarket.com', port=443): Max retries exceeded with url: /positions?user=0x9495425feeb0c250accb89275c97587011b19a27&limit=500&sizeThreshold=1 (Caused by NameResolutionError("<urllib3.connection.HTTPSConnection object at 0x104c71f90>: Failed to resolve 'data-api.polymarket.com' ([Errno 8] nodename nor servname provided, or not known)"))
[warn] GET failed after retries: https://data-api.polymarket.com/positions params={'user': '0xd38b71f3e8ed1af71983e5c309eac3dfa9b35029', 'limit': 500, 'sizeThreshold': 1} err=HTTPSConnectionPool(host='data-api.polymarket.com', port=443): Max retries exceeded with url: /positions?user=0xd38b71f3e8ed1af71983e5c309eac3dfa9b35029&limit=500&sizeThreshold=1 (Caused by NameResolutionError("<urllib3.connection.HTTPSConnection object at 0x104c72ad0>: Failed to resolve 'data-api.polymarket.com' ([Errno 8] nodename nor servname provided, or not known)"))
[warn] GET failed after retries: https://data-api.polymarket.com/positions params={'user': '0x343d4466dc323b850e5249394894c7381d91456e', 'limit': 500, 'sizeThreshold': 1} err=HTTPSConnectionPool(host='data-api.polymarket.com', port=443): Max retries exceeded with url: /positions?user=0x343d4466dc323b850e5249394894c7381d91456e&limit=500&sizeThreshold=1 (Caused by NameResolutionError("<urllib3.connection.HTTPSConnection object at 0x104c73610>: Failed to resolve 'data-api.polymarket.com' ([Errno 8] nodename nor servname provided, or not known)"))
[warn] GET failed after retries: https://data-api.polymarket.com/positions params={'user': '0x44c1dfe43260c94ed4f1d00de2e1f80fb113ebc1', 'limit': 500, 'sizeThreshold': 1} err=HTTPSConnectionPool(host='data-api.polymarket.com', port=443): Max retries exceeded with url: /positions?user=0x44c1dfe43260c94ed4f1d00de2e1f80fb113ebc1&limit=500&sizeThreshold=1 (Caused by NameResolutionError("<urllib3.connection.HTTPSConnection object at 0x104c98190>: Failed to resolve 'data-api.polymarket.com' ([Errno 8] nodename nor servname provided, or not known)"))
[warn] GET failed after retries: https://data-api.polymarket.com/positions params={'user': '0xbaa2bcb5439e985ce4ccf815b4700027d1b92c73', 'limit': 500, 'sizeThreshold': 1} err=HTTPSConnectionPool(host='data-api.polymarket.com', port=443): Max retries exceeded with url: /positions?user=0xbaa2bcb5439e985ce4ccf815b4700027d1b92c73&limit=500&sizeThreshold=1 (Caused by NameResolutionError("<urllib3.connection.HTTPSConnection object at 0x104c98cd0>: Failed to resolve 'data-api.polymarket.com' ([Errno 8] nodename nor servname provided, or not known)"))
    ...read 20/116 traders
    ...read 40/116 traders
    ...read 60/116 traders
    ...read 80/116 traders
    ...read 100/116 traders
[ENTRY] Boston Red Sox @ 0.525  x2  Boston Red Sox vs. New York Yankees
[RESOLVE]   Yes entry 0.208 -> 0  ret -1.0
[RESOLVE] Cleveland Guardians entry 0.425 -> 1  ret 1.3529
[RESOLVE] Kristina Liutova entry 0.175 -> 1  ret 4.7143
[report] valid-resolved=48 (16 sub-48h excluded)  hit_rate=0.750  avg_entry_price=0.527  median_ret=+0.575
[VERDICT] SUCCESS (median>0 AND hit_rate>price) ✅
[cycle] +1 entries, 3 closed, 12 still open
[check_stuck] clean — every open position is being refreshed.
=== paper_trader 2026-08-02 (frozen strategy v1.1) ===
[roster] scoring 289 candidate traders — first run can take a few minutes, please wait...
    ...checked 20/289 traders (5 qualify so far)
    ...checked 40/289 traders (13 qualify so far)
    ...checked 60/289 traders (21 qualify so far)
    ...checked 80/289 traders (33 qualify so far)
    ...checked 100/289 traders (41 qualify so far)
    ...checked 120/289 traders (51 qualify so far)
    ...checked 140/289 traders (60 qualify so far)
    ...checked 160/289 traders (68 qualify so far)
    ...checked 180/289 traders (78 qualify so far)
    ...checked 200/289 traders (90 qualify so far)
    ...checked 220/289 traders (103 qualify so far)
    ...checked 240/289 traders (115 qualify so far)
    ...checked 260/289 traders (128 qualify so far)
    ...checked 280/289 traders (139 qualify so far)
[roster] built 146 qualified wallets for 2026-08
[scan] reading current positions of 146 roster traders...
    ...read 20/146 traders
    ...read 40/146 traders
    ...read 60/146 traders
    ...read 80/146 traders
    ...read 100/146 traders
    ...read 120/146 traders
    ...read 140/146 traders
[ENTRY]   Yes @ 0.375  x4  Will Vancouver Whitecaps FC win on 2026-07-16?
[ENTRY] Gonzalo Bueno @ 0.455  x3  Liberec: Jan Kumstat vs Gonzalo Bueno
[ENTRY]    No @ 0.632  x2  Will Chicago Fire FC win on 2026-07-16?
[ENTRY]  Over @ 0.315  x2  Chicago Fire FC vs. Vancouver Whitecaps FC: O/U 3.
[ENTRY]    No @ 0.810  x2  Exact Score: Chicago Fire FC 2 - 1 Vancouver White
[ENTRY]    No @ 0.780  x2  Will Chicago Fire FC vs. Vancouver Whitecaps FC en
[ENTRY]    No @ 0.874  x3  Will Philadelphia 76ers win the 2027 NBA Finals?
[ENTRY] San Francisco Giants @ 0.465  x2  San Francisco Giants vs. Atlanta Braves
[ENTRY]   Yes @ 0.285  x2  Will New England Revolution vs. Houston Dynamo end
[ENTRY]   Yes @ 0.138  x4  Will Marco Rubio win the 2028 US Presidential Elec
[ENTRY]   Yes @ 0.202  x4  Will Gavin Newsom win the 2028 Democratic presiden
[ENTRY]   Yes @ 0.665  x5  Will Hamas agree to disarm by December 31?
[ENTRY]    No @ 0.425  x2  Will the Fed increase interest rates by 25 bps aft
[ENTRY]   Yes @ 0.455  x2  Will Dan Sullivan win the Alaska Senate race in 20
[ENTRY]    No @ 0.715  x2  Will Manchester City win the 2026-27 English Premi
[ENTRY]   Yes @ 0.600  x2  Foreign intervention in Gaza by December 31?
[ENTRY]    No @ 0.847  x2  Will Iran withdraw from the NPT before 2027?
[ENTRY]    No @ 0.885  x2  Israel and Saudi Arabia normalize relations before
[ENTRY]   Yes @ 0.520  x2  US x Iran diplomatic meeting by August 31, 2026?
[ENTRY]   Yes @ 0.135  x2  US-Iran Final Nuclear Deal by September 30, 2026?
[ENTRY]   Yes @ 0.280  x2  US x Iran diplomatic meeting by August 15, 2026?
[ENTRY]   Yes @ 0.270  x2  NATO x Russia military clash by December 31, 2026?
[ENTRY]    No @ 0.665  x4  Mitch McConnell steps down from Senate before his 
[ENTRY]   Yes @ 0.140  x2  Mojtaba Khamenei seen in public by September 30?
[ENTRY]    No @ 0.860  x2  Will Trump visit Greenland by December 31?
[ENTRY]   Yes @ 0.455  x3  Will the Democratic Party control the Senate after
[ENTRY]    No @ 0.835  x5  Bab el-Mandeb Strait effectively closed by Decembe
[ENTRY]   Yes @ 0.815  x3  Will Flávio Bolsonaro finish in second place in th
[ENTRY] Under @ 0.385  x2  Atlanta Braves vs. Chicago White Sox: O/U 8.5
[ENTRY]    No @ 0.855  x2  Iran full airspace closure by August 15?
[ENTRY]   Yes @ 0.895  x6  Israel x Iran ceasefire continues through August 9
[ENTRY]   Yes @ 0.645  x2  Will Renan Santos finish in third place in the fir
[ENTRY]    No @ 0.875  x2  Will Ethereum dip to $1,000 by December 31, 2026?
[ENTRY]    No @ 0.835  x2  Will Ethereum reach $3,000 by December 31, 2026?
[ENTRY]    No @ 0.910  x2  Will Ethereum reach $3,500 by December 31, 2026?
[ENTRY] Gael Monfils @ 0.275  x2  Canadian Open: Kamil Majchrzak vs Gael Monfils
[ENTRY] Mariano Navone @ 0.385  x2  Canadian Open: Matteo Berrettini vs Mariano Navone
[EXIT]     No sharps left, entry 0.332 -> 0.485  ret 0.463
[report] valid-resolved=48 (16 sub-48h excluded)  hit_rate=0.750  avg_entry_price=0.527  median_ret=+0.575
[VERDICT] SUCCESS (median>0 AND hit_rate>price) ✅
[cycle] +37 entries, 1 closed, 48 still open
[check_stuck] clean — every open position is being refreshed.
=== paper_trader 2026-08-03 (frozen strategy v1.1) ===
[scan] reading current positions of 146 roster traders...
    ...read 20/146 traders
    ...read 40/146 traders
    ...read 60/146 traders
    ...read 80/146 traders
    ...read 100/146 traders
    ...read 120/146 traders
    ...read 140/146 traders
[ENTRY]    No @ 0.675  x3  Will Houston Dynamo win on 2026-03-07?
[ENTRY]    No @ 0.730  x2  Vancouver Whitecaps FC leading at halftime?
[ENTRY] Atlanta Braves @ 0.295  x2  Spread: Atlanta Braves (-1.5)
[ENTRY]  Over @ 0.275  x2  Chicago Fire FC vs. Vancouver Whitecaps FC: O/U 4.
[ENTRY] Yulia Putintseva @ 0.655  x2  National Bank Open: Yulia Putintseva vs Shuai Zhan
[ENTRY]   Yes @ 0.425  x2  Will there be no change in Fed interest rates afte
[ENTRY]   Yes @ 0.235  x2  Will the Fed increase interest rates by 25 bps aft
[ENTRY]   Yes @ 0.214  x4  US announces end of Iranian blockade by August 7, 
[ENTRY]   Yes @ 0.580  x2  Iran charges Hormuz fees by October 31?
[ENTRY]    No @ 0.365  x2  Will Bitcoin dip to $60,000 in August?
[ENTRY]    No @ 0.615  x2  Iran full airspace closure by December 31?
[ENTRY] Luca Van Assche @ 0.525  x2  National Bank Open: Luca Van Assche vs Titouan Dro
[ENTRY] Daniel Altmaier @ 0.405  x2  National Bank Open: Aleksandar Vukic vs Daniel Alt
[ENTRY] Panna Udvardy @ 0.365  x2  National Bank Open: Panna Udvardy vs Eva Lys
[ENTRY] Taylor Townsend @ 0.355  x2  National Bank Open: Tereza Valentova vs Taylor Tow
[ENTRY] Corentin Moutet @ 0.515  x2  Canadian Open: Marton Fucsovics vs Corentin Moutet
[ENTRY] Rebecca Sramkova @ 0.435  x2  National Bank Open: Rebecca Sramkova vs Anna Blink
[ENTRY] Draper @ 0.465  x2  Set Handicap: Draper (-1.5) vs Atmane (+1.5)
[RESOLVE] Gonzalo Bueno entry 0.455 -> 0  ret -1.0
[EXIT]    Yes sharps left, entry 0.135 -> 0.135  ret 0.0
[report] valid-resolved=48 (17 sub-48h excluded)  hit_rate=0.750  avg_entry_price=0.527  median_ret=+0.575
[VERDICT] SUCCESS (median>0 AND hit_rate>price) ✅
[cycle] +18 entries, 2 closed, 64 still open
[check_stuck] clean — every open position is being refreshed.
=== paper_trader 2026-08-04 (frozen strategy v1.1) ===
[scan] reading current positions of 146 roster traders...
    ...read 20/146 traders
    ...read 40/146 traders
    ...read 60/146 traders
    ...read 80/146 traders
    ...read 100/146 traders
    ...read 120/146 traders
    ...read 140/146 traders
[ENTRY]    No @ 0.795  x3  Iran charges Hormuz fees by August 31?
[ENTRY]   Yes @ 0.490  x2  Will Bitcoin reach $67,500 in August?
[ENTRY]   Yes @ 0.300  x2  Will Bitcoin reach $66,000 August 3-9?
[ENTRY]   Yes @ 0.825  x2  Will Bitcoin reach $65,000 in August?
[ENTRY]   Yes @ 0.705  x2  Will Solana dip to $70 in August?
[ENTRY]    No @ 0.675  x2  Will Benjamin Netanyahu be the next Prime Minister
[ENTRY] Under @ 0.555  x2  Boston Red Sox vs. New York Yankees: O/U 8.5
[ENTRY]    No @ 0.830  x2  Flávio Bolsonaro charged or arrested by September 
[ENTRY] Zachary Svajda @ 0.455  x2  Canadian Open: Zachary Svajda vs Denis Shapovalov
[EXIT]  San Francisco Giants sharps left, entry 0.465 -> 0.445  ret -0.043
[EXIT]    Yes sharps left, entry 0.285 -> 0.265  ret -0.0702
[EXIT]    Yes sharps left, entry 0.520 -> 0.395  ret -0.2404
[RESOLVE] Gael Monfils entry 0.275 -> 1  ret 2.6364
[RESOLVE] Mariano Navone entry 0.385 -> 1  ret 1.5974
[RESOLVE] Yulia Putintseva entry 0.655 -> 0  ret -1.0
[EXIT]     No sharps left, entry 0.615 -> 0.620  ret 0.0081
[RESOLVE] Luca Van Assche entry 0.525 -> 0  ret -1.0
[RESOLVE] Daniel Altmaier entry 0.405 -> 1  ret 1.4691
[RESOLVE] Panna Udvardy entry 0.365 -> 1  ret 1.7397
[RESOLVE] Taylor Townsend entry 0.355 -> 1  ret 1.8177
[RESOLVE] Corentin Moutet entry 0.515 -> 1  ret 0.9417
[RESOLVE] Rebecca Sramkova entry 0.435 -> 1  ret 1.2989
[EXIT]  Draper sharps left, entry 0.465 -> 0.415  ret -0.1075
[report] valid-resolved=50 (24 sub-48h excluded)  hit_rate=0.760  avg_entry_price=0.519  median_ret=+0.575
[VERDICT] SUCCESS (median>0 AND hit_rate>price) ✅
[cycle] +9 entries, 14 closed, 59 still open
[check_stuck] WARNING: 1 stuck position(s) — logged to stuck_alerts.log. Review and run: python3 resolve_stuck.py
=== paper_trader 2026-08-05 (frozen strategy v1.1) ===
[scan] reading current positions of 146 roster traders...
[warn] GET failed after retries: https://data-api.polymarket.com/positions params={'user': '0x204f72f35326db932158cba6adff0b9a1da95e14', 'limit': 500, 'sizeThreshold': 1} err=HTTPSConnectionPool(host='data-api.polymarket.com', port=443): Max retries exceeded with url: /positions?user=0x204f72f35326db932158cba6adff0b9a1da95e14&limit=500&sizeThreshold=1 (Caused by NameResolutionError("<urllib3.connection.HTTPSConnection object at 0x1066b47d0>: Failed to resolve 'data-api.polymarket.com' ([Errno 8] nodename nor servname provided, or not known)"))
[warn] GET failed after retries: https://data-api.polymarket.com/positions params={'user': '0x1f2dd6d473f3e824cd2f8a89d9c69fb96f6ad0cf', 'limit': 500, 'sizeThreshold': 1} err=HTTPSConnectionPool(host='data-api.polymarket.com', port=443): Max retries exceeded with url: /positions?user=0x1f2dd6d473f3e824cd2f8a89d9c69fb96f6ad0cf&limit=500&sizeThreshold=1 (Caused by NameResolutionError("<urllib3.connection.HTTPSConnection object at 0x1066b5310>: Failed to resolve 'data-api.polymarket.com' ([Errno 8] nodename nor servname provided, or not known)"))
[warn] GET failed after retries: https://data-api.polymarket.com/positions params={'user': '0x2005d16a84ceefa912d4e380cd32e7ff827875ea', 'limit': 500, 'sizeThreshold': 1} err=HTTPSConnectionPool(host='data-api.polymarket.com', port=443): Max retries exceeded with url: /positions?user=0x2005d16a84ceefa912d4e380cd32e7ff827875ea&limit=500&sizeThreshold=1 (Caused by NameResolutionError("<urllib3.connection.HTTPSConnection object at 0x1066b5e50>: Failed to resolve 'data-api.polymarket.com' ([Errno 8] nodename nor servname provided, or not known)"))
[warn] GET failed after retries: https://data-api.polymarket.com/positions params={'user': '0x2c335066fe58fe9237c3d3dc7b275c2a034a0563', 'limit': 500, 'sizeThreshold': 1} err=HTTPSConnectionPool(host='data-api.polymarket.com', port=443): Max retries exceeded with url: /positions?user=0x2c335066fe58fe9237c3d3dc7b275c2a034a0563&limit=500&sizeThreshold=1 (Caused by NameResolutionError("<urllib3.connection.HTTPSConnection object at 0x1066b6990>: Failed to resolve 'data-api.polymarket.com' ([Errno 8] nodename nor servname provided, or not known)"))
[warn] GET failed after retries: https://data-api.polymarket.com/positions params={'user': '0xf0318c32136c2db7fec88b84869aee6a1106c80c', 'limit': 500, 'sizeThreshold': 1} err=HTTPSConnectionPool(host='data-api.polymarket.com', port=443): Max retries exceeded with url: /positions?user=0xf0318c32136c2db7fec88b84869aee6a1106c80c&limit=500&sizeThreshold=1 (Caused by NameResolutionError("<urllib3.connection.HTTPSConnection object at 0x1066b74d0>: Failed to resolve 'data-api.polymarket.com' ([Errno 8] nodename nor servname provided, or not known)"))
    ...read 20/146 traders
    ...read 40/146 traders
    ...read 60/146 traders
[warn] GET failed after retries: https://data-api.polymarket.com/positions params={'user': '0xba3802d41ad55704b518564e8a13a8346da1fb57', 'limit': 500, 'sizeThreshold': 1} err=HTTPSConnectionPool(host='data-api.polymarket.com', port=443): Max retries exceeded with url: /positions?user=0xba3802d41ad55704b518564e8a13a8346da1fb57&limit=500&sizeThreshold=1 (Caused by NameResolutionError("<urllib3.connection.HTTPSConnection object at 0x1065d3d90>: Failed to resolve 'data-api.polymarket.com' ([Errno 8] nodename nor servname provided, or not known)"))
[warn] GET failed after retries: https://data-api.polymarket.com/positions params={'user': '0x58d71d66722aa4c1e6ebde57071693667d2917e1', 'limit': 500, 'sizeThreshold': 1} err=HTTPSConnectionPool(host='data-api.polymarket.com', port=443): Max retries exceeded with url: /positions?user=0x58d71d66722aa4c1e6ebde57071693667d2917e1&limit=500&sizeThreshold=1 (Caused by NameResolutionError("<urllib3.connection.HTTPSConnection object at 0x1066b7110>: Failed to resolve 'data-api.polymarket.com' ([Errno 8] nodename nor servname provided, or not known)"))
[warn] GET failed after retries: https://data-api.polymarket.com/positions params={'user': '0x162f6fff88a52864f2ecc9833e58089d5254798d', 'limit': 500, 'sizeThreshold': 1} err=HTTPSConnectionPool(host='data-api.polymarket.com', port=443): Max retries exceeded with url: /positions?user=0x162f6fff88a52864f2ecc9833e58089d5254798d&limit=500&sizeThreshold=1 (Caused by NameResolutionError("<urllib3.connection.HTTPSConnection object at 0x1066b65d0>: Failed to resolve 'data-api.polymarket.com' ([Errno 8] nodename nor servname provided, or not known)"))
    ...read 80/146 traders
[warn] GET failed after retries: https://data-api.polymarket.com/positions params={'user': '0x5ed5a5299060cdf83f009555cc0b8db3451df63a', 'limit': 500, 'sizeThreshold': 1} err=HTTPSConnectionPool(host='data-api.polymarket.com', port=443): Max retries exceeded with url: /positions?user=0x5ed5a5299060cdf83f009555cc0b8db3451df63a&limit=500&sizeThreshold=1 (Caused by NameResolutionError("<urllib3.connection.HTTPSConnection object at 0x1066b5a90>: Failed to resolve 'data-api.polymarket.com' ([Errno 8] nodename nor servname provided, or not known)"))
[warn] GET failed after retries: https://data-api.polymarket.com/positions params={'user': '0x408fe71e6b5401ecd6733970cb6f1a25e984b2f4', 'limit': 500, 'sizeThreshold': 1} err=HTTPSConnectionPool(host='data-api.polymarket.com', port=443): Max retries exceeded with url: /positions?user=0x408fe71e6b5401ecd6733970cb6f1a25e984b2f4&limit=500&sizeThreshold=1 (Caused by NameResolutionError("<urllib3.connection.HTTPSConnection object at 0x1066b4f50>: Failed to resolve 'data-api.polymarket.com' ([Errno 8] nodename nor servname provided, or not known)"))
[warn] GET failed after retries: https://data-api.polymarket.com/positions params={'user': '0x5a218c7ad04135830a45c41aaed7294df7809318', 'limit': 500, 'sizeThreshold': 1} err=HTTPSConnectionPool(host='data-api.polymarket.com', port=443): Max retries exceeded with url: /positions?user=0x5a218c7ad04135830a45c41aaed7294df7809318&limit=500&sizeThreshold=1 (Caused by NameResolutionError("<urllib3.connection.HTTPSConnection object at 0x1065d39d0>: Failed to resolve 'data-api.polymarket.com' ([Errno 8] nodename nor servname provided, or not known)"))
[warn] GET failed after retries: https://data-api.polymarket.com/positions params={'user': '0x7f9e2d1df78614564a70becc7fa14aa9a6623a0e', 'limit': 500, 'sizeThreshold': 1} err=HTTPSConnectionPool(host='data-api.polymarket.com', port=443): Max retries exceeded with url: /positions?user=0x7f9e2d1df78614564a70becc7fa14aa9a6623a0e&limit=500&sizeThreshold=1 (Caused by NameResolutionError("<urllib3.connection.HTTPSConnection object at 0x1066b5450>: Failed to resolve 'data-api.polymarket.com' ([Errno 8] nodename nor servname provided, or not known)"))
[warn] GET failed after retries: https://data-api.polymarket.com/positions params={'user': '0x8546a601f7c7cc3dae7141f20b0e09e42bbf35b8', 'limit': 500, 'sizeThreshold': 1} err=HTTPSConnectionPool(host='data-api.polymarket.com', port=443): Max retries exceeded with url: /positions?user=0x8546a601f7c7cc3dae7141f20b0e09e42bbf35b8&limit=500&sizeThreshold=1 (Caused by NameResolutionError("<urllib3.connection.HTTPSConnection object at 0x1066b5f90>: Failed to resolve 'data-api.polymarket.com' ([Errno 8] nodename nor servname provided, or not known)"))
    ...read 100/146 traders
    ...read 120/146 traders
    ...read 140/146 traders
[ENTRY] Marie Bouzkova @ 0.155  x2  National Bank Open: Marie Bouzkova vs Taylor Towns
[ENTRY] Alejandro Tabilo @ 0.217  x2  National Bank Open: Hubert Hurkacz vs Alejandro Ta
[ENTRY]   Yes @ 0.667  x2  US-Iran Hormuz Agreement by August 31?
[ENTRY]   Yes @ 0.305  x3  Strait of Hormuz traffic returns to normal by Sept
[ENTRY]    No @ 0.365  x4  US announces end of Iranian blockade by August 15,
[ENTRY]   Yes @ 0.235  x2  Iran leadership change by June 30, 2027?
[ENTRY]    No @ 0.657  x2  Russia x Ukraine ceasefire agreement by December 3
[ENTRY]    No @ 0.815  x2  Will Ethereum dip to $1,250 by December 31, 2026?
[EXIT]     No sharps left, entry 0.632 -> 0.655  ret 0.0356
[EXIT]   Over sharps left, entry 0.315 -> 0.300  ret -0.0476
[EXIT]     No sharps left, entry 0.810 -> 0.868  ret 0.0703
[EXIT]     No sharps left, entry 0.780 -> 0.775  ret -0.0064
[EXIT]     No sharps left, entry 0.874 -> 0.857  ret -0.0189
[EXIT]    Yes sharps left, entry 0.600 -> 0.325  ret -0.4583
[EXIT]    Yes sharps left, entry 0.280 -> 0.195  ret -0.3036
[EXIT]    Yes sharps left, entry 0.140 -> 0.105  ret -0.25
[EXIT]     No sharps left, entry 0.855 -> 0.915  ret 0.0702
[EXIT]    Yes sharps left, entry 0.645 -> 0.565  ret -0.124
[EXIT]     No sharps left, entry 0.675 -> 0.655  ret -0.0296
[EXIT]     No sharps left, entry 0.730 -> 0.710  ret -0.0274
[EXIT]  Atlanta Braves sharps left, entry 0.295 -> 0.285  ret -0.0336
[EXIT]   Over sharps left, entry 0.275 -> 0.385  ret 0.4
[EXIT]    Yes sharps left, entry 0.580 -> 0.345  ret -0.4051
[RESOLVE]   Yes entry 0.825 -> 1  ret 0.2123
[EXIT]     No sharps left, entry 0.830 -> 0.820  ret -0.012
[RESOLVE] Zachary Svajda entry 0.455 -> 1  ret 1.1978
[RESOLVE] Marie Bouzkova entry 0.155 -> 0  ret -1.0
[RESOLVE] Alejandro Tabilo entry 0.217 -> 0  ret -1.0
[report] valid-resolved=52 (26 sub-48h excluded)  hit_rate=0.769  avg_entry_price=0.523  median_ret=+0.575
[VERDICT] SUCCESS (median>0 AND hit_rate>price) ✅
[cycle] +8 entries, 20 closed, 47 still open
[check_stuck] WARNING: 3 stuck position(s) — logged to stuck_alerts.log. Review and run: python3 resolve_stuck.py
=== paper_trader 2026-08-07 (frozen strategy v1.1) ===
[scan] reading current positions of 146 roster traders...
[warn] GET failed after retries: https://data-api.polymarket.com/positions params={'user': '0x204f72f35326db932158cba6adff0b9a1da95e14', 'limit': 500, 'sizeThreshold': 1} err=HTTPSConnectionPool(host='data-api.polymarket.com', port=443): Max retries exceeded with url: /positions?user=0x204f72f35326db932158cba6adff0b9a1da95e14&limit=500&sizeThreshold=1 (Caused by NameResolutionError("<urllib3.connection.HTTPSConnection object at 0x104ae07d0>: Failed to resolve 'data-api.polymarket.com' ([Errno 8] nodename nor servname provided, or not known)"))
[warn] GET failed after retries: https://data-api.polymarket.com/positions params={'user': '0x1f2dd6d473f3e824cd2f8a89d9c69fb96f6ad0cf', 'limit': 500, 'sizeThreshold': 1} err=HTTPSConnectionPool(host='data-api.polymarket.com', port=443): Max retries exceeded with url: /positions?user=0x1f2dd6d473f3e824cd2f8a89d9c69fb96f6ad0cf&limit=500&sizeThreshold=1 (Caused by NameResolutionError("<urllib3.connection.HTTPSConnection object at 0x104ae1310>: Failed to resolve 'data-api.polymarket.com' ([Errno 8] nodename nor servname provided, or not known)"))
[warn] GET failed after retries: https://data-api.polymarket.com/positions params={'user': '0x2005d16a84ceefa912d4e380cd32e7ff827875ea', 'limit': 500, 'sizeThreshold': 1} err=HTTPSConnectionPool(host='data-api.polymarket.com', port=443): Max retries exceeded with url: /positions?user=0x2005d16a84ceefa912d4e380cd32e7ff827875ea&limit=500&sizeThreshold=1 (Caused by NameResolutionError("<urllib3.connection.HTTPSConnection object at 0x104ae1e50>: Failed to resolve 'data-api.polymarket.com' ([Errno 8] nodename nor servname provided, or not known)"))
[warn] GET failed after retries: https://data-api.polymarket.com/positions params={'user': '0x2c335066fe58fe9237c3d3dc7b275c2a034a0563', 'limit': 500, 'sizeThreshold': 1} err=HTTPSConnectionPool(host='data-api.polymarket.com', port=443): Max retries exceeded with url: /positions?user=0x2c335066fe58fe9237c3d3dc7b275c2a034a0563&limit=500&sizeThreshold=1 (Caused by NameResolutionError("<urllib3.connection.HTTPSConnection object at 0x104ae2990>: Failed to resolve 'data-api.polymarket.com' ([Errno 8] nodename nor servname provided, or not known)"))
[warn] GET failed after retries: https://data-api.polymarket.com/positions params={'user': '0xf0318c32136c2db7fec88b84869aee6a1106c80c', 'limit': 500, 'sizeThreshold': 1} err=HTTPSConnectionPool(host='data-api.polymarket.com', port=443): Max retries exceeded with url: /positions?user=0xf0318c32136c2db7fec88b84869aee6a1106c80c&limit=500&sizeThreshold=1 (Caused by NameResolutionError("<urllib3.connection.HTTPSConnection object at 0x104ae34d0>: Failed to resolve 'data-api.polymarket.com' ([Errno 8] nodename nor servname provided, or not known)"))
[warn] GET failed after retries: https://data-api.polymarket.com/positions params={'user': '0xdc876e6873772d38716fda7f2452a78d426d7ab6', 'limit': 500, 'sizeThreshold': 1} err=HTTPSConnectionPool(host='data-api.polymarket.com', port=443): Max retries exceeded with url: /positions?user=0xdc876e6873772d38716fda7f2452a78d426d7ab6&limit=500&sizeThreshold=1 (Caused by NameResolutionError("<urllib3.connection.HTTPSConnection object at 0x104b20050>: Failed to resolve 'data-api.polymarket.com' ([Errno 8] nodename nor servname provided, or not known)"))
[warn] GET failed after retries: https://data-api.polymarket.com/positions params={'user': '0x507e52ef684ca2dd91f90a9d26d149dd3288beae', 'limit': 500, 'sizeThreshold': 1} err=HTTPSConnectionPool(host='data-api.polymarket.com', port=443): Max retries exceeded with url: /positions?user=0x507e52ef684ca2dd91f90a9d26d149dd3288beae&limit=500&sizeThreshold=1 (Caused by NameResolutionError("<urllib3.connection.HTTPSConnection object at 0x104b20b90>: Failed to resolve 'data-api.polymarket.com' ([Errno 8] nodename nor servname provided, or not known)"))
[warn] GET failed after retries: https://data-api.polymarket.com/positions params={'user': '0xe549581668a5751c1972d3ad2d1991d900bd2d54', 'limit': 500, 'sizeThreshold': 1} err=HTTPSConnectionPool(host='data-api.polymarket.com', port=443): Max retries exceeded with url: /positions?user=0xe549581668a5751c1972d3ad2d1991d900bd2d54&limit=500&sizeThreshold=1 (Caused by NameResolutionError("<urllib3.connection.HTTPSConnection object at 0x104b216d0>: Failed to resolve 'data-api.polymarket.com' ([Errno 8] nodename nor servname provided, or not known)"))
[warn] GET failed after retries: https://data-api.polymarket.com/positions params={'user': '0x2a2c53bd278c04da9962fcf96490e17f3dfb9bc1', 'limit': 500, 'sizeThreshold': 1} err=HTTPSConnectionPool(host='data-api.polymarket.com', port=443): Max retries exceeded with url: /positions?user=0x2a2c53bd278c04da9962fcf96490e17f3dfb9bc1&limit=500&sizeThreshold=1 (Caused by NameResolutionError("<urllib3.connection.HTTPSConnection object at 0x1049ff390>: Failed to resolve 'data-api.polymarket.com' ([Errno 8] nodename nor servname provided, or not known)"))
[warn] GET failed after retries: https://data-api.polymarket.com/positions params={'user': '0xdb27bf2ac5d428a9c63dbc914611036855a6c56e', 'limit': 500, 'sizeThreshold': 1} err=HTTPSConnectionPool(host='data-api.polymarket.com', port=443): Max retries exceeded with url: /positions?user=0xdb27bf2ac5d428a9c63dbc914611036855a6c56e&limit=500&sizeThreshold=1 (Caused by NameResolutionError("<urllib3.connection.HTTPSConnection object at 0x104b20910>: Failed to resolve 'data-api.polymarket.com' ([Errno 8] nodename nor servname provided, or not known)"))
    ...read 20/146 traders
    ...read 40/146 traders
    ...read 60/146 traders
[warn] GET failed after retries: https://data-api.polymarket.com/positions params={'user': '0xbddf61af533ff524d27154e589d2d7a81510c684', 'limit': 500, 'sizeThreshold': 1} err=HTTPSConnectionPool(host='data-api.polymarket.com', port=443): Read timed out. (read timeout=30)
[warn] GET failed after retries: https://data-api.polymarket.com/positions params={'user': '0x7ee1b64be7016b0b0234ab6cabcaa689fd18dae8', 'limit': 500, 'sizeThreshold': 1} err=HTTPSConnectionPool(host='data-api.polymarket.com', port=443): Max retries exceeded with url: /positions?user=0x7ee1b64be7016b0b0234ab6cabcaa689fd18dae8&limit=500&sizeThreshold=1 (Caused by NameResolutionError("<urllib3.connection.HTTPSConnection object at 0x1049ffd90>: Failed to resolve 'data-api.polymarket.com' ([Errno 8] nodename nor servname provided, or not known)"))
[warn] GET failed after retries: https://data-api.polymarket.com/positions params={'user': '0x43372356634781eea88d61bbdd7824cdce958882', 'limit': 500, 'sizeThreshold': 1} err=HTTPSConnectionPool(host='data-api.polymarket.com', port=443): Max retries exceeded with url: /positions?user=0x43372356634781eea88d61bbdd7824cdce958882&limit=500&sizeThreshold=1 (Caused by NameResolutionError("<urllib3.connection.HTTPSConnection object at 0x104b21810>: Failed to resolve 'data-api.polymarket.com' ([Errno 8] nodename nor servname provided, or not known)"))
[warn] GET failed after retries: https://data-api.polymarket.com/positions params={'user': '0xc8075693f48668a264b9fa313b47f52712fcc12b', 'limit': 500, 'sizeThreshold': 1} err=HTTPSConnectionPool(host='data-api.polymarket.com', port=443): Max retries exceeded with url: /positions?user=0xc8075693f48668a264b9fa313b47f52712fcc12b&limit=500&sizeThreshold=1 (Caused by NameResolutionError("<urllib3.connection.HTTPSConnection object at 0x104b20910>: Failed to resolve 'data-api.polymarket.com' ([Errno 8] nodename nor servname provided, or not known)"))
[warn] GET failed after retries: https://data-api.polymarket.com/positions params={'user': '0xf070207d315d47fd07870e464d3ded9151f5ac55', 'limit': 500, 'sizeThreshold': 1} err=HTTPSConnectionPool(host='data-api.polymarket.com', port=443): Max retries exceeded with url: /positions?user=0xf070207d315d47fd07870e464d3ded9151f5ac55&limit=500&sizeThreshold=1 (Caused by NameResolutionError("<urllib3.connection.HTTPSConnection object at 0x104b211d0>: Failed to resolve 'data-api.polymarket.com' ([Errno 8] nodename nor servname provided, or not known)"))
[warn] GET failed after retries: https://data-api.polymarket.com/positions params={'user': '0xc84f7e76ec28ef20e7773b7b4926bfb7378be0c5', 'limit': 500, 'sizeThreshold': 1} err=HTTPSConnectionPool(host='data-api.polymarket.com', port=443): Max retries exceeded with url: /positions?user=0xc84f7e76ec28ef20e7773b7b4926bfb7378be0c5&limit=500&sizeThreshold=1 (Caused by NameResolutionError("<urllib3.connection.HTTPSConnection object at 0x104b22ad0>: Failed to resolve 'data-api.polymarket.com' ([Errno 8] nodename nor servname provided, or not known)"))
[warn] GET failed after retries: https://data-api.polymarket.com/positions params={'user': '0x3954e1c6b7bc5645d9d3425a6f4490889ef122d9', 'limit': 500, 'sizeThreshold': 1} err=HTTPSConnectionPool(host='data-api.polymarket.com', port=443): Max retries exceeded with url: /positions?user=0x3954e1c6b7bc5645d9d3425a6f4490889ef122d9&limit=500&sizeThreshold=1 (Caused by NameResolutionError("<urllib3.connection.HTTPSConnection object at 0x104b23610>: Failed to resolve 'data-api.polymarket.com' ([Errno 8] nodename nor servname provided, or not known)"))
[warn] GET failed after retries: https://data-api.polymarket.com/positions params={'user': '0x0f1cb0af3f632029ec26ba44c22239f47d5f82c6', 'limit': 500, 'sizeThreshold': 1} err=HTTPSConnectionPool(host='data-api.polymarket.com', port=443): Max retries exceeded with url: /positions?user=0x0f1cb0af3f632029ec26ba44c22239f47d5f82c6&limit=500&sizeThreshold=1 (Caused by NameResolutionError("<urllib3.connection.HTTPSConnection object at 0x10570c190>: Failed to resolve 'data-api.polymarket.com' ([Errno 8] nodename nor servname provided, or not known)"))
[warn] GET failed after retries: https://data-api.polymarket.com/positions params={'user': '0x88c4919de76e526d55a32c1f8afb439dd1f1129a', 'limit': 500, 'sizeThreshold': 1} err=HTTPSConnectionPool(host='data-api.polymarket.com', port=443): Max retries exceeded with url: /positions?user=0x88c4919de76e526d55a32c1f8afb439dd1f1129a&limit=500&sizeThreshold=1 (Caused by NameResolutionError("<urllib3.connection.HTTPSConnection object at 0x10570ccd0>: Failed to resolve 'data-api.polymarket.com' ([Errno 8] nodename nor servname provided, or not known)"))
[warn] GET failed after retries: https://data-api.polymarket.com/positions params={'user': '0xe1000ddb5f5025849765e29d051dfff78f5d4d41', 'limit': 500, 'sizeThreshold': 1} err=HTTPSConnectionPool(host='data-api.polymarket.com', port=443): Max retries exceeded with url: /positions?user=0xe1000ddb5f5025849765e29d051dfff78f5d4d41&limit=500&sizeThreshold=1 (Caused by NameResolutionError("<urllib3.connection.HTTPSConnection object at 0x10570d810>: Failed to resolve 'data-api.polymarket.com' ([Errno 8] nodename nor servname provided, or not known)"))
[warn] GET failed after retries: https://data-api.polymarket.com/positions params={'user': '0x16bb9951a36fce71e2ef57890b786145e0ba8492', 'limit': 500, 'sizeThreshold': 1} err=HTTPSConnectionPool(host='data-api.polymarket.com', port=443): Max retries exceeded with url: /positions?user=0x16bb9951a36fce71e2ef57890b786145e0ba8492&limit=500&sizeThreshold=1 (Caused by NameResolutionError("<urllib3.connection.HTTPSConnection object at 0x104b239d0>: Failed to resolve 'data-api.polymarket.com' ([Errno 8] nodename nor servname provided, or not known)"))
[warn] GET failed after retries: https://data-api.polymarket.com/positions params={'user': '0xc29198ad764bd6adaf7bb971a3757a689ece5d74', 'limit': 500, 'sizeThreshold': 1} err=HTTPSConnectionPool(host='data-api.polymarket.com', port=443): Max retries exceeded with url: /positions?user=0xc29198ad764bd6adaf7bb971a3757a689ece5d74&limit=500&sizeThreshold=1 (Caused by NameResolutionError("<urllib3.connection.HTTPSConnection object at 0x104b22e90>: Failed to resolve 'data-api.polymarket.com' ([Errno 8] nodename nor servname provided, or not known)"))
[warn] GET failed after retries: https://data-api.polymarket.com/positions params={'user': '0x2dc13c6bda81b202281e796953a7323de675b33c', 'limit': 500, 'sizeThreshold': 1} err=HTTPSConnectionPool(host='data-api.polymarket.com', port=443): Max retries exceeded with url: /positions?user=0x2dc13c6bda81b202281e796953a7323de675b33c&limit=500&sizeThreshold=1 (Caused by NameResolutionError("<urllib3.connection.HTTPSConnection object at 0x104b22350>: Failed to resolve 'data-api.polymarket.com' ([Errno 8] nodename nor servname provided, or not known)"))
    ...read 80/146 traders
    ...read 100/146 traders
    ...read 120/146 traders
    ...read 140/146 traders
[ENTRY] Alina Korneeva @ 0.412  x2  National Bank Open: Iva Jovic vs Alina Korneeva
[ENTRY] Adrian Andreev @ 0.405  x3  Plovdiv 2: Adrian Andreev vs Petr Nesterov
[ENTRY]   Yes @ 0.345  x2  Will the Fed increase interest rates by 25 bps aft
[ENTRY]    No @ 0.480  x2  Iran charges Hormuz fees by December 31?
[ENTRY]    No @ 0.897  x2  Will Israel annex any territory by December 31?
[ENTRY]   Yes @ 0.484  x2  Will Darline Graham Nordone be the new republican 
[ENTRY]   Yes @ 0.338  x2  Will the total domestic gross for Spider-Man: Bran
[ENTRY]   Yes @ 0.305  x2  China x Philippines military clash before 2027?
[ENTRY]   Yes @ 0.160  x2  Will the United States send warships through the S
[ENTRY]    No @ 0.735  x2  Strait of Hormuz traffic returns to normal by Sept
[ENTRY]   Yes @ 0.755  x2  Iran-Oman Hormuz Agreement by August 15?
[ENTRY]    No @ 0.795  x4  Gianni Infantino out as FIFA President by December
[ENTRY]   Yes @ 0.565  x2  Fed rate hike in 2026?
[ENTRY]   Yes @ 0.885  x2  Iran-Oman Hormuz Agreement by August 31?
[ENTRY]    No @ 0.860  x2  Will Solana dip to $40 by December 31, 2026?
[ENTRY]    No @ 0.895  x4  Iran leadership change by September 30?
[ENTRY]   Yes @ 0.345  x2  Will Ronaldo Caiado finish in third place in the f
[ENTRY]    No @ 0.845  x2  Will WTI Crude Oil (WTI) hit (HIGH) $95 in August?
[ENTRY]   Yes @ 0.405  x2  Will Luiz Inácio Lula da Silva win the first round
[ENTRY]   Yes @ 0.185  x2  Will Luiz Inácio Lula da Silva win the first round
[ENTRY]    No @ 0.910  x3  Will WTI Crude Oil (WTI) hit (HIGH) $100 in August
[ENTRY]    No @ 0.865  x2  Will Bitcoin reach $72,500 in August?
[ENTRY]    No @ 0.585  x3  US x Iran diplomatic meeting by August 31, 2026?
[ENTRY] Gijs Brouwer @ 0.375  x2  Istanbul 2: Koki Matsuda vs Gijs Brouwer
[ENTRY] Lucas Poullain @ 0.325  x2  Istanbul 2: Lucas Poullain vs Kenta Miyoshi
[ENTRY] Ann Li @ 0.165  x2  National Bank Open: Ann Li vs Elena Rybakina
[ENTRY] Daniel Merida Aguilar @ 0.285  x2  National Bank Open: Daniel Merida Aguilar vs Alex 
[EXIT]     No sharps left, entry 0.535 -> 0.435  ret -0.1869
[EXIT]  Boston Red Sox sharps left, entry 0.525 -> 0.535  ret 0.019
[EXIT]     No sharps left, entry 0.425 -> 0.655  ret 0.5412
[EXIT]  Under sharps left, entry 0.385 -> 0.380  ret -0.013
[EXIT]    Yes sharps left, entry 0.235 -> 0.225  ret -0.0426
[EXIT]  Under sharps left, entry 0.555 -> 0.625  ret 0.1261
[EXIT]    Yes sharps left, entry 0.667 -> 0.475  ret -0.2884
[EXIT]    Yes sharps left, entry 0.305 -> 0.265  ret -0.1311
[report] valid-resolved=52 (26 sub-48h excluded)  hit_rate=0.769  avg_entry_price=0.523  median_ret=+0.575
[VERDICT] SUCCESS (median>0 AND hit_rate>price) ✅
[cycle] +27 entries, 8 closed, 66 still open
[check_stuck] WARNING: 1 stuck position(s) — logged to stuck_alerts.log. Review and run: python3 resolve_stuck.py
=== paper_trader 2026-08-08 (frozen strategy v1.1) ===
[scan] reading current positions of 146 roster traders...
[warn] GET failed after retries: https://data-api.polymarket.com/positions params={'user': '0x204f72f35326db932158cba6adff0b9a1da95e14', 'limit': 500, 'sizeThreshold': 1} err=HTTPSConnectionPool(host='data-api.polymarket.com', port=443): Max retries exceeded with url: /positions?user=0x204f72f35326db932158cba6adff0b9a1da95e14&limit=500&sizeThreshold=1 (Caused by NameResolutionError("<urllib3.connection.HTTPSConnection object at 0x104d207d0>: Failed to resolve 'data-api.polymarket.com' ([Errno 8] nodename nor servname provided, or not known)"))
[warn] GET failed after retries: https://data-api.polymarket.com/positions params={'user': '0x1f2dd6d473f3e824cd2f8a89d9c69fb96f6ad0cf', 'limit': 500, 'sizeThreshold': 1} err=HTTPSConnectionPool(host='data-api.polymarket.com', port=443): Max retries exceeded with url: /positions?user=0x1f2dd6d473f3e824cd2f8a89d9c69fb96f6ad0cf&limit=500&sizeThreshold=1 (Caused by NameResolutionError("<urllib3.connection.HTTPSConnection object at 0x104d21310>: Failed to resolve 'data-api.polymarket.com' ([Errno 8] nodename nor servname provided, or not known)"))
[warn] GET failed after retries: https://data-api.polymarket.com/positions params={'user': '0x2005d16a84ceefa912d4e380cd32e7ff827875ea', 'limit': 500, 'sizeThreshold': 1} err=HTTPSConnectionPool(host='data-api.polymarket.com', port=443): Max retries exceeded with url: /positions?user=0x2005d16a84ceefa912d4e380cd32e7ff827875ea&limit=500&sizeThreshold=1 (Caused by NameResolutionError("<urllib3.connection.HTTPSConnection object at 0x104d21e50>: Failed to resolve 'data-api.polymarket.com' ([Errno 8] nodename nor servname provided, or not known)"))
    ...read 20/146 traders
    ...read 40/146 traders
    ...read 60/146 traders
    ...read 80/146 traders
    ...read 100/146 traders
    ...read 120/146 traders
    ...read 140/146 traders
[ENTRY]   Yes @ 0.191  x2  Will Paramount close Warner Bros. acquisition by e
[ENTRY]   Yes @ 0.860  x2  Will Kai or Speed die to a creeper?
[ENTRY]    No @ 0.365  x2  US reissues Iran oil sanction relief by August 31?
[ENTRY]    No @ 0.305  x2  Will Peggy Flanagan be the Democratic nominee for 
[ENTRY]   Yes @ 0.305  x2  Will Angie Craig be the Democratic nominee for Sen
[ENTRY]    No @ 0.111  x2  Will Rodri join Barcelona?
[ENTRY]   Yes @ 0.880  x4  US announces end of Iranian blockade by September 
[ENTRY] Ekaterina Alexandrova @ 0.165  x2  National Bank Open: Aryna Sabalenka vs Ekaterina A
[ENTRY] Jiri Lehecka @ 0.475  x2  National Bank Open: Jiri Lehecka vs Rafael Jodar
[EXIT]    Yes sharps left, entry 0.455 -> 0.475  ret 0.044
[RESOLVE]   Yes entry 0.895 -> 1  ret 0.1173
[RESOLVE]   Yes entry 0.214 -> 0  ret -1.0
[RESOLVE] Alina Korneeva entry 0.412 -> 1  ret 1.4242
[RESOLVE] Adrian Andreev entry 0.405 -> 0  ret -1.0
[EXIT]    Yes sharps left, entry 0.755 -> 0.700  ret -0.0728
[EXIT]    Yes sharps left, entry 0.885 -> 0.845  ret -0.0452
[RESOLVE] Gijs Brouwer entry 0.375 -> 1  ret 1.6667
[warn] GET failed after retries: https://gamma-api.polymarket.com/markets params={'condition_ids': '0x1cdd372bea876ba49421c8cd5efb43e15a4481414740d247afb21bfbd5c34dfa', 'closed': 'true'} err=HTTPSConnectionPool(host='gamma-api.polymarket.com', port=443): Max retries exceeded with url: /markets?condition_ids=0x1cdd372bea876ba49421c8cd5efb43e15a4481414740d247afb21bfbd5c34dfa&closed=true (Caused by NameResolutionError("<urllib3.connection.HTTPSConnection object at 0x104d220d0>: Failed to resolve 'gamma-api.polymarket.com' ([Errno 8] nodename nor servname provided, or not known)"))
[warn] GET failed after retries: https://gamma-api.polymarket.com/markets params={'condition_ids': '0x1cdd372bea876ba49421c8cd5efb43e15a4481414740d247afb21bfbd5c34dfa'} err=HTTPSConnectionPool(host='gamma-api.polymarket.com', port=443): Max retries exceeded with url: /markets?condition_ids=0x1cdd372bea876ba49421c8cd5efb43e15a4481414740d247afb21bfbd5c34dfa (Caused by NameResolutionError("<urllib3.connection.HTTPSConnection object at 0x104d21590>: Failed to resolve 'gamma-api.polymarket.com' ([Errno 8] nodename nor servname provided, or not known)"))
[warn] GET failed after retries: https://gamma-api.polymarket.com/markets params={'condition_ids': '0xd4acf1ca0bef2722ac117b254dc1bb292b97fd6088781eb1651ac7dec51dfdce', 'closed': 'true'} err=HTTPSConnectionPool(host='gamma-api.polymarket.com', port=443): Max retries exceeded with url: /markets?condition_ids=0xd4acf1ca0bef2722ac117b254dc1bb292b97fd6088781eb1651ac7dec51dfdce&closed=true (Caused by NameResolutionError("<urllib3.connection.HTTPSConnection object at 0x104d20690>: Failed to resolve 'gamma-api.polymarket.com' ([Errno 8] nodename nor servname provided, or not known)"))
[warn] GET failed after retries: https://gamma-api.polymarket.com/markets params={'condition_ids': '0xd4acf1ca0bef2722ac117b254dc1bb292b97fd6088781eb1651ac7dec51dfdce'} err=HTTPSConnectionPool(host='gamma-api.polymarket.com', port=443): Max retries exceeded with url: /markets?condition_ids=0xd4acf1ca0bef2722ac117b254dc1bb292b97fd6088781eb1651ac7dec51dfdce (Caused by NameResolutionError("<urllib3.connection.HTTPSConnection object at 0x104d22490>: Failed to resolve 'gamma-api.polymarket.com' ([Errno 8] nodename nor servname provided, or not known)"))
[RESOLVE] Ann Li entry 0.165 -> 0  ret -1.0
[warn] GET failed after retries: https://gamma-api.polymarket.com/markets params={'condition_ids': '0x19837aa660d59b55570415087706d88e381cccac29ad18dba3477441ed19b6a3', 'closed': 'true'} err=HTTPSConnectionPool(host='gamma-api.polymarket.com', port=443): Max retries exceeded with url: /markets?condition_ids=0x19837aa660d59b55570415087706d88e381cccac29ad18dba3477441ed19b6a3&closed=true (Caused by NameResolutionError("<urllib3.connection.HTTPSConnection object at 0x104d22fd0>: Failed to resolve 'gamma-api.polymarket.com' ([Errno 8] nodename nor servname provided, or not known)"))
[warn] GET failed after retries: https://gamma-api.polymarket.com/markets params={'condition_ids': '0x19837aa660d59b55570415087706d88e381cccac29ad18dba3477441ed19b6a3'} err=HTTPSConnectionPool(host='gamma-api.polymarket.com', port=443): Max retries exceeded with url: /markets?condition_ids=0x19837aa660d59b55570415087706d88e381cccac29ad18dba3477441ed19b6a3 (Caused by NameResolutionError("<urllib3.connection.HTTPSConnection object at 0x104d23b10>: Failed to resolve 'gamma-api.polymarket.com' ([Errno 8] nodename nor servname provided, or not known)"))
[warn] GET failed after retries: https://gamma-api.polymarket.com/markets params={'condition_ids': '0x745bad0ff4724aab8a5e52ce4fe1558a493fb248a679b51f54bbe21923979f02', 'closed': 'true'} err=HTTPSConnectionPool(host='gamma-api.polymarket.com', port=443): Max retries exceeded with url: /markets?condition_ids=0x745bad0ff4724aab8a5e52ce4fe1558a493fb248a679b51f54bbe21923979f02&closed=true (Caused by NameResolutionError("<urllib3.connection.HTTPSConnection object at 0x104d23ed0>: Failed to resolve 'gamma-api.polymarket.com' ([Errno 8] nodename nor servname provided, or not known)"))
[warn] GET failed after retries: https://gamma-api.polymarket.com/markets params={'condition_ids': '0x745bad0ff4724aab8a5e52ce4fe1558a493fb248a679b51f54bbe21923979f02'} err=HTTPSConnectionPool(host='gamma-api.polymarket.com', port=443): Max retries exceeded with url: /markets?condition_ids=0x745bad0ff4724aab8a5e52ce4fe1558a493fb248a679b51f54bbe21923979f02 (Caused by NameResolutionError("<urllib3.connection.HTTPSConnection object at 0x104d234d0>: Failed to resolve 'gamma-api.polymarket.com' ([Errno 8] nodename nor servname provided, or not known)"))
[warn] GET failed after retries: https://gamma-api.polymarket.com/markets params={'condition_ids': '0x999833bf498aa15d734c52bb750e66e92cebdce6748cb3a8d6c689be3f339243', 'closed': 'true'} err=HTTPSConnectionPool(host='gamma-api.polymarket.com', port=443): Max retries exceeded with url: /markets?condition_ids=0x999833bf498aa15d734c52bb750e66e92cebdce6748cb3a8d6c689be3f339243&closed=true (Caused by NameResolutionError("<urllib3.connection.HTTPSConnection object at 0x104d22850>: Failed to resolve 'gamma-api.polymarket.com' ([Errno 8] nodename nor servname provided, or not known)"))
[warn] GET failed after retries: https://gamma-api.polymarket.com/markets params={'condition_ids': '0x999833bf498aa15d734c52bb750e66e92cebdce6748cb3a8d6c689be3f339243'} err=HTTPSConnectionPool(host='gamma-api.polymarket.com', port=443): Max retries exceeded with url: /markets?condition_ids=0x999833bf498aa15d734c52bb750e66e92cebdce6748cb3a8d6c689be3f339243 (Caused by NameResolutionError("<urllib3.connection.HTTPSConnection object at 0x104d20a50>: Failed to resolve 'gamma-api.polymarket.com' ([Errno 8] nodename nor servname provided, or not known)"))
[warn] GET failed after retries: https://gamma-api.polymarket.com/markets params={'condition_ids': '0x7de40f0990c2598fdaff0d259d0b2bad2dc284d74c510530c740f18394a6771d', 'closed': 'true'} err=HTTPSConnectionPool(host='gamma-api.polymarket.com', port=443): Max retries exceeded with url: /markets?condition_ids=0x7de40f0990c2598fdaff0d259d0b2bad2dc284d74c510530c740f18394a6771d&closed=true (Caused by NameResolutionError("<urllib3.connection.HTTPSConnection object at 0x104d21450>: Failed to resolve 'gamma-api.polymarket.com' ([Errno 8] nodename nor servname provided, or not known)"))
[warn] GET failed after retries: https://gamma-api.polymarket.com/markets params={'condition_ids': '0x7de40f0990c2598fdaff0d259d0b2bad2dc284d74c510530c740f18394a6771d'} err=HTTPSConnectionPool(host='gamma-api.polymarket.com', port=443): Max retries exceeded with url: /markets?condition_ids=0x7de40f0990c2598fdaff0d259d0b2bad2dc284d74c510530c740f18394a6771d (Caused by NameResolutionError("<urllib3.connection.HTTPSConnection object at 0x104d21f90>: Failed to resolve 'gamma-api.polymarket.com' ([Errno 8] nodename nor servname provided, or not known)"))
[warn] GET failed after retries: https://gamma-api.polymarket.com/markets params={'condition_ids': '0x125d64e41a8b3225d81e84ec1fbeb58b1d8091fa9d54a9f500e01a00586baf9a', 'closed': 'true'} err=HTTPSConnectionPool(host='gamma-api.polymarket.com', port=443): Max retries exceeded with url: /markets?condition_ids=0x125d64e41a8b3225d81e84ec1fbeb58b1d8091fa9d54a9f500e01a00586baf9a&closed=true (Caused by NameResolutionError("<urllib3.connection.HTTPSConnection object at 0x10794c190>: Failed to resolve 'gamma-api.polymarket.com' ([Errno 8] nodename nor servname provided, or not known)"))
[warn] GET failed after retries: https://gamma-api.polymarket.com/markets params={'condition_ids': '0x125d64e41a8b3225d81e84ec1fbeb58b1d8091fa9d54a9f500e01a00586baf9a'} err=HTTPSConnectionPool(host='gamma-api.polymarket.com', port=443): Max retries exceeded with url: /markets?condition_ids=0x125d64e41a8b3225d81e84ec1fbeb58b1d8091fa9d54a9f500e01a00586baf9a (Caused by NameResolutionError("<urllib3.connection.HTTPSConnection object at 0x10794cf50>: Failed to resolve 'gamma-api.polymarket.com' ([Errno 8] nodename nor servname provided, or not known)"))
[warn] GET failed after retries: https://gamma-api.polymarket.com/markets params={'condition_ids': '0xa718870d98c2f9c76efd54629365c24fe87804eb1b28e287ca5344b5924931f0', 'closed': 'true'} err=HTTPSConnectionPool(host='gamma-api.polymarket.com', port=443): Max retries exceeded with url: /markets?condition_ids=0xa718870d98c2f9c76efd54629365c24fe87804eb1b28e287ca5344b5924931f0&closed=true (Caused by NameResolutionError("<urllib3.connection.HTTPSConnection object at 0x10794da90>: Failed to resolve 'gamma-api.polymarket.com' ([Errno 8] nodename nor servname provided, or not known)"))
[warn] GET failed after retries: https://gamma-api.polymarket.com/markets params={'condition_ids': '0xa718870d98c2f9c76efd54629365c24fe87804eb1b28e287ca5344b5924931f0'} err=HTTPSConnectionPool(host='gamma-api.polymarket.com', port=443): Max retries exceeded with url: /markets?condition_ids=0xa718870d98c2f9c76efd54629365c24fe87804eb1b28e287ca5344b5924931f0 (Caused by NameResolutionError("<urllib3.connection.HTTPSConnection object at 0x10794e5d0>: Failed to resolve 'gamma-api.polymarket.com' ([Errno 8] nodename nor servname provided, or not known)"))
[warn] GET failed after retries: https://gamma-api.polymarket.com/markets params={'condition_ids': '0x598d0c3d015afb9092434b82913046b272c41e11479b3d64ed4447f3699045c1', 'closed': 'true'} err=HTTPSConnectionPool(host='gamma-api.polymarket.com', port=443): Max retries exceeded with url: /markets?condition_ids=0x598d0c3d015afb9092434b82913046b272c41e11479b3d64ed4447f3699045c1&closed=true (Caused by NameResolutionError("<urllib3.connection.HTTPSConnection object at 0x104c3f250>: Failed to resolve 'gamma-api.polymarket.com' ([Errno 8] nodename nor servname provided, or not known)"))
[warn] GET failed after retries: https://gamma-api.polymarket.com/markets params={'condition_ids': '0x598d0c3d015afb9092434b82913046b272c41e11479b3d64ed4447f3699045c1'} err=HTTPSConnectionPool(host='gamma-api.polymarket.com', port=443): Max retries exceeded with url: /markets?condition_ids=0x598d0c3d015afb9092434b82913046b272c41e11479b3d64ed4447f3699045c1 (Caused by NameResolutionError("<urllib3.connection.HTTPSConnection object at 0x104d21a90>: Failed to resolve 'gamma-api.polymarket.com' ([Errno 8] nodename nor servname provided, or not known)"))
[warn] GET failed after retries: https://gamma-api.polymarket.com/markets params={'condition_ids': '0x30174f3f46398e37c96a07b45916e01eab9a8a854ecb624ac73a91a8490fd074', 'closed': 'true'} err=HTTPSConnectionPool(host='gamma-api.polymarket.com', port=443): Max retries exceeded with url: /markets?condition_ids=0x30174f3f46398e37c96a07b45916e01eab9a8a854ecb624ac73a91a8490fd074&closed=true (Caused by NameResolutionError("<urllib3.connection.HTTPSConnection object at 0x104d20f50>: Failed to resolve 'gamma-api.polymarket.com' ([Errno 8] nodename nor servname provided, or not known)"))
[warn] GET failed after retries: https://gamma-api.polymarket.com/markets params={'condition_ids': '0x30174f3f46398e37c96a07b45916e01eab9a8a854ecb624ac73a91a8490fd074'} err=HTTPSConnectionPool(host='gamma-api.polymarket.com', port=443): Max retries exceeded with url: /markets?condition_ids=0x30174f3f46398e37c96a07b45916e01eab9a8a854ecb624ac73a91a8490fd074 (Caused by NameResolutionError("<urllib3.connection.HTTPSConnection object at 0x104d20910>: Failed to resolve 'gamma-api.polymarket.com' ([Errno 8] nodename nor servname provided, or not known)"))
[warn] GET failed after retries: https://gamma-api.polymarket.com/markets params={'condition_ids': '0x32cace9530dddf66ad91ed711fe96628dd1e919400b8731f0a953ab4623a3fba', 'closed': 'true'} err=HTTPSConnectionPool(host='gamma-api.polymarket.com', port=443): Max retries exceeded with url: /markets?condition_ids=0x32cace9530dddf66ad91ed711fe96628dd1e919400b8731f0a953ab4623a3fba&closed=true (Caused by NameResolutionError("<urllib3.connection.HTTPSConnection object at 0x104d22990>: Failed to resolve 'gamma-api.polymarket.com' ([Errno 8] nodename nor servname provided, or not known)"))
[warn] GET failed after retries: https://gamma-api.polymarket.com/markets params={'condition_ids': '0x32cace9530dddf66ad91ed711fe96628dd1e919400b8731f0a953ab4623a3fba'} err=HTTPSConnectionPool(host='gamma-api.polymarket.com', port=443): Max retries exceeded with url: /markets?condition_ids=0x32cace9530dddf66ad91ed711fe96628dd1e919400b8731f0a953ab4623a3fba (Caused by NameResolutionError("<urllib3.connection.HTTPSConnection object at 0x104d23390>: Failed to resolve 'gamma-api.polymarket.com' ([Errno 8] nodename nor servname provided, or not known)"))
[warn] GET failed after retries: https://gamma-api.polymarket.com/markets params={'condition_ids': '0x1548f4ea625bd53a1f3741235abbe013912352b48f45c3122f2b2001dd3d9f1b', 'closed': 'true'} err=HTTPSConnectionPool(host='gamma-api.polymarket.com', port=443): Max retries exceeded with url: /markets?condition_ids=0x1548f4ea625bd53a1f3741235abbe013912352b48f45c3122f2b2001dd3d9f1b&closed=true (Caused by NameResolutionError("<urllib3.connection.HTTPSConnection object at 0x10794ec10>: Failed to resolve 'gamma-api.polymarket.com' ([Errno 8] nodename nor servname provided, or not known)"))
[warn] GET failed after retries: https://gamma-api.polymarket.com/markets params={'condition_ids': '0x1548f4ea625bd53a1f3741235abbe013912352b48f45c3122f2b2001dd3d9f1b'} err=HTTPSConnectionPool(host='gamma-api.polymarket.com', port=443): Max retries exceeded with url: /markets?condition_ids=0x1548f4ea625bd53a1f3741235abbe013912352b48f45c3122f2b2001dd3d9f1b (Caused by NameResolutionError("<urllib3.connection.HTTPSConnection object at 0x10794e0d0>: Failed to resolve 'gamma-api.polymarket.com' ([Errno 8] nodename nor servname provided, or not known)"))
[report] valid-resolved=54 (30 sub-48h excluded)  hit_rate=0.759  avg_entry_price=0.525  median_ret=+0.575
[VERDICT] SUCCESS (median>0 AND hit_rate>price) ✅
[cycle] +9 entries, 9 closed, 66 still open
[check_stuck] WARNING: 57 stuck position(s) — logged to stuck_alerts.log. Review and run: python3 resolve_stuck.py
=== paper_trader 2026-08-11 (frozen strategy v1.1) ===
[scan] reading current positions of 146 roster traders...
[warn] GET failed after retries: https://data-api.polymarket.com/positions params={'user': '0x204f72f35326db932158cba6adff0b9a1da95e14', 'limit': 500, 'sizeThreshold': 1} err=HTTPSConnectionPool(host='data-api.polymarket.com', port=443): Max retries exceeded with url: /positions?user=0x204f72f35326db932158cba6adff0b9a1da95e14&limit=500&sizeThreshold=1 (Caused by NameResolutionError("<urllib3.connection.HTTPSConnection object at 0x10426c7d0>: Failed to resolve 'data-api.polymarket.com' ([Errno 8] nodename nor servname provided, or not known)"))
[warn] GET failed after retries: https://data-api.polymarket.com/positions params={'user': '0x1f2dd6d473f3e824cd2f8a89d9c69fb96f6ad0cf', 'limit': 500, 'sizeThreshold': 1} err=HTTPSConnectionPool(host='data-api.polymarket.com', port=443): Max retries exceeded with url: /positions?user=0x1f2dd6d473f3e824cd2f8a89d9c69fb96f6ad0cf&limit=500&sizeThreshold=1 (Caused by NameResolutionError("<urllib3.connection.HTTPSConnection object at 0x10426d310>: Failed to resolve 'data-api.polymarket.com' ([Errno 8] nodename nor servname provided, or not known)"))
[warn] GET failed after retries: https://data-api.polymarket.com/positions params={'user': '0x2005d16a84ceefa912d4e380cd32e7ff827875ea', 'limit': 500, 'sizeThreshold': 1} err=HTTPSConnectionPool(host='data-api.polymarket.com', port=443): Max retries exceeded with url: /positions?user=0x2005d16a84ceefa912d4e380cd32e7ff827875ea&limit=500&sizeThreshold=1 (Caused by NameResolutionError("<urllib3.connection.HTTPSConnection object at 0x10426de50>: Failed to resolve 'data-api.polymarket.com' ([Errno 8] nodename nor servname provided, or not known)"))
    ...read 20/146 traders
    ...read 40/146 traders
    ...read 60/146 traders
    ...read 80/146 traders
    ...read 100/146 traders
    ...read 120/146 traders
    ...read 140/146 traders
[ENTRY] Andrej Nedic @ 0.407  x2  Hamburg: Ergi Kirkin vs Andrej Nedic
[ENTRY] Max Houkes @ 0.455  x2  Hamburg: Max Houkes vs Sumit Nagal
[ENTRY] Carlos Taberner @ 0.420  x3  Hamburg: Olle Wallin vs Carlos Taberner
[ENTRY]   Yes @ 0.275  x2  Will Bitcoin dip to $62,000 August 10-16?
[ENTRY]    No @ 0.785  x2  Will Bitcoin reach $70,000 in August?
[ENTRY]    No @ 0.815  x2  Will Kai and Speed beat the Minecraft challenge by
[ENTRY] Bills @ 0.465  x2  Panthers vs. Bills
[ENTRY]   Yes @ 0.545  x3  US x Iran diplomatic meeting by September 30, 2026
[ENTRY]   Yes @ 0.285  x2  UNSC Resolution Endorsing Final U.S.-Iran Deal by 
[ENTRY]   Yes @ 0.715  x2  Israel x Iran ceasefire continues through Septembe
[ENTRY]    No @ 0.850  x2  Will Bitcoin reach $90,000 by December 31, 2026?
[ENTRY] Darderi @ 0.365  x2  Set 1 Winner: Darderi vs Nakashima
[ENTRY] Aguilar @ 0.395  x2  Set 1 Winner: Aguilar vs Tien
[ENTRY] Jakub Mensik @ 0.445  x2  National Bank Open: Jakub Mensik vs Ben Shelton
[ENTRY] Luciano Darderi @ 0.315  x2  National Bank Open: Luciano Darderi vs Brandon Nak
[ENTRY] Pablo Llamas Ruiz @ 0.495  x2  Cincinnati Open, Qualification: Alexander Shevchen
[ENTRY] Yue Yuan @ 0.475  x2  Cincinnati Open, Qualification: Renata Zarazua vs 
[ENTRY] Jodar @ 0.565  x2  Set 1 Winner: Jodar vs Fils
[EXIT]     No sharps left, entry 0.365 -> 0.655  ret 0.7945
[RESOLVE]   Yes entry 0.300 -> 0  ret -1.0
[EXIT]    Yes sharps left, entry 0.705 -> 0.420  ret -0.4042
[EXIT]    Yes sharps left, entry 0.235 -> 0.315  ret 0.3404
[EXIT]    Yes sharps left, entry 0.345 -> 0.375  ret 0.087
[RESOLVE] Lucas Poullain entry 0.325 -> 1  ret 2.0769
[RESOLVE] Daniel Merida Aguilar entry 0.285 -> 1  ret 2.5088
[EXIT]    Yes sharps left, entry 0.191 -> 0.243  ret 0.2782
[RESOLVE]   Yes entry 0.860 -> 1  ret 0.1628
[RESOLVE] Ekaterina Alexandrova entry 0.165 -> 1  ret 5.0606
[RESOLVE] Jiri Lehecka entry 0.475 -> 0  ret -1.0
[report] valid-resolved=60 (30 sub-48h excluded)  hit_rate=0.750  avg_entry_price=0.512  median_ret=+0.575
[VERDICT] SUCCESS (median>0 AND hit_rate>price) ✅
[cycle] +18 entries, 11 closed, 73 still open
[check_stuck] WARNING: 1 stuck position(s) — logged to stuck_alerts.log. Review and run: python3 resolve_stuck.py
=== paper_trader 2026-08-12 (frozen strategy v1.1) ===
[scan] reading current positions of 146 roster traders...
    ...read 20/146 traders
    ...read 40/146 traders
    ...read 60/146 traders
    ...read 80/146 traders
    ...read 100/146 traders
    ...read 120/146 traders
    ...read 140/146 traders
[ENTRY]    No @ 0.605  x2  Will RC Deportivo A Coruña win on 2026-08-17?
[ENTRY] Iga Swiatek @ 0.695  x2  National Bank Open: Elina Svitolina vs Iga Swiatek
[ENTRY] Brandon Nakashima @ 0.345  x3  National Bank Open: Rafael Jodar vs Brandon Nakash
[ENTRY]    No @ 0.585  x2  Will Villarreal CF win on 2026-08-16?
[ENTRY] Maxim Mrva @ 0.415  x2  Todi: Nikolas Sanchez Izquierdo vs Maxim Mrva
[ENTRY]   Yes @ 0.635  x2  Chicago Fire FC vs. Vancouver Whitecaps FC: Both T
[ENTRY] Federico Agustin Gomez @ 0.575  x2  Todi: Daniel Galan vs Federico Agustin Gomez
[ENTRY]   Yes @ 0.425  x2  Will Sevilla FC win on 2026-08-15?
[ENTRY]    No @ 0.555  x2  Will RCD Espanyol de Barcelona win on 2026-08-16?
[ENTRY]   Yes @ 0.305  x2  Will Real Racing Club win on 2026-08-16?
[ENTRY] Dhakshineswar Suresh @ 0.485  x2  Brownsburg: Liam Broady vs Dhakshineswar Suresh
[ENTRY] Takuya Kumasaka @ 0.125  x2  Astana: Takuya Kumasaka vs Hayato Matsuoka
[ENTRY]   Yes @ 0.325  x2  Will RC Deportivo A Coruña vs. Elche CF end in a d
[ENTRY] Henrique Rocha @ 0.335  x3  Cincinnati Open, Qualification: Marcos Giron vs He
[ENTRY]   Yes @ 0.405  x2  Will Bitcoin dip to $60,000 in August?
[ENTRY]   Yes @ 0.235  x2  Will Bitcoin reach $66,000 August 10-16?
[ENTRY] Donte Johnson @ 0.695  x2  UFC 330: Eric McConico vs. Donte Johnson (Middlewe
[ENTRY]   Yes @ 0.808  x2  US announces end of Iranian blockade by December 3
[ENTRY]   Yes @ 0.135  x2  Strait of Hormuz traffic returns to normal by Sept
[ENTRY]   Yes @ 0.305  x2  Will AfD win an absolute majority of seats in Sach
[ENTRY]    No @ 0.910  x2  Will any presidential candidate win outright in th
[ENTRY]    No @ 0.825  x2  Will Bitcoin dip to $57,500 in August?
[ENTRY]   Yes @ 0.128  x2  Will Rodri stay at Manchester City?
[ENTRY] Emiliana Arango @ 0.375  x2  Cincinnati Open, Qualification: Emiliana Arango vs
[RESOLVE]    No entry 0.305 -> 0  ret -1.0
[RESOLVE]   Yes entry 0.305 -> 0  ret -1.0
[RESOLVE] Andrej Nedic entry 0.407 -> 1  ret 1.454
[RESOLVE] Max Houkes entry 0.455 -> 1  ret 1.1978
[RESOLVE] Carlos Taberner entry 0.420 -> 1  ret 1.381
[EXIT]  Bills sharps left, entry 0.465 -> 0.505  ret 0.086
[RESOLVE] Darderi entry 0.365 -> 0  ret -1.0
[RESOLVE] Aguilar entry 0.395 -> 0  ret -1.0
[RESOLVE] Jakub Mensik entry 0.445 -> 0  ret -1.0
[RESOLVE] Luciano Darderi entry 0.315 -> 0  ret -1.0
[RESOLVE] Pablo Llamas Ruiz entry 0.495 -> 0  ret -1.0
[RESOLVE] Yue Yuan entry 0.475 -> 1  ret 1.1053
[RESOLVE] Jodar entry 0.565 -> 1  ret 0.7699
[report] valid-resolved=62 (40 sub-48h excluded)  hit_rate=0.726  avg_entry_price=0.506  median_ret=+0.448
[VERDICT] SUCCESS (median>0 AND hit_rate>price) ✅
[cycle] +24 entries, 13 closed, 84 still open
[check_stuck] WARNING: 1 stuck position(s) — logged to stuck_alerts.log. Review and run: python3 resolve_stuck.py
=== paper_trader 2026-08-13 (frozen strategy v1.1) ===
[scan] reading current positions of 146 roster traders...
[warn] GET failed after retries: https://data-api.polymarket.com/positions params={'user': '0x204f72f35326db932158cba6adff0b9a1da95e14', 'limit': 500, 'sizeThreshold': 1} err=HTTPSConnectionPool(host='data-api.polymarket.com', port=443): Max retries exceeded with url: /positions?user=0x204f72f35326db932158cba6adff0b9a1da95e14&limit=500&sizeThreshold=1 (Caused by NameResolutionError("<urllib3.connection.HTTPSConnection object at 0x103fdc7d0>: Failed to resolve 'data-api.polymarket.com' ([Errno 8] nodename nor servname provided, or not known)"))
[warn] GET failed after retries: https://data-api.polymarket.com/positions params={'user': '0x1f2dd6d473f3e824cd2f8a89d9c69fb96f6ad0cf', 'limit': 500, 'sizeThreshold': 1} err=HTTPSConnectionPool(host='data-api.polymarket.com', port=443): Max retries exceeded with url: /positions?user=0x1f2dd6d473f3e824cd2f8a89d9c69fb96f6ad0cf&limit=500&sizeThreshold=1 (Caused by NameResolutionError("<urllib3.connection.HTTPSConnection object at 0x103fdd310>: Failed to resolve 'data-api.polymarket.com' ([Errno 8] nodename nor servname provided, or not known)"))
[warn] GET failed after retries: https://data-api.polymarket.com/positions params={'user': '0x2005d16a84ceefa912d4e380cd32e7ff827875ea', 'limit': 500, 'sizeThreshold': 1} err=HTTPSConnectionPool(host='data-api.polymarket.com', port=443): Max retries exceeded with url: /positions?user=0x2005d16a84ceefa912d4e380cd32e7ff827875ea&limit=500&sizeThreshold=1 (Caused by NameResolutionError("<urllib3.connection.HTTPSConnection object at 0x103fdde50>: Failed to resolve 'data-api.polymarket.com' ([Errno 8] nodename nor servname provided, or not known)"))
[warn] GET failed after retries: https://data-api.polymarket.com/positions params={'user': '0x2c335066fe58fe9237c3d3dc7b275c2a034a0563', 'limit': 500, 'sizeThreshold': 1} err=HTTPSConnectionPool(host='data-api.polymarket.com', port=443): Max retries exceeded with url: /positions?user=0x2c335066fe58fe9237c3d3dc7b275c2a034a0563&limit=500&sizeThreshold=1 (Caused by NameResolutionError("<urllib3.connection.HTTPSConnection object at 0x103fde990>: Failed to resolve 'data-api.polymarket.com' ([Errno 8] nodename nor servname provided, or not known)"))
[warn] GET failed after retries: https://data-api.polymarket.com/positions params={'user': '0xf0318c32136c2db7fec88b84869aee6a1106c80c', 'limit': 500, 'sizeThreshold': 1} err=HTTPSConnectionPool(host='data-api.polymarket.com', port=443): Max retries exceeded with url: /positions?user=0xf0318c32136c2db7fec88b84869aee6a1106c80c&limit=500&sizeThreshold=1 (Caused by NameResolutionError("<urllib3.connection.HTTPSConnection object at 0x103fdf4d0>: Failed to resolve 'data-api.polymarket.com' ([Errno 8] nodename nor servname provided, or not known)"))
[warn] GET failed after retries: https://data-api.polymarket.com/positions params={'user': '0xdc876e6873772d38716fda7f2452a78d426d7ab6', 'limit': 500, 'sizeThreshold': 1} err=HTTPSConnectionPool(host='data-api.polymarket.com', port=443): Max retries exceeded with url: /positions?user=0xdc876e6873772d38716fda7f2452a78d426d7ab6&limit=500&sizeThreshold=1 (Caused by NameResolutionError("<urllib3.connection.HTTPSConnection object at 0x10401c050>: Failed to resolve 'data-api.polymarket.com' ([Errno 8] nodename nor servname provided, or not known)"))
[warn] GET failed after retries: https://data-api.polymarket.com/positions params={'user': '0x507e52ef684ca2dd91f90a9d26d149dd3288beae', 'limit': 500, 'sizeThreshold': 1} err=HTTPSConnectionPool(host='data-api.polymarket.com', port=443): Max retries exceeded with url: /positions?user=0x507e52ef684ca2dd91f90a9d26d149dd3288beae&limit=500&sizeThreshold=1 (Caused by NameResolutionError("<urllib3.connection.HTTPSConnection object at 0x10401cb90>: Failed to resolve 'data-api.polymarket.com' ([Errno 8] nodename nor servname provided, or not known)"))
[warn] GET failed after retries: https://data-api.polymarket.com/positions params={'user': '0xe549581668a5751c1972d3ad2d1991d900bd2d54', 'limit': 500, 'sizeThreshold': 1} err=HTTPSConnectionPool(host='data-api.polymarket.com', port=443): Max retries exceeded with url: /positions?user=0xe549581668a5751c1972d3ad2d1991d900bd2d54&limit=500&sizeThreshold=1 (Caused by NameResolutionError("<urllib3.connection.HTTPSConnection object at 0x10401d6d0>: Failed to resolve 'data-api.polymarket.com' ([Errno 8] nodename nor servname provided, or not known)"))
[warn] GET failed after retries: https://data-api.polymarket.com/positions params={'user': '0x2a2c53bd278c04da9962fcf96490e17f3dfb9bc1', 'limit': 500, 'sizeThreshold': 1} err=HTTPSConnectionPool(host='data-api.polymarket.com', port=443): Max retries exceeded with url: /positions?user=0x2a2c53bd278c04da9962fcf96490e17f3dfb9bc1&limit=500&sizeThreshold=1 (Caused by NameResolutionError("<urllib3.connection.HTTPSConnection object at 0x103efb390>: Failed to resolve 'data-api.polymarket.com' ([Errno 8] nodename nor servname provided, or not known)"))
[warn] GET failed after retries: https://data-api.polymarket.com/positions params={'user': '0xdb27bf2ac5d428a9c63dbc914611036855a6c56e', 'limit': 500, 'sizeThreshold': 1} err=HTTPSConnectionPool(host='data-api.polymarket.com', port=443): Max retries exceeded with url: /positions?user=0xdb27bf2ac5d428a9c63dbc914611036855a6c56e&limit=500&sizeThreshold=1 (Caused by NameResolutionError("<urllib3.connection.HTTPSConnection object at 0x10401c910>: Failed to resolve 'data-api.polymarket.com' ([Errno 8] nodename nor servname provided, or not known)"))
[warn] GET failed after retries: https://data-api.polymarket.com/positions params={'user': '0xf8831548531d56ad6a4331493243c447a827cd1f', 'limit': 500, 'sizeThreshold': 1} err=HTTPSConnectionPool(host='data-api.polymarket.com', port=443): Max retries exceeded with url: /positions?user=0xf8831548531d56ad6a4331493243c447a827cd1f&limit=500&sizeThreshold=1 (Caused by NameResolutionError("<urllib3.connection.HTTPSConnection object at 0x10401dbd0>: Failed to resolve 'data-api.polymarket.com' ([Errno 8] nodename nor servname provided, or not known)"))
[warn] GET failed after retries: https://data-api.polymarket.com/positions params={'user': '0x16b29c50f2439faf627209b2ac0c7bbddaa8a881', 'limit': 500, 'sizeThreshold': 1} err=HTTPSConnectionPool(host='data-api.polymarket.com', port=443): Max retries exceeded with url: /positions?user=0x16b29c50f2439faf627209b2ac0c7bbddaa8a881&limit=500&sizeThreshold=1 (Caused by NameResolutionError("<urllib3.connection.HTTPSConnection object at 0x10401e710>: Failed to resolve 'data-api.polymarket.com' ([Errno 8] nodename nor servname provided, or not known)"))
[warn] GET failed after retries: https://data-api.polymarket.com/positions params={'user': '0x5966db1fe50763c9e3c014d756369bad07e1f804', 'limit': 500, 'sizeThreshold': 1} err=HTTPSConnectionPool(host='data-api.polymarket.com', port=443): Max retries exceeded with url: /positions?user=0x5966db1fe50763c9e3c014d756369bad07e1f804&limit=500&sizeThreshold=1 (Caused by NameResolutionError("<urllib3.connection.HTTPSConnection object at 0x10401f250>: Failed to resolve 'data-api.polymarket.com' ([Errno 8] nodename nor servname provided, or not known)"))
[warn] GET failed after retries: https://data-api.polymarket.com/positions params={'user': '0x076daa87c4fe1a85402a9b6b8e0a866224388d4c', 'limit': 500, 'sizeThreshold': 1} err=HTTPSConnectionPool(host='data-api.polymarket.com', port=443): Max retries exceeded with url: /positions?user=0x076daa87c4fe1a85402a9b6b8e0a866224388d4c&limit=500&sizeThreshold=1 (Caused by NameResolutionError("<urllib3.connection.HTTPSConnection object at 0x10401fd90>: Failed to resolve 'data-api.polymarket.com' ([Errno 8] nodename nor servname provided, or not known)"))
[warn] GET failed after retries: https://data-api.polymarket.com/positions params={'user': '0x9d84ce0306f8551e02efef1680475fc0f1dc1344', 'limit': 500, 'sizeThreshold': 1} err=HTTPSConnectionPool(host='data-api.polymarket.com', port=443): Max retries exceeded with url: /positions?user=0x9d84ce0306f8551e02efef1680475fc0f1dc1344&limit=500&sizeThreshold=1 (Caused by NameResolutionError("<urllib3.connection.HTTPSConnection object at 0x103fdf4d0>: Failed to resolve 'data-api.polymarket.com' ([Errno 8] nodename nor servname provided, or not known)"))
[warn] GET failed after retries: https://data-api.polymarket.com/positions params={'user': '0x17db3fcd93ba12d38382a0cade24b200185c5f6d', 'limit': 500, 'sizeThreshold': 1} err=HTTPSConnectionPool(host='data-api.polymarket.com', port=443): Max retries exceeded with url: /positions?user=0x17db3fcd93ba12d38382a0cade24b200185c5f6d&limit=500&sizeThreshold=1 (Caused by NameResolutionError("<urllib3.connection.HTTPSConnection object at 0x103fde990>: Failed to resolve 'data-api.polymarket.com' ([Errno 8] nodename nor servname provided, or not known)"))
[warn] GET failed after retries: https://data-api.polymarket.com/positions params={'user': '0xfea31bc088000ff909be1dfd8d0e3f2c7ef2d227', 'limit': 500, 'sizeThreshold': 1} err=HTTPSConnectionPool(host='data-api.polymarket.com', port=443): Max retries exceeded with url: /positions?user=0xfea31bc088000ff909be1dfd8d0e3f2c7ef2d227&limit=500&sizeThreshold=1 (Caused by NameResolutionError("<urllib3.connection.HTTPSConnection object at 0x103fdde50>: Failed to resolve 'data-api.polymarket.com' ([Errno 8] nodename nor servname provided, or not known)"))
[warn] GET failed after retries: https://data-api.polymarket.com/positions params={'user': '0x9495425feeb0c250accb89275c97587011b19a27', 'limit': 500, 'sizeThreshold': 1} err=HTTPSConnectionPool(host='data-api.polymarket.com', port=443): Max retries exceeded with url: /positions?user=0x9495425feeb0c250accb89275c97587011b19a27&limit=500&sizeThreshold=1 (Caused by NameResolutionError("<urllib3.connection.HTTPSConnection object at 0x103fdd310>: Failed to resolve 'data-api.polymarket.com' ([Errno 8] nodename nor servname provided, or not known)"))
[warn] GET failed after retries: https://data-api.polymarket.com/positions params={'user': '0xd38b71f3e8ed1af71983e5c309eac3dfa9b35029', 'limit': 500, 'sizeThreshold': 1} err=HTTPSConnectionPool(host='data-api.polymarket.com', port=443): Max retries exceeded with url: /positions?user=0xd38b71f3e8ed1af71983e5c309eac3dfa9b35029&limit=500&sizeThreshold=1 (Caused by NameResolutionError("<urllib3.connection.HTTPSConnection object at 0x10401f610>: Failed to resolve 'data-api.polymarket.com' ([Errno 8] nodename nor servname provided, or not known)"))
[warn] GET failed after retries: https://data-api.polymarket.com/positions params={'user': '0x343d4466dc323b850e5249394894c7381d91456e', 'limit': 500, 'sizeThreshold': 1} err=HTTPSConnectionPool(host='data-api.polymarket.com', port=443): Max retries exceeded with url: /positions?user=0x343d4466dc323b850e5249394894c7381d91456e&limit=500&sizeThreshold=1 (Caused by NameResolutionError("<urllib3.connection.HTTPSConnection object at 0x10401ead0>: Failed to resolve 'data-api.polymarket.com' ([Errno 8] nodename nor servname provided, or not known)"))
    ...read 20/146 traders
[warn] GET failed after retries: https://data-api.polymarket.com/positions params={'user': '0xbaa2bcb5439e985ce4ccf815b4700027d1b92c73', 'limit': 500, 'sizeThreshold': 1} err=HTTPSConnectionPool(host='data-api.polymarket.com', port=443): Max retries exceeded with url: /positions?user=0xbaa2bcb5439e985ce4ccf815b4700027d1b92c73&limit=500&sizeThreshold=1 (Caused by NameResolutionError("<urllib3.connection.HTTPSConnection object at 0x10401df90>: Failed to resolve 'data-api.polymarket.com' ([Errno 8] nodename nor servname provided, or not known)"))
[warn] GET failed after retries: https://data-api.polymarket.com/positions params={'user': '0x7c1ee865a785de4c00ee90ed86a38489fb8bbab3', 'limit': 500, 'sizeThreshold': 1} err=HTTPSConnectionPool(host='data-api.polymarket.com', port=443): Max retries exceeded with url: /positions?user=0x7c1ee865a785de4c00ee90ed86a38489fb8bbab3&limit=500&sizeThreshold=1 (Caused by NameResolutionError("<urllib3.connection.HTTPSConnection object at 0x10401c550>: Failed to resolve 'data-api.polymarket.com' ([Errno 8] nodename nor servname provided, or not known)"))
[warn] GET failed after retries: https://data-api.polymarket.com/positions params={'user': '0x7fb7ad0d194d7123e711e7db6c9d418fac14e33d', 'limit': 500, 'sizeThreshold': 1} err=HTTPSConnectionPool(host='data-api.polymarket.com', port=443): Max retries exceeded with url: /positions?user=0x7fb7ad0d194d7123e711e7db6c9d418fac14e33d&limit=500&sizeThreshold=1 (Caused by NameResolutionError("<urllib3.connection.HTTPSConnection object at 0x10401d090>: Failed to resolve 'data-api.polymarket.com' ([Errno 8] nodename nor servname provided, or not known)"))
[warn] GET failed after retries: https://data-api.polymarket.com/positions params={'user': '0x44c1dfe43260c94ed4f1d00de2e1f80fb113ebc1', 'limit': 500, 'sizeThreshold': 1} err=HTTPSConnectionPool(host='data-api.polymarket.com', port=443): Max retries exceeded with url: /positions?user=0x44c1dfe43260c94ed4f1d00de2e1f80fb113ebc1&limit=500&sizeThreshold=1 (Caused by NameResolutionError("<urllib3.connection.HTTPSConnection object at 0x103efbd90>: Failed to resolve 'data-api.polymarket.com' ([Errno 8] nodename nor servname provided, or not known)"))
    ...read 40/146 traders
    ...read 60/146 traders
    ...read 80/146 traders
    ...read 100/146 traders
    ...read 120/146 traders
    ...read 140/146 traders
[ENTRY]   Yes @ 0.159  x2  Will Jon Ossoff win the 2028 Democratic presidenti
[ENTRY] Texas Rangers @ 0.505  x5  Texas Rangers vs. Athletics
[ENTRY]   Yes @ 0.195  x2  Clarity Act (H.R.3633) signed into law in 2026?
[ENTRY] Los Angeles Angels @ 0.155  x2  Kansas City Royals vs. Los Angeles Angels
[ENTRY] Cleveland Guardians @ 0.285  x2  San Diego Padres vs. Cleveland Guardians
[ENTRY]    No @ 0.535  x3  Will the Republican Party control the Senate after
[ENTRY]   Yes @ 0.905  x2  Will Flavio Bolsonaro qualify for Brazil's preside
[ENTRY]    No @ 0.201  x2  US announces end of Iranian blockade by December 3
[ENTRY]    No @ 0.310  x2  Will Anthropic IPO by October 31, 2026?
[ENTRY]    No @ 0.705  x2  Will AfD win an absolute majority of seats in Sach
[ENTRY]    No @ 0.882  x6  Israel military action against Greater Beirut by A
[ENTRY]   Yes @ 0.735  x3  Israel x Iran ceasefire continues through October 
[ENTRY]   Yes @ 0.317  x2  Will the total domestic gross for Spider-Man: Bran
[ENTRY]   Yes @ 0.595  x2  Will Bitcoin reach $65,000 in August?
[ENTRY]   Yes @ 0.861  x2  Will Bitcoin dip to $62,500 in August?
[ENTRY] Learner Tien @ 0.878  x2  Cincinnati Open: Learner Tien vs Sebastian Baez
[ENTRY] Anna Blinkova @ 0.355  x2  Cincinnati Open: Anna Blinkova vs Ekaterina Alexan
[ENTRY] Walton @ 0.385  x2  Set Handicap: Walton (-1.5) vs Buse (+1.5)
[EXIT]     No sharps left, entry 0.715 -> 0.735  ret 0.028
[EXIT]     No sharps left, entry 0.847 -> 0.889  ret 0.0502
[EXIT]     No sharps left, entry 0.885 -> 0.920  ret 0.0395
[EXIT]    Yes sharps left, entry 0.270 -> 0.205  ret -0.2407
[RESOLVE]    No entry 0.365 -> 1  ret 1.7397
[EXIT]     No sharps left, entry 0.480 -> 0.505  ret 0.0521
[EXIT]     No sharps left, entry 0.897 -> 0.890  ret -0.0084
[EXIT]    Yes sharps left, entry 0.305 -> 0.325  ret 0.0656
[EXIT]    Yes sharps left, entry 0.160 -> 0.035  ret -0.7812
[EXIT]    Yes sharps left, entry 0.565 -> 0.455  ret -0.1947
[RESOLVE]    No entry 0.111 -> 0  ret -1.0
[RESOLVE]    No entry 0.815 -> 0  ret -1.0
[EXIT]     No sharps left, entry 0.605 -> 0.575  ret -0.0496
[RESOLVE] Iga Swiatek entry 0.695 -> 1  ret 0.4388
[RESOLVE] Brandon Nakashima entry 0.345 -> 1  ret 1.8986
[RESOLVE]    No entry 0.585 -> 1  ret 0.7094
[RESOLVE] Maxim Mrva entry 0.415 -> 1  ret 1.4096
[EXIT]    Yes sharps left, entry 0.635 -> 0.570  ret -0.1024
[RESOLVE] Federico Agustin Gomez entry 0.575 -> 1  ret 0.7391
[RESOLVE]   Yes entry 0.425 -> 1  ret 1.3529
[RESOLVE]    No entry 0.555 -> 0  ret -1.0
[RESOLVE]   Yes entry 0.305 -> 0  ret -1.0
[RESOLVE] Dhakshineswar Suresh entry 0.485 -> 1  ret 1.0619
[RESOLVE] Takuya Kumasaka entry 0.125 -> 0  ret -1.0
[EXIT]    Yes sharps left, entry 0.325 -> 0.305  ret -0.0615
[RESOLVE] Henrique Rocha entry 0.335 -> 1  ret 1.9851
[RESOLVE]   Yes entry 0.235 -> 0  ret -1.0
[RESOLVE] Donte Johnson entry 0.695 -> 1  ret 0.4388
[EXIT]    Yes sharps left, entry 0.808 -> 0.799  ret -0.0111
[EXIT]    Yes sharps left, entry 0.305 -> 0.295  ret -0.0328
[RESOLVE]   Yes entry 0.128 -> 0  ret -1.0
[RESOLVE] Emiliana Arango entry 0.375 -> 1  ret 1.6667
[report] valid-resolved=80 (40 sub-48h excluded)  hit_rate=0.700  avg_entry_price=0.486  median_ret=+0.448
[VERDICT] SUCCESS (median>0 AND hit_rate>price) ✅
[cycle] +18 entries, 32 closed, 70 still open
[check_stuck] WARNING: 1 stuck position(s) — logged to stuck_alerts.log. Review and run: python3 resolve_stuck.py
=== paper_trader 2026-08-17 (frozen strategy v1.1) ===
[scan] reading current positions of 146 roster traders...
[warn] GET failed after retries: https://data-api.polymarket.com/positions params={'user': '0x204f72f35326db932158cba6adff0b9a1da95e14', 'limit': 500, 'sizeThreshold': 1} err=HTTPSConnectionPool(host='data-api.polymarket.com', port=443): Max retries exceeded with url: /positions?user=0x204f72f35326db932158cba6adff0b9a1da95e14&limit=500&sizeThreshold=1 (Caused by NameResolutionError("<urllib3.connection.HTTPSConnection object at 0x1046fc7d0>: Failed to resolve 'data-api.polymarket.com' ([Errno 8] nodename nor servname provided, or not known)"))
[warn] GET failed after retries: https://data-api.polymarket.com/positions params={'user': '0x1f2dd6d473f3e824cd2f8a89d9c69fb96f6ad0cf', 'limit': 500, 'sizeThreshold': 1} err=HTTPSConnectionPool(host='data-api.polymarket.com', port=443): Max retries exceeded with url: /positions?user=0x1f2dd6d473f3e824cd2f8a89d9c69fb96f6ad0cf&limit=500&sizeThreshold=1 (Caused by NameResolutionError("<urllib3.connection.HTTPSConnection object at 0x1046fd310>: Failed to resolve 'data-api.polymarket.com' ([Errno 8] nodename nor servname provided, or not known)"))
[warn] GET failed after retries: https://data-api.polymarket.com/positions params={'user': '0x2005d16a84ceefa912d4e380cd32e7ff827875ea', 'limit': 500, 'sizeThreshold': 1} err=HTTPSConnectionPool(host='data-api.polymarket.com', port=443): Max retries exceeded with url: /positions?user=0x2005d16a84ceefa912d4e380cd32e7ff827875ea&limit=500&sizeThreshold=1 (Caused by NameResolutionError("<urllib3.connection.HTTPSConnection object at 0x1046fde50>: Failed to resolve 'data-api.polymarket.com' ([Errno 8] nodename nor servname provided, or not known)"))
[warn] GET failed after retries: https://data-api.polymarket.com/positions params={'user': '0x2c335066fe58fe9237c3d3dc7b275c2a034a0563', 'limit': 500, 'sizeThreshold': 1} err=HTTPSConnectionPool(host='data-api.polymarket.com', port=443): Max retries exceeded with url: /positions?user=0x2c335066fe58fe9237c3d3dc7b275c2a034a0563&limit=500&sizeThreshold=1 (Caused by NameResolutionError("<urllib3.connection.HTTPSConnection object at 0x1046fe990>: Failed to resolve 'data-api.polymarket.com' ([Errno 8] nodename nor servname provided, or not known)"))
[warn] GET failed after retries: https://data-api.polymarket.com/positions params={'user': '0xf0318c32136c2db7fec88b84869aee6a1106c80c', 'limit': 500, 'sizeThreshold': 1} err=HTTPSConnectionPool(host='data-api.polymarket.com', port=443): Max retries exceeded with url: /positions?user=0xf0318c32136c2db7fec88b84869aee6a1106c80c&limit=500&sizeThreshold=1 (Caused by NameResolutionError("<urllib3.connection.HTTPSConnection object at 0x1046ff4d0>: Failed to resolve 'data-api.polymarket.com' ([Errno 8] nodename nor servname provided, or not known)"))
[warn] GET failed after retries: https://data-api.polymarket.com/positions params={'user': '0xdc876e6873772d38716fda7f2452a78d426d7ab6', 'limit': 500, 'sizeThreshold': 1} err=HTTPSConnectionPool(host='data-api.polymarket.com', port=443): Max retries exceeded with url: /positions?user=0xdc876e6873772d38716fda7f2452a78d426d7ab6&limit=500&sizeThreshold=1 (Caused by NameResolutionError("<urllib3.connection.HTTPSConnection object at 0x10473c050>: Failed to resolve 'data-api.polymarket.com' ([Errno 8] nodename nor servname provided, or not known)"))
[warn] GET failed after retries: https://data-api.polymarket.com/positions params={'user': '0x507e52ef684ca2dd91f90a9d26d149dd3288beae', 'limit': 500, 'sizeThreshold': 1} err=HTTPSConnectionPool(host='data-api.polymarket.com', port=443): Max retries exceeded with url: /positions?user=0x507e52ef684ca2dd91f90a9d26d149dd3288beae&limit=500&sizeThreshold=1 (Caused by NameResolutionError("<urllib3.connection.HTTPSConnection object at 0x10473cb90>: Failed to resolve 'data-api.polymarket.com' ([Errno 8] nodename nor servname provided, or not known)"))
[warn] GET failed after retries: https://data-api.polymarket.com/positions params={'user': '0xe549581668a5751c1972d3ad2d1991d900bd2d54', 'limit': 500, 'sizeThreshold': 1} err=HTTPSConnectionPool(host='data-api.polymarket.com', port=443): Max retries exceeded with url: /positions?user=0xe549581668a5751c1972d3ad2d1991d900bd2d54&limit=500&sizeThreshold=1 (Caused by NameResolutionError("<urllib3.connection.HTTPSConnection object at 0x10473d6d0>: Failed to resolve 'data-api.polymarket.com' ([Errno 8] nodename nor servname provided, or not known)"))
[warn] GET failed after retries: https://data-api.polymarket.com/positions params={'user': '0x2a2c53bd278c04da9962fcf96490e17f3dfb9bc1', 'limit': 500, 'sizeThreshold': 1} err=HTTPSConnectionPool(host='data-api.polymarket.com', port=443): Max retries exceeded with url: /positions?user=0x2a2c53bd278c04da9962fcf96490e17f3dfb9bc1&limit=500&sizeThreshold=1 (Caused by NameResolutionError("<urllib3.connection.HTTPSConnection object at 0x10461b390>: Failed to resolve 'data-api.polymarket.com' ([Errno 8] nodename nor servname provided, or not known)"))
[warn] GET failed after retries: https://data-api.polymarket.com/positions params={'user': '0xdb27bf2ac5d428a9c63dbc914611036855a6c56e', 'limit': 500, 'sizeThreshold': 1} err=HTTPSConnectionPool(host='data-api.polymarket.com', port=443): Max retries exceeded with url: /positions?user=0xdb27bf2ac5d428a9c63dbc914611036855a6c56e&limit=500&sizeThreshold=1 (Caused by NameResolutionError("<urllib3.connection.HTTPSConnection object at 0x10473c910>: Failed to resolve 'data-api.polymarket.com' ([Errno 8] nodename nor servname provided, or not known)"))
[warn] GET failed after retries: https://data-api.polymarket.com/positions params={'user': '0xf8831548531d56ad6a4331493243c447a827cd1f', 'limit': 500, 'sizeThreshold': 1} err=HTTPSConnectionPool(host='data-api.polymarket.com', port=443): Max retries exceeded with url: /positions?user=0xf8831548531d56ad6a4331493243c447a827cd1f&limit=500&sizeThreshold=1 (Caused by NameResolutionError("<urllib3.connection.HTTPSConnection object at 0x10473dbd0>: Failed to resolve 'data-api.polymarket.com' ([Errno 8] nodename nor servname provided, or not known)"))
[warn] GET failed after retries: https://data-api.polymarket.com/positions params={'user': '0x16b29c50f2439faf627209b2ac0c7bbddaa8a881', 'limit': 500, 'sizeThreshold': 1} err=HTTPSConnectionPool(host='data-api.polymarket.com', port=443): Max retries exceeded with url: /positions?user=0x16b29c50f2439faf627209b2ac0c7bbddaa8a881&limit=500&sizeThreshold=1 (Caused by NameResolutionError("<urllib3.connection.HTTPSConnection object at 0x10473e710>: Failed to resolve 'data-api.polymarket.com' ([Errno 8] nodename nor servname provided, or not known)"))
[warn] GET failed after retries: https://data-api.polymarket.com/positions params={'user': '0x5966db1fe50763c9e3c014d756369bad07e1f804', 'limit': 500, 'sizeThreshold': 1} err=HTTPSConnectionPool(host='data-api.polymarket.com', port=443): Max retries exceeded with url: /positions?user=0x5966db1fe50763c9e3c014d756369bad07e1f804&limit=500&sizeThreshold=1 (Caused by NameResolutionError("<urllib3.connection.HTTPSConnection object at 0x10473f250>: Failed to resolve 'data-api.polymarket.com' ([Errno 8] nodename nor servname provided, or not known)"))
[warn] GET failed after retries: https://data-api.polymarket.com/positions params={'user': '0x076daa87c4fe1a85402a9b6b8e0a866224388d4c', 'limit': 500, 'sizeThreshold': 1} err=HTTPSConnectionPool(host='data-api.polymarket.com', port=443): Max retries exceeded with url: /positions?user=0x076daa87c4fe1a85402a9b6b8e0a866224388d4c&limit=500&sizeThreshold=1 (Caused by NameResolutionError("<urllib3.connection.HTTPSConnection object at 0x10473fd90>: Failed to resolve 'data-api.polymarket.com' ([Errno 8] nodename nor servname provided, or not known)"))
[warn] GET failed after retries: https://data-api.polymarket.com/positions params={'user': '0x9d84ce0306f8551e02efef1680475fc0f1dc1344', 'limit': 500, 'sizeThreshold': 1} err=HTTPSConnectionPool(host='data-api.polymarket.com', port=443): Max retries exceeded with url: /positions?user=0x9d84ce0306f8551e02efef1680475fc0f1dc1344&limit=500&sizeThreshold=1 (Caused by NameResolutionError("<urllib3.connection.HTTPSConnection object at 0x1046ff4d0>: Failed to resolve 'data-api.polymarket.com' ([Errno 8] nodename nor servname provided, or not known)"))
[warn] GET failed after retries: https://data-api.polymarket.com/positions params={'user': '0x17db3fcd93ba12d38382a0cade24b200185c5f6d', 'limit': 500, 'sizeThreshold': 1} err=HTTPSConnectionPool(host='data-api.polymarket.com', port=443): Max retries exceeded with url: /positions?user=0x17db3fcd93ba12d38382a0cade24b200185c5f6d&limit=500&sizeThreshold=1 (Caused by NameResolutionError("<urllib3.connection.HTTPSConnection object at 0x1046fe990>: Failed to resolve 'data-api.polymarket.com' ([Errno 8] nodename nor servname provided, or not known)"))
[warn] GET failed after retries: https://data-api.polymarket.com/positions params={'user': '0xfea31bc088000ff909be1dfd8d0e3f2c7ef2d227', 'limit': 500, 'sizeThreshold': 1} err=HTTPSConnectionPool(host='data-api.polymarket.com', port=443): Max retries exceeded with url: /positions?user=0xfea31bc088000ff909be1dfd8d0e3f2c7ef2d227&limit=500&sizeThreshold=1 (Caused by NameResolutionError("<urllib3.connection.HTTPSConnection object at 0x1046fde50>: Failed to resolve 'data-api.polymarket.com' ([Errno 8] nodename nor servname provided, or not known)"))
[warn] GET failed after retries: https://data-api.polymarket.com/positions params={'user': '0x9495425feeb0c250accb89275c97587011b19a27', 'limit': 500, 'sizeThreshold': 1} err=HTTPSConnectionPool(host='data-api.polymarket.com', port=443): Max retries exceeded with url: /positions?user=0x9495425feeb0c250accb89275c97587011b19a27&limit=500&sizeThreshold=1 (Caused by NameResolutionError("<urllib3.connection.HTTPSConnection object at 0x1046fd310>: Failed to resolve 'data-api.polymarket.com' ([Errno 8] nodename nor servname provided, or not known)"))
[warn] GET failed after retries: https://data-api.polymarket.com/positions params={'user': '0xd38b71f3e8ed1af71983e5c309eac3dfa9b35029', 'limit': 500, 'sizeThreshold': 1} err=HTTPSConnectionPool(host='data-api.polymarket.com', port=443): Max retries exceeded with url: /positions?user=0xd38b71f3e8ed1af71983e5c309eac3dfa9b35029&limit=500&sizeThreshold=1 (Caused by NameResolutionError("<urllib3.connection.HTTPSConnection object at 0x10473f610>: Failed to resolve 'data-api.polymarket.com' ([Errno 8] nodename nor servname provided, or not known)"))
[warn] GET failed after retries: https://data-api.polymarket.com/positions params={'user': '0x343d4466dc323b850e5249394894c7381d91456e', 'limit': 500, 'sizeThreshold': 1} err=HTTPSConnectionPool(host='data-api.polymarket.com', port=443): Max retries exceeded with url: /positions?user=0x343d4466dc323b850e5249394894c7381d91456e&limit=500&sizeThreshold=1 (Caused by NameResolutionError("<urllib3.connection.HTTPSConnection object at 0x10473ead0>: Failed to resolve 'data-api.polymarket.com' ([Errno 8] nodename nor servname provided, or not known)"))
    ...read 20/146 traders
[warn] GET failed after retries: https://data-api.polymarket.com/positions params={'user': '0xbaa2bcb5439e985ce4ccf815b4700027d1b92c73', 'limit': 500, 'sizeThreshold': 1} err=HTTPSConnectionPool(host='data-api.polymarket.com', port=443): Max retries exceeded with url: /positions?user=0xbaa2bcb5439e985ce4ccf815b4700027d1b92c73&limit=500&sizeThreshold=1 (Caused by NameResolutionError("<urllib3.connection.HTTPSConnection object at 0x10473df90>: Failed to resolve 'data-api.polymarket.com' ([Errno 8] nodename nor servname provided, or not known)"))
[warn] GET failed after retries: https://data-api.polymarket.com/positions params={'user': '0x7c1ee865a785de4c00ee90ed86a38489fb8bbab3', 'limit': 500, 'sizeThreshold': 1} err=HTTPSConnectionPool(host='data-api.polymarket.com', port=443): Max retries exceeded with url: /positions?user=0x7c1ee865a785de4c00ee90ed86a38489fb8bbab3&limit=500&sizeThreshold=1 (Caused by NameResolutionError("<urllib3.connection.HTTPSConnection object at 0x10473c550>: Failed to resolve 'data-api.polymarket.com' ([Errno 8] nodename nor servname provided, or not known)"))
[warn] GET failed after retries: https://data-api.polymarket.com/positions params={'user': '0x7fb7ad0d194d7123e711e7db6c9d418fac14e33d', 'limit': 500, 'sizeThreshold': 1} err=HTTPSConnectionPool(host='data-api.polymarket.com', port=443): Max retries exceeded with url: /positions?user=0x7fb7ad0d194d7123e711e7db6c9d418fac14e33d&limit=500&sizeThreshold=1 (Caused by NameResolutionError("<urllib3.connection.HTTPSConnection object at 0x10473d090>: Failed to resolve 'data-api.polymarket.com' ([Errno 8] nodename nor servname provided, or not known)"))
[warn] GET failed after retries: https://data-api.polymarket.com/positions params={'user': '0x44c1dfe43260c94ed4f1d00de2e1f80fb113ebc1', 'limit': 500, 'sizeThreshold': 1} err=HTTPSConnectionPool(host='data-api.polymarket.com', port=443): Max retries exceeded with url: /positions?user=0x44c1dfe43260c94ed4f1d00de2e1f80fb113ebc1&limit=500&sizeThreshold=1 (Caused by NameResolutionError("<urllib3.connection.HTTPSConnection object at 0x10461bd90>: Failed to resolve 'data-api.polymarket.com' ([Errno 8] nodename nor servname provided, or not known)"))
[warn] GET failed after retries: https://data-api.polymarket.com/positions params={'user': '0xa9878e59934ab507f9039bcb917c1bae0451141d', 'limit': 500, 'sizeThreshold': 1} err=HTTPSConnectionPool(host='data-api.polymarket.com', port=443): Max retries exceeded with url: /positions?user=0xa9878e59934ab507f9039bcb917c1bae0451141d&limit=500&sizeThreshold=1 (Caused by NameResolutionError("<urllib3.connection.HTTPSConnection object at 0x104760910>: Failed to resolve 'data-api.polymarket.com' ([Errno 8] nodename nor servname provided, or not known)"))
    ...read 40/146 traders
    ...read 60/146 traders
    ...read 80/146 traders
    ...read 100/146 traders
    ...read 120/146 traders
    ...read 140/146 traders
[ENTRY]   Yes @ 0.295  x2  Will Bitcoin reach $66,000 August 17-23?
[ENTRY]   Yes @ 0.155  x2  Will Bitcoin dip to $62,000 August 17-23?
[ENTRY]    No @ 0.695  x3  China x Philippines military clash before 2027?
[ENTRY]   Yes @ 0.115  x2  Iran charges Hormuz fees by August 31?
[ENTRY]   Yes @ 0.185  x2  Will there be Saudi Arabian military action agains
[ENTRY]    No @ 0.850  x2  Israel x Hamas ceasefire cancelled by December 31?
[ENTRY]    No @ 0.880  x2  Will Israel annex West Bank territory before 2027?
[ENTRY]    No @ 0.130  x2  Will the price of Bitcoin be above $62,000 on Augu
[ENTRY]   Yes @ 0.595  x3  Will Flavio Bolsonaro win the most votes in the ne
[ENTRY]    No @ 0.485  x3  US announces end of Iranian blockade by October 31
[ENTRY]   Yes @ 0.350  x2  Iran full airspace closure by December 31?
[ENTRY]   Yes @ 0.445  x2  Russia-Ukraine peace talks by December 31, 2026?
[ENTRY]    No @ 0.465  x2  Will Mary Peltola win the Alaska Senate race in 20
[ENTRY]   Yes @ 0.695  x3  Israel x Iran ceasefire continues through December
[ENTRY] Juan Bautista Torres @ 0.155  x2  Prague 2: Juan Bautista Torres vs Chun-Hsin Tseng
[ENTRY] Lorenzo Musetti @ 0.735  x2  Cincinnati Open: Jaime Faria vs Lorenzo Musetti
[ENTRY]   Yes @ 0.125  x2  Will RCD Espanyol de Barcelona win on 2026-08-22?
[ENTRY] Marta Kostyuk @ 0.465  x2  Cincinnati Open: Marta Kostyuk vs Mirra Andreeva
[EXIT]     No sharps left, entry 0.795 -> 0.885  ret 0.1132
[RESOLVE]   Yes entry 0.275 -> 0  ret -1.0
[EXIT]     No sharps left, entry 0.785 -> 0.895  ret 0.1401
[EXIT]    Yes sharps left, entry 0.285 -> 0.135  ret -0.5263
[EXIT]    Yes sharps left, entry 0.405 -> 0.165  ret -0.5926
[RESOLVE] Texas Rangers entry 0.505 -> 0  ret -1.0
[RESOLVE] Los Angeles Angels entry 0.155 -> 0  ret -1.0
[RESOLVE] Cleveland Guardians entry 0.285 -> 0  ret -1.0
[EXIT]     No sharps left, entry 0.201 -> 0.303  ret 0.5137
[RESOLVE]   Yes entry 0.595 -> 1  ret 0.6807
[RESOLVE] Learner Tien entry 0.878 -> 1  ret 0.139
[RESOLVE] Anna Blinkova entry 0.355 -> 0  ret -1.0
[RESOLVE] Walton entry 0.385 -> 1  ret 1.5974
[report] valid-resolved=88 (40 sub-48h excluded)  hit_rate=0.670  avg_entry_price=0.481  median_ret=+0.439
[VERDICT] SUCCESS (median>0 AND hit_rate>price) ✅
[cycle] +18 entries, 13 closed, 75 still open
[check_stuck] WARNING: 1 stuck position(s) — logged to stuck_alerts.log. Review and run: python3 resolve_stuck.py
=== paper_trader 2026-08-22 (frozen strategy v1.1) ===
[scan] reading current positions of 146 roster traders...
    ...read 20/146 traders
    ...read 40/146 traders
    ...read 60/146 traders
    ...read 80/146 traders
    ...read 100/146 traders
    ...read 120/146 traders
    ...read 140/146 traders
[ENTRY] Iga Swiatek @ 0.695  x2  Cincinnati Open: Jessica Pegula vs Iga Swiatek
[ENTRY]    No @ 0.374  x3  Will Harry Kane win the 2026 Ballon d'Or?
[ENTRY]   Yes @ 0.155  x2  Russia x Ukraine ceasefire by December 31, 2026?
[ENTRY]   Yes @ 0.871  x2  Will no Fed rate cuts happen in 2026?
[ENTRY]    No @ 0.675  x2  Will Avengers: Doomsday have the best domestic ope
[ENTRY]   Yes @ 0.290  x2  No one announced as next James Bond?
[ENTRY]   Yes @ 0.425  x2  Will Shohei Ohtani win the 2026 National League MV
[ENTRY]   Yes @ 0.325  x2  Will the Los Angeles Dodgers win the 2026 World Se
[ENTRY]   Yes @ 0.115  x3  Iran charges Hormuz fees by September 30?
[ENTRY]    No @ 0.655  x3  Will Bitcoin reach $82,500 in August?
[ENTRY]    No @ 0.835  x2  Will Bitcoin dip to $70,000 in August?
[ENTRY]    No @ 0.410  x3  Will Bitcoin reach $80,000 in August?
[ENTRY]   Yes @ 0.645  x3  Will Luiz Inácio Lula da Silva win the 2026 Brazil
[ENTRY]   Yes @ 0.745  x2  US ceasefire against Iran continues through Septem
[ENTRY]   Yes @ 0.655  x3  US ceasefire against Iran continues through Septem
[ENTRY]    No @ 0.685  x2  Will Trump meet with Kim Jong Un in 2026?
[ENTRY]    No @ 0.796  x2  Will Solana reach $110 in August?
[ENTRY]    No @ 0.815  x2  Will Solana dip to $80 in August?
[ENTRY]    No @ 0.785  x2  Will Anthropic IPO by September 30, 2026?
[ENTRY]   Yes @ 0.560  x2  US ceasefire against Iran continues through Octobe
[ENTRY]   Yes @ 0.740  x2  Will Flavio Bolsonaro win the most votes in the ne
[ENTRY]    No @ 0.515  x2  Will Ronaldo Caiado win the most votes in the next
[ENTRY]    No @ 0.310  x2  Will Ethereum reach $2,750 by December 31, 2026?
[ENTRY]    No @ 0.825  x2  Will Bitcoin reach $85,000 in August?
[ENTRY]    No @ 0.514  x2  Will Ethereum reach $2,600 in August?
[ENTRY]   Yes @ 0.705  x2  Will Real Madrid CF win on 2026-08-26?
[EXIT]    Yes sharps left, entry 0.464 -> 0.625  ret 0.3481
[RESOLVE]   Yes entry 0.490 -> 1  ret 1.0408
[RESOLVE]    No entry 0.865 -> 0  ret -1.0
[RESOLVE]   Yes entry 0.135 -> 0  ret -1.0
[RESOLVE]    No entry 0.825 -> 1  ret 0.2121
[EXIT]     No sharps left, entry 0.310 -> 0.175  ret -0.4355
[EXIT]    Yes sharps left, entry 0.861 -> 0.028  ret -0.9681
[RESOLVE]   Yes entry 0.295 -> 1  ret 2.3898
[RESOLVE]   Yes entry 0.155 -> 0  ret -1.0
[RESOLVE]    No entry 0.130 -> 0  ret -1.0
[RESOLVE] Juan Bautista Torres entry 0.155 -> 0  ret -1.0
[RESOLVE] Lorenzo Musetti entry 0.735 -> 1  ret 0.3605
[RESOLVE] Marta Kostyuk entry 0.465 -> 1  ret 1.1505
[report] valid-resolved=98 (40 sub-48h excluded)  hit_rate=0.653  avg_entry_price=0.475  median_ret=+0.419
[VERDICT] SUCCESS (median>0 AND hit_rate>price) ✅
[cycle] +26 entries, 13 closed, 88 still open
[check_stuck] WARNING: 2 stuck position(s) — logged to stuck_alerts.log. Review and run: python3 resolve_stuck.py
=== paper_trader 2026-08-23 (frozen strategy v1.1) ===
[scan] reading current positions of 146 roster traders...
    ...read 20/146 traders
    ...read 40/146 traders
    ...read 60/146 traders
    ...read 80/146 traders
=== paper_trader 2026-08-24 (frozen strategy v1.1) ===
[scan] reading current positions of 146 roster traders...
    ...read 20/146 traders
    ...read 40/146 traders
    ...read 60/146 traders
    ...read 80/146 traders
    ...read 100/146 traders
    ...read 120/146 traders
    ...read 140/146 traders
[ENTRY]    No @ 0.905  x2  Will VfB Stuttgart win on 2026-08-28?
[ENTRY]    No @ 0.545  x2  Will Tianjin Jinmen Hu FC win on 2026-07-12?
[ENTRY]    No @ 0.545  x2  Will Racing Club de Lens win on 2026-08-29?
[ENTRY]   Yes @ 0.230  x2  Will the total domestic gross for Spider-Man: Bran
[ENTRY]    No @ 0.905  x3  Delcy Rodríguez out as leader of Venezuela by Dece
[ENTRY]    No @ 0.320  x2  Will Bitcoin reach $85,000 by December 31, 2026?
[ENTRY]   Yes @ 0.757  x3  Will no qualifying diplomatic US-Iran meeting occu
[ENTRY]    No @ 0.810  x2  Trump tries to fire Lisa Cook by September 30?
[ENTRY]   Yes @ 0.275  x2  Mojtaba Khamenei seen in public by December 31?
[ENTRY]    No @ 0.815  x2  Will the price of Ethereum be above $2,600 on Augu
[ENTRY]    No @ 0.765  x2  Will Bitcoin reach $100,000 by December 31, 2026?
[EXIT]     No sharps left, entry 0.860 -> 0.875  ret 0.0174
[RESOLVE]    No entry 0.585 -> 1  ret 0.7094
[RESOLVE]   Yes entry 0.125 -> 0  ret -1.0
[RESOLVE] Iga Swiatek entry 0.695 -> 0  ret -1.0
[EXIT]    Yes sharps left, entry 0.705 -> 0.705  ret 0.0
[report] valid-resolved=101 (40 sub-48h excluded)  hit_rate=0.644  avg_entry_price=0.475  median_ret=+0.360
[VERDICT] SUCCESS (median>0 AND hit_rate>price) ✅
[cycle] +11 entries, 5 closed, 94 still open
[check_stuck] WARNING: 1 stuck position(s) — logged to stuck_alerts.log. Review and run: python3 resolve_stuck.py
=== paper_trader 2026-08-25 (frozen strategy v1.1) ===
[scan] reading current positions of 146 roster traders...
    ...read 20/146 traders
    ...read 40/146 traders
    ...read 60/146 traders
    ...read 80/146 traders
    ...read 100/146 traders
    ...read 120/146 traders
    ...read 140/146 traders
[ENTRY] Rio Noguchi @ 0.285  x3  US Open, Qualification ATP: Yunchaokete Bu vs Rio 
[ENTRY]    No @ 0.665  x2  Will Brentford FC win on 2026-08-30?
[ENTRY]    No @ 0.365  x2  Will Arsenal FC win on 2026-08-31?
[ENTRY] Aston Villa FC @ 0.635  x2  Spread: Arsenal FC (-1.5)
[ENTRY]    No @ 0.245  x2  Will FC Bayern München win on 2026-08-28?
[ENTRY] Haruka Kaji @ 0.660  x2  ITF W50 Kursumlijska Banja Women: Haruka Kaji vs A
[ENTRY] Lorenzo Giustino @ 0.115  x2  US Open, Qualification ATP: Lorenzo Giustino vs Gr
[ENTRY] Laura Samson @ 0.615  x2  US Open, Qualification WTA: Laura Samson vs Tamara
[ENTRY] Botic van de Zandschulp @ 0.595  x2  Winston-Salem Open: Botic van de Zandschulp vs Ado
[ENTRY] Michael Mmoh @ 0.435  x3  US Open, Qualification ATP: Henrique Rocha vs Mich
[ENTRY] Gilles Arnaud Bailly @ 0.435  x2  US Open, Qualification ATP: Timofey Skatov vs Gill
[ENTRY]    No @ 0.795  x2  Will Hull City AFC win on 2026-08-29?
[ENTRY] Juan Manuel La Serna @ 0.450  x2  Augsburg: Benjamin Hassan vs Juan Manuel La Serna
[ENTRY] Daniel Milavsky @ 0.415  x2  US Open, Qualification ATP: Shintaro Mochizuki vs 
[ENTRY]    No @ 0.815  x2  Will Bitcoin reach $87,500 in August?
[ENTRY]   Yes @ 0.125  x2  Will Bitcoin dip to $72,500 in August?
[ENTRY]    No @ 0.896  x2  Will Bitcoin reach $90,000 in August?
[ENTRY]    No @ 0.900  x2  Will Iran target Jordan by August 31, 2026?
[ENTRY]    No @ 0.862  x2  Will Solana reach $120 in August?
[ENTRY]   Yes @ 0.370  x2  Will Anthropic have the highest IPO Market Cap 202
[RESOLVE]    No entry 0.410 -> 0  ret -1.0
[EXIT]     No sharps left, entry 0.815 -> 0.939  ret 0.1521
[EXIT]     No sharps left, entry 0.905 -> 0.895  ret -0.011
[EXIT]     No sharps left, entry 0.320 -> 0.245  ret -0.2344
[EXIT]     No sharps left, entry 0.815 -> 0.745  ret -0.0859
[report] valid-resolved=102 (40 sub-48h excluded)  hit_rate=0.637  avg_entry_price=0.475  median_ret=+0.360
[VERDICT] SUCCESS (median>0 AND hit_rate>price) ✅
[cycle] +20 entries, 5 closed, 109 still open
[check_stuck] WARNING: 1 stuck position(s) — logged to stuck_alerts.log. Review and run: python3 resolve_stuck.py
=== paper_trader 2026-08-26 (frozen strategy v1.1) ===
[scan] reading current positions of 146 roster traders...
    ...read 20/146 traders
    ...read 40/146 traders
    ...read 60/146 traders
    ...read 80/146 traders
    ...read 100/146 traders
    ...read 120/146 traders
    ...read 140/146 traders
[ENTRY] Nikola Bartunkova @ 0.515  x3  Monterrey Open: Nikola Bartunkova vs Anastasia Pot
[ENTRY] Under @ 0.435  x2  Tottenham Hotspur FC vs. Newcastle United FC: O/U 
[ENTRY]    No @ 0.495  x2  Will Chelsea FC win on 2026-08-30?
[ENTRY] Tahlia Kokkinis @ 0.245  x2  ITF W50 Kursumlijska Banja Women: Lea Boskovic vs 
[ENTRY]   Yes @ 0.465  x2  Will Club Atlético de Madrid win on 2026-08-29?
[ENTRY]    No @ 0.695  x2  Will Newcastle United FC win on 2026-08-29?
[ENTRY]    No @ 0.355  x2  Will Liverpool FC win on 2026-08-29?
[ENTRY] Hamburger SV @ 0.505  x2  Spread: BV Borussia 09 Dortmund (-1.5)
[ENTRY] Elena Pridankina @ 0.565  x2  US Open, Qualification WTA: Elena Pridankina vs Re
[ENTRY] Juan Estevez @ 0.400  x2  Augsburg: Juan Estevez vs Benito Sanchez Martinez
[ENTRY]    No @ 0.765  x2  Will Chelsea FC vs. Brighton & Hove Albion FC end 
[ENTRY] Los Angeles Angels @ 0.445  x2  Cleveland Guardians vs. Los Angeles Angels
[ENTRY] Cincinnati Reds @ 0.495  x2  Cincinnati Reds vs. San Francisco Giants
[ENTRY]   Yes @ 0.435  x2  Another GTA VI trailer released by August 31?
[ENTRY]   Yes @ 0.530  x2  Iran-Oman Hormuz Agreement by September 30?
[ENTRY]    No @ 0.825  x2  Will Solana reach $160 by December 31, 2026?
[ENTRY]    No @ 0.775  x4  Will WTI Crude Oil (WTI) hit (LOW) $75 in August?
[ENTRY]    No @ 0.235  x2  Will OpenAI’s Astra model be released by September
[ENTRY]    No @ 0.905  x2  Will Ethereum dip to $2,200 in August?
[ENTRY] Boluda @ 0.485  x2  Set Handicap: Watson (-1.5) vs Boluda (+1.5)
[RESOLVE]   Yes entry 0.484 -> 1  ret 1.067
[RESOLVE]    No entry 0.845 -> 1  ret 0.1834
[RESOLVE]    No entry 0.910 -> 1  ret 0.0989
[RESOLVE]    No entry 0.882 -> 1  ret 0.1331
[RESOLVE] Rio Noguchi entry 0.285 -> 0  ret -1.0
[RESOLVE] Haruka Kaji entry 0.660 -> 1  ret 0.5152
[RESOLVE] Lorenzo Giustino entry 0.115 -> 0  ret -1.0
[RESOLVE] Laura Samson entry 0.615 -> 0  ret -1.0
[RESOLVE] Botic van de Zandschulp entry 0.595 -> 1  ret 0.6807
[RESOLVE] Michael Mmoh entry 0.435 -> 0  ret -1.0
[RESOLVE] Gilles Arnaud Bailly entry 0.435 -> 0  ret -1.0
[RESOLVE] Juan Manuel La Serna entry 0.450 -> 1  ret 1.2222
[RESOLVE] Daniel Milavsky entry 0.415 -> 0  ret -1.0
[EXIT]     No sharps left, entry 0.815 -> 0.905  ret 0.1104
[EXIT]    Yes sharps left, entry 0.370 -> 0.508  ret 0.373
[report] valid-resolved=106 (49 sub-48h excluded)  hit_rate=0.651  avg_entry_price=0.486  median_ret=+0.360
[VERDICT] SUCCESS (median>0 AND hit_rate>price) ✅
[cycle] +20 entries, 15 closed, 114 still open
[check_stuck] WARNING: 1 stuck position(s) — logged to stuck_alerts.log. Review and run: python3 resolve_stuck.py
=== paper_trader 2026-08-27 (frozen strategy v1.1) ===
[scan] reading current positions of 146 roster traders...
    ...read 20/146 traders
    ...read 40/146 traders
    ...read 60/146 traders
    ...read 80/146 traders
    ...read 100/146 traders
    ...read 120/146 traders
    ...read 140/146 traders
[ENTRY]    No @ 0.135  x2  Will Real Madrid CF win on 2026-08-30?
[ENTRY] Under @ 0.505  x2  Real Madrid CF vs. Málaga CF: O/U 3.5
[ENTRY]    No @ 0.895  x3  Bitcoin all time high by December 31, 2026?
[ENTRY]   Yes @ 0.245  x2  US announces end of Iranian blockade by September 
[ENTRY] New York Mets @ 0.365  x2  Milwaukee Brewers vs. New York Mets
[ENTRY]    No @ 0.845  x2  UNSC Resolution Endorsing Final U.S.-Iran Deal by 
[ENTRY]    No @ 0.855  x2  US-Iran Hormuz Agreement by September 30?
[ENTRY] Pablo Llamas Ruiz @ 0.395  x2  US Open, Qualification ATP: Lloyd Harris vs Pablo 
[RESOLVE]    No entry 0.365 -> 1  ret 1.7397
[EXIT]    Yes sharps left, entry 0.290 -> 0.186  ret -0.358
[RESOLVE]    No entry 0.835 -> 1  ret 0.1976
[EXIT]  Aston Villa FC sharps left, entry 0.635 -> 0.615  ret -0.0315
[EXIT]    Yes sharps left, entry 0.125 -> 0.041  ret -0.676
[RESOLVE] Nikola Bartunkova entry 0.515 -> 1  ret 0.9417
[EXIT]  Under sharps left, entry 0.435 -> 0.405  ret -0.069
[RESOLVE] Tahlia Kokkinis entry 0.245 -> 0  ret -1.0
[EXIT]    Yes sharps left, entry 0.465 -> 0.455  ret -0.0215
[RESOLVE] Elena Pridankina entry 0.565 -> 1  ret 0.7699
[RESOLVE] Juan Estevez entry 0.400 -> 0  ret -1.0
[RESOLVE] Los Angeles Angels entry 0.445 -> 0  ret -1.0
[RESOLVE] Cincinnati Reds entry 0.495 -> 1  ret 1.0202
[EXIT]     No sharps left, entry 0.905 -> 0.954  ret 0.0536
[RESOLVE] Boluda entry 0.485 -> 1  ret 1.0619
[report] valid-resolved=108 (56 sub-48h excluded)  hit_rate=0.657  avg_entry_price=0.488  median_ret=+0.360
[VERDICT] SUCCESS (median>0 AND hit_rate>price) ✅
[cycle] +8 entries, 15 closed, 107 still open
[check_stuck] WARNING: 3 stuck position(s) — logged to stuck_alerts.log. Review and run: python3 resolve_stuck.py
=== paper_trader 2026-08-28 (frozen strategy v1.1) ===
[scan] reading current positions of 146 roster traders...
    ...read 20/146 traders
    ...read 40/146 traders
    ...read 60/146 traders
    ...read 80/146 traders
    ...read 100/146 traders
    ...read 120/146 traders
    ...read 140/146 traders
[ENTRY] Casper Ruud @ 0.685  x2  US Open ATP: Juan Manuel Cerundolo vs Casper Ruud
[ENTRY]   Yes @ 0.465  x2  Will Spider-Man: Brand New Day have the best domes
[ENTRY]   Yes @ 0.335  x2  Will another country leave OPEC in 2026?
[ENTRY]    No @ 0.708  x2  Will Bitcoin dip to $75,000 in August?
[ENTRY]    No @ 0.715  x2  Will Bitcoin dip to $60,000 by December 31, 2026?
[ENTRY]    No @ 0.505  x2  Will STRC hit $100 by September 30?
[ENTRY]   Yes @ 0.795  x2  Will Sergio Moro win the Governor of Paraná electi
[ENTRY]   Yes @ 0.845  x2  Will Flavio Bolsonaro win the most votes in the ne
[ENTRY]    No @ 0.715  x2  Will GPT-6 be released by September 30, 2026?
[ENTRY]    No @ 0.340  x2  Will Ethereum dip to $2,400 in August?
[ENTRY]    No @ 0.864  x2  Will Ethereum dip to $2,300 in August?
[ENTRY]    No @ 0.840  x2  Will WTI Crude Oil (WTI) hit (HIGH) $100 in Septem
[ENTRY] Ignacio Buse @ 0.455  x2  Winston-Salem Open: Ignacio Buse vs Benjamin Bonzi
[RESOLVE]    No entry 0.796 -> 0  ret -1.0
[RESOLVE]    No entry 0.245 -> 0  ret -1.0
[RESOLVE]    No entry 0.896 -> 1  ret 0.1161
[EXIT]     No sharps left, entry 0.355 -> 0.355  ret 0.0
[EXIT]    Yes sharps left, entry 0.435 -> 0.025  ret -0.9414
[RESOLVE] New York Mets entry 0.365 -> 0  ret -1.0
[RESOLVE] Pablo Llamas Ruiz entry 0.395 -> 0  ret -1.0
[report] valid-resolved=111 (58 sub-48h excluded)  hit_rate=0.649  avg_entry_price=0.493  median_ret=+0.325
[VERDICT] SUCCESS (median>0 AND hit_rate>price) ✅
[cycle] +13 entries, 7 closed, 113 still open
[check_stuck] WARNING: 6 stuck position(s) — logged to stuck_alerts.log. Review and run: python3 resolve_stuck.py
